date,h00922,spread,s2_score,signal_used,nav,cash,shares,position,exposure,trade_action
2014-07-11,2909.97,0.7703000000000007,0.8690476190476191,0.8690476190476191,100000.0,19999.999999999996,27.491692354216713,0.8,0.8,NONE
2014-07-14,2960.4,0.9594999999999994,0.9723320158102768,,101386.40604542317,19999.999999999996,27.491692354216713,0.8,0.8027348953365642,NONE
2014-07-15,2966.9,0.9169,0.9645669291338582,,101565.10204572557,19999.999999999996,27.491692354216713,0.8,0.8030819681449657,NONE
2014-07-16,2953.69,0.8464999999999998,0.9215686274509804,,101201.93678972636,19999.999999999996,27.491692354216713,0.8,0.8023753236901457,NONE
2014-07-17,2939.94,1.0438,0.98046875,,100823.92601985589,19999.999999999996,27.491692354216713,0.8,0.8016343859089431,NONE
2014-07-18,2953.04,1.1142000000000003,0.980544747081712,,101184.06718969613,19999.999999999996,27.491692354216713,0.8,0.8023404222079278,NONE
2014-07-21,2944.22,1.1368999999999998,0.9844961240310076,,100941.59046313193,19999.999999999996,27.491692354216713,0.8,0.8018656144782578,NONE
2014-07-22,2995.74,1.0812,0.972972972972973,,102357.96245322117,19999.999999999996,27.491692354216713,0.8,0.8046072868132732,NONE
2014-07-23,2994.99,1.0366999999999995,0.9653846153846154,,102337.3436839555,19999.999999999996,27.491692354216713,0.8,0.8045679193925022,NONE
2014-07-24,3031.37,0.9116,0.942528735632184,,103337.49145180192,19999.999999999996,27.491692354216713,0.8,0.8064594009490903,NONE
2014-07-25,3068.14,0.9005000000000001,0.9389312977099236,,104348.36097966647,19999.999999999996,27.491692354216713,0.8,0.8083343158221983,NONE
2014-07-28,3136.03,0.7808000000000002,0.8365019011406845,,106214.77197359425,19999.999999999996,27.491692354216713,0.8,0.8117022742846716,NONE
2014-07-29,3169.33,0.8334000000000001,0.8825757575757576,,107130.24532898965,19999.999999999996,27.491692354216713,0.8,0.8133113581642479,NONE
2014-07-30,3156.19,0.8216000000000001,0.8679245283018868,,106769.00449145526,19999.999999999996,27.491692354216713,0.8,0.8126797182828411,NONE
2014-07-31,3191.15,0.7787999999999995,0.8270676691729323,,107730.11405615867,19999.999999999996,27.491692354216713,0.8,0.8143508880945378,NONE
2014-08-01,3167.4,0.8066000000000004,0.8539325842696629,0.8270676691729323,107077.18636274603,21415.437272549196,27.044815650122125,0.8,0.8,SELL
2014-08-04,3218.88,0.7352999999999996,0.7910447761194029,,108469.4534724143,21415.437272549196,27.044815650122125,0.8,0.8025671137174529,NONE
2014-08-05,3218.35,0.7500999999999998,0.8029739776951673,,108455.11972011974,21415.437272549196,27.044815650122125,0.8,0.8025410203979851,NONE
2014-08-06,3227.71,0.7826000000000004,0.8296296296296296,,108708.25919460488,21415.437272549196,27.044815650122125,0.8,0.8030008259610505,NONE
2014-08-07,3186.96,0.8513999999999999,0.9003690036900369,,107606.18295686241,21415.437272549196,27.044815650122125,0.8,0.8009832085472792,NONE
2014-08-08,3198.3,0.8198999999999996,0.8639705882352942,,107912.8711663348,21415.437272549196,27.044815650122125,0.8,0.8015488139543626,NONE
2014-08-11,3254.45,0.7340999999999998,0.7728937728937729,,109431.43756508915,21415.437272549196,27.044815650122125,0.8,0.8043026962904382,NONE
2014-08-12,3257.77,0.7551999999999994,0.7956204379562044,,109521.22635304755,21415.437272549196,27.044815650122125,0.8,0.8044631348126491,NONE
2014-08-13,3264.39,0.7888000000000002,0.8254545454545454,,109700.26303265136,21415.437272549196,27.044815650122125,0.8,0.8047822614046507,NONE
2014-08-14,3238.84,0.8674,0.9130434782608696,,109009.26799279074,21415.437272549196,27.044815650122125,0.8,0.8035448025027974,NONE
2014-08-15,3265.52,0.8696000000000002,0.9133574007220217,,109730.823674336,21415.437272549196,27.044815650122125,0.8,0.8048366306252573,NONE
2014-08-18,3290.46,0.8400999999999996,0.8812949640287769,,110405.32137665004,21415.437272549196,27.044815650122125,0.8,0.8060289394974904,NONE
2014-08-19,3290.69,0.8079999999999998,0.8458781362007168,,110411.54168424958,21415.437272549196,27.044815650122125,0.8,0.8060398673374909,NONE
2014-08-20,3274.93,0.8460999999999999,0.8892857142857142,,109985.31538960364,21415.437272549196,27.044815650122125,0.8,0.8052882132793021,NONE
2014-08-21,3248.19,0.8607000000000005,0.9039145907473308,,109262.13701911939,21415.437272549196,27.044815650122125,0.8,0.8039994653518282,NONE
2014-08-22,3261.88,0.8369999999999997,0.8723404255319149,,109632.38054536955,21415.437272549196,27.044815650122125,0.8,0.8046613859334489,NONE
2014-08-25,3239.59,0.8580000000000005,0.901060070671378,,109029.55160452834,21415.437272549196,27.044815650122125,0.8,0.8035813505844066,NONE
2014-08-26,3208.34,0.8853,0.926056338028169,,108184.40111546202,21415.437272549196,27.044815650122125,0.8,0.8020469027721183,NONE
2014-08-27,3210.42,0.9036999999999996,0.9438596491228072,,108240.65433201427,21415.437272549196,27.044815650122125,0.8,0.8021497799998502,NONE
2014-08-28,3179.46,0.9410000000000008,0.951048951048951,,107403.34683948649,21415.437272549196,27.044815650122125,0.8,0.8006073562627949,NONE
2014-08-29,3220.52,0.8898999999999999,0.9198606271777005,,108513.8069700805,21415.437272549196,27.044815650122125,0.8,0.8026478116424957,NONE
2014-09-01,3255.14,0.8688000000000002,0.8993055555555556,0.9198606271777005,109450.09848788772,0.0,33.6237760857867,1.0,1.0,BUY
2014-09-02,3298.23,0.8065000000000007,0.8096885813148789,,110898.94699942427,0.0,33.6237760857867,1.0,1.0,NONE
2014-09-03,3323.07,0.7360999999999995,0.7379310344827587,,111734.16159739521,0.0,33.6237760857867,1.0,1.0,NONE
2014-09-04,3344.18,0.6888000000000005,0.6701030927835051,,112443.95951056617,0.0,33.6237760857867,1.0,1.0,NONE
2014-09-05,3369.66,0.6377000000000006,0.636986301369863,,113300.69332523202,0.0,33.6237760857867,1.0,1.0,NONE
2014-09-09,3379.61,0.6619999999999999,0.6518771331058021,,113635.2498972856,0.0,33.6237760857867,1.0,1.0,NONE
2014-09-10,3369.56,0.6429999999999998,0.6394557823129252,,113297.33094762344,0.0,33.6237760857867,1.0,1.0,NONE
2014-09-11,3359.04,0.6575999999999995,0.6474576271186441,,112943.60882320096,0.0,33.6237760857867,1.0,1.0,NONE
2014-09-12,3380.87,0.1765999999999996,0.1452702702702702,,113677.61585515368,0.0,33.6237760857867,1.0,1.0,NONE
2014-09-15,3397.93,0.2016,0.1582491582491582,,114251.2374751772,0.0,33.6237760857867,1.0,1.0,NONE
2014-09-16,3326.08,0.2365000000000003,0.1812080536912751,,111835.36916341343,0.0,33.6237760857867,1.0,1.0,NONE
2014-09-17,3336.48,0.2942999999999998,0.2675585284280936,,112185.05643470562,0.0,33.6237760857867,1.0,1.0,NONE
2014-09-18,3353.65,0.3357000000000001,0.2966666666666667,,112762.37667009857,0.0,33.6237760857867,1.0,1.0,NONE
2014-09-19,3380.98,0.8216000000000001,0.840531561461794,,113681.31447052312,0.0,33.6237760857867,1.0,1.0,NONE
2014-09-22,3329.34,0.9349999999999996,0.9503311258278144,,111944.98267345311,0.0,33.6237760857867,1.0,1.0,NONE
2014-09-23,3357.16,0.9327,0.9471947194719472,,112880.39612415968,0.0,33.6237760857867,1.0,1.0,NONE
2014-09-24,3408.05,0.9358999999999992,0.950657894736842,,114591.51008916537,0.0,33.6237760857867,1.0,1.0,NONE
2014-09-25,3406.15,0.9757999999999996,0.960655737704918,,114527.62491460238,0.0,33.6237760857867,1.0,1.0,NONE
2014-09-26,3410.21,0.9714999999999998,0.9575163398692812,,114664.13744551067,0.0,33.6237760857867,1.0,1.0,NONE
2014-09-29,3437.4,0.9838,0.9609120521172638,,115578.3679172832,0.0,33.6237760857867,1.0,1.0,NONE
2014-09-30,3441.87,0.9951,0.961038961038961,,115728.66619638666,0.0,33.6237760857867,1.0,1.0,NONE
2014-10-08,3467.38,0.9689,0.948220064724919,0.961038961038961,116586.4087243351,0.0,33.6237760857867,1.0,1.0,NONE
2014-10-09,3483.02,0.9525999999999994,0.9387096774193548,,117112.2845823168,0.0,33.6237760857867,1.0,1.0,NONE
2014-10-10,3462.59,0.9660000000000002,0.945337620578778,,116425.35083688419,0.0,33.6237760857867,1.0,1.0,NONE
2014-10-13,3445.25,1.0191000000000003,0.9647435897435898,,115842.31455955663,0.0,33.6237760857867,1.0,1.0,NONE
2014-10-14,3434.67,1.1203999999999996,0.9808306709265175,,115486.57500856901,0.0,33.6237760857867,1.0,1.0,NONE
2014-10-15,3457.96,1.1731000000000005,0.9904458598726116,,116269.67275360698,0.0,33.6237760857867,1.0,1.0,NONE
2014-10-16,3425.16,1.1853000000000002,0.9904761904761904,,115166.81289799318,0.0,33.6237760857867,1.0,1.0,NONE
2014-10-17,3401.14,1.2104,0.9968354430379748,,114359.16979641258,0.0,33.6237760857867,1.0,1.0,NONE
2014-10-20,3431.21,1.2578999999999998,1.0,,115370.23674331218,0.0,33.6237760857867,1.0,1.0,NONE
2014-10-21,3401.42,1.2950000000000004,1.0,,114368.58445371661,0.0,33.6237760857867,1.0,1.0,NONE
2014-10-22,3372.66,1.2433999999999998,0.9937304075235108,,113401.56465348937,0.0,33.6237760857867,1.0,1.0,NONE
2014-10-23,3333.2,1.2539000000000002,0.99375,,112074.77044914423,0.0,33.6237760857867,1.0,1.0,NONE
2014-10-24,3335.43,1.2714000000000003,0.9968847352024922,,112149.75146981553,0.0,33.6237760857867,1.0,1.0,NONE
2014-10-27,3327.3,1.3461,1.0,,111876.3901702381,0.0,33.6237760857867,1.0,1.0,NONE
2014-10-28,3402.84,1.3029000000000002,0.9969040247678018,,114416.33021575843,0.0,33.6237760857867,1.0,1.0,NONE
2014-10-29,3463.17,1.2633,0.9876543209876544,,116444.85262701394,0.0,33.6237760857867,1.0,1.0,NONE
2014-10-30,3493.88,1.158,0.9569230769230768,,117477.43879060844,0.0,33.6237760857867,1.0,1.0,NONE
2014-10-31,3523.71,1.0764999999999998,0.9355828220858896,,118480.43603124746,0.0,33.6237760857867,1.0,1.0,NONE
2014-11-03,3553.31,1.1407000000000005,0.9510703363914372,0.9355828220858896,119475.69980338674,0.0,33.6237760857867,1.0,1.0,NONE
2014-11-04,3551.39,1.198,0.9664634146341464,,119411.14215330203,0.0,33.6237760857867,1.0,1.0,NONE
2014-11-05,3542.41,1.2542999999999995,0.9817629179331308,,119109.20064405167,0.0,33.6237760857867,1.0,1.0,NONE
2014-11-06,3561.52,1.2398999999999996,0.9727272727272728,,119751.75100505105,0.0,33.6237760857867,1.0,1.0,NONE
2014-11-07,3545.03,1.3038000000000003,0.9969788519637462,,119197.29493739644,0.0,33.6237760857867,1.0,1.0,NONE
2014-11-10,3624.07,1.2334999999999998,0.966867469879518,,121854.91819921702,0.0,33.6237760857867,1.0,1.0,NONE
2014-11-11,3567.9,1.1592000000000002,0.9429429429429428,,119966.27069647837,0.0,33.6237760857867,1.0,1.0,NONE
2014-11-12,3624.1,1.0972,0.9191616766467066,,121855.92691249958,0.0,33.6237760857867,1.0,1.0,NONE
2014-11-13,3604.18,1.0645000000000002,0.9104477611940298,,121186.14129287071,0.0,33.6237760857867,1.0,1.0,NONE
2014-11-14,3588.52,1.0209000000000006,0.8988095238095238,,120659.59295936729,0.0,33.6237760857867,1.0,1.0,NONE
2014-11-17,3598.29,1.0399000000000005,0.9050445103857568,,120988.09725172543,0.0,33.6237760857867,1.0,1.0,NONE
2014-11-18,3583.04,1.1568999999999994,0.9378698224852072,,120475.33466641718,0.0,33.6237760857867,1.0,1.0,NONE
2014-11-19,3568.24,1.1711999999999998,0.943952802359882,,119977.70278034754,0.0,33.6237760857867,1.0,1.0,NONE
2014-11-20,3569.82,1.1334999999999995,0.9205882352941176,,120030.8283465631,0.0,33.6237760857867,1.0,1.0,NONE
2014-11-21,3617.29,1.0731999999999997,0.9032258064516128,,121626.94899735537,0.0,33.6237760857867,1.0,1.0,NONE
2014-11-24,3679.68,1.1945999999999994,0.953216374269006,,123724.7363873476,0.0,33.6237760857867,1.0,1.0,NONE
2014-11-25,3744.25,1.0886999999999998,0.9067055393586004,,125895.82360920685,0.0,33.6237760857867,1.0,1.0,NONE
2014-11-26,3770.33,1.0173999999999994,0.875,,126772.73168952417,0.0,33.6237760857867,1.0,1.0,NONE
2014-11-27,3782.99,0.9783999999999996,0.863768115942029,,127198.40869477023,0.0,33.6237760857867,1.0,1.0,NONE
2014-11-28,3827.5,0.8134999999999999,0.7196531791907514,,128695.0029683486,0.0,33.6237760857867,1.0,1.0,NONE
2014-12-01,3842.63,0.8184000000000005,0.723342939481268,0.7196531791907514,129203.73070052656,51681.49228021063,20.17426565147202,0.6,0.6,SELL
2014-12-02,3926.86,0.6149000000000004,0.5344827586206896,,130903.00909635004,51681.49228021063,20.17426565147202,0.6,0.6051924807765808,NONE
2014-12-03,3969.51,0.5595999999999997,0.4813753581661891,,131763.44152638532,51681.49228021063,20.17426565147202,0.6,0.6077706252848479,NONE
2014-12-04,4102.78,0.2867000000000002,0.2171428571428571,,134452.065909757,51681.49228021063,20.17426565147202,0.6,0.6156139964788733,NONE
2014-12-05,4070.52,0.0100999999999999,0.0769230769230769,,133801.24409984052,51681.49228021063,20.17426565147202,0.6,0.6137443068791897,NONE
2014-12-08,4174.02,-0.0876999999999998,0.0568181818181818,,135889.2805947679,51681.49228021063,20.17426565147202,0.6,0.6196794033053368,NONE
2014-12-09,4018.57,0.2219999999999999,0.1501416430594901,,132753.19099924655,51681.49228021063,20.17426565147202,0.6,0.6106949151941369,NONE
2014-12-10,4189.02,0.1629,0.1242937853107344,,136191.89457953995,51681.49228021063,20.17426565147202,0.6,0.6205244633701226,NONE
2014-12-11,4222.62,0.1950999999999996,0.1408450704225352,,136869.7499054294,51681.49228021063,20.17426565147202,0.6,0.6224038378391126,NONE
2014-12-12,4243.98,0.1713999999999997,0.1264044943820224,,137300.67221974483,51681.49228021063,20.17426565147202,0.6,0.6235889348196618,NONE
2014-12-15,4279.45,0.3450000000000002,0.2801120448179272,,138016.25342240254,51681.49228021063,20.17426565147202,0.6,0.6255405359973221,NONE
2014-12-16,4345.43,0.2538,0.1983240223463687,,139347.3514700867,51681.49228021063,20.17426565147202,0.6,0.6291175129273631,NONE
2014-12-17,4381.72,0.1282000000000001,0.1030640668523676,,140079.4755705786,51681.49228021063,20.17426565147202,0.6,0.6310559268608122,NONE
2014-12-18,4384.17,0.1334999999999997,0.1083333333333333,,140128.9025214247,51681.49228021063,20.17426565147202,0.6,0.6311860626161052,NONE
2014-12-19,4482.98,0.0731999999999999,0.0886426592797784,,142122.32171044667,51681.49228021063,20.17426565147202,0.6,0.6363590767571045,NONE
2014-12-22,4503.01,-0.0553999999999996,0.0635359116022099,,142526.41225144564,51681.49228021063,20.17426565147202,0.6,0.6373900706275134,NONE
2014-12-23,4361.32,0.1498999999999997,0.1267217630853994,,139667.92055128858,51681.49228021063,20.17426565147202,0.6,0.6299687710949182,NONE
2014-12-24,4288.27,0.3516999999999997,0.2939560439560439,,138194.19044544856,51681.49228021063,20.17426565147202,0.6,0.6260226850808781,NONE
2014-12-25,4417.27,0.1730999999999998,0.1397260273972602,,140796.67071448843,51681.49228021063,20.17426565147202,0.6,0.6329352674466867,NONE
2014-12-26,4495.25,0.0556999999999998,0.0846994535519125,,142369.85994999023,51681.49228021063,20.17426565147202,0.6,0.6369913386276799,NONE
2014-12-29,4476.85,0.0504999999999999,0.0844686648501362,,141998.65346200316,51681.49228021063,20.17426565147202,0.6,0.6360423777255051,NONE
2014-12-30,4429.48,0.0049999999999998,0.0788043478260869,,141042.9984980929,51681.49228021063,20.17426565147202,0.6,0.6335763360780405,NONE
2014-12-31,4515.57,-0.1024000000000002,0.05420054200542,,142779.80102802813,51681.49228021063,20.17426565147202,0.6,0.6380335880278655,NONE
2015-01-05,4690.37,-0.2765000000000004,0.0378378378378378,0.05420054200542,146306.26266390545,146306.26266390545,0.0,0.0,0.0,SELL
2015-01-06,4720.86,-0.3050000000000001,0.0269541778975741,,146306.26266390545,146306.26266390545,0.0,0.0,0.0,NONE
2015-01-07,4708.36,-0.3370000000000002,0.0161290322580645,,146306.26266390545,146306.26266390545,0.0,0.0,0.0,NONE
2015-01-08,4605.64,-0.2334,0.0509383378016085,,146306.26266390545,146306.26266390545,0.0,0.0,0.0,NONE
2015-01-09,4582.01,-0.2087999999999996,0.0561497326203208,,146306.26266390545,146306.26266390545,0.0,0.0,0.0,NONE
2015-01-12,4482.5,-0.1359000000000003,0.0666666666666666,,146306.26266390545,146306.26266390545,0.0,0.0,0.0,NONE
2015-01-13,4519.19,-0.0844,0.0744680851063829,,146306.26266390545,146306.26266390545,0.0,0.0,0.0,NONE
2015-01-14,4507.52,-0.0476,0.0848806366047745,,146306.26266390545,146306.26266390545,0.0,0.0,0.0,NONE
2015-01-15,4625.29,-0.2044000000000001,0.0608465608465608,,146306.26266390545,146306.26266390545,0.0,0.0,0.0,NONE
2015-01-16,4660.77,-0.2040000000000001,0.0633245382585752,,146306.26266390545,146306.26266390545,0.0,0.0,0.0,NONE
2015-01-19,4314.02,0.1617999999999999,0.1657894736842105,,146306.26266390545,146306.26266390545,0.0,0.0,0.0,NONE
2015-01-20,4415.93,0.1272999999999999,0.1391076115485564,,146306.26266390545,146306.26266390545,0.0,0.0,0.0,NONE
2015-01-21,4574.24,-0.0596000000000001,0.0863874345549738,,146306.26266390545,146306.26266390545,0.0,0.0,0.0,NONE
2015-01-22,4605.19,-0.0297,0.0992167101827676,,146306.26266390545,146306.26266390545,0.0,0.0,0.0,NONE
2015-01-23,4585.51,-0.0489000000000001,0.0911458333333333,,146306.26266390545,146306.26266390545,0.0,0.0,0.0,NONE
2015-01-26,4654.91,-0.0406999999999997,0.0961038961038961,,146306.26266390545,146306.26266390545,0.0,0.0,0.0,NONE
2015-01-27,4649.3,0.0336000000000002,0.1191709844559585,,146306.26266390545,146306.26266390545,0.0,0.0,0.0,NONE
2015-01-28,4608.58,0.0421999999999997,0.1214470284237726,,146306.26266390545,146306.26266390545,0.0,0.0,0.0,NONE
2015-01-29,4579.74,0.0881000000000002,0.1469072164948453,,146306.26266390545,146306.26266390545,0.0,0.0,0.0,NONE
2015-01-30,4521.04,0.1402999999999998,0.1670951156812339,,146306.26266390545,146306.26266390545,0.0,0.0,0.0,NONE
2015-02-02,4416.68,0.3035999999999998,0.3179487179487179,0.1670951156812339,146306.26266390545,117045.01013112436,6.625169252194202,0.2,0.2,BUY
2015-02-03,4491.9,0.2197999999999997,0.217391304347826,,146804.6078950555,117045.01013112436,6.625169252194202,0.2,0.20271569258374392,NONE
2015-02-04,4460.71,0.2622,0.2653061224489796,,146597.96886607955,117045.01013112436,6.625169252194202,0.2,0.20159187036180884,NONE
2015-02-05,4397.07,0.3693999999999997,0.361323155216285,,146176.34309486992,117045.01013112436,6.625169252194202,0.2,0.1992889707525316,NONE
2015-02-06,4295.87,0.4196,0.4111675126903553,,145505.87596654787,117045.01013112436,6.625169252194202,0.2,0.19559942611504377,NONE
2015-02-09,4297.04,0.3986999999999998,0.3848101265822785,,145513.62741457293,117045.01013112436,6.625169252194202,0.2,0.19564227618586252,NONE
2015-02-10,4376.47,0.3233999999999999,0.3257575757575757,,146039.86460827471,117045.01013112436,6.625169252194202,0.2,0.19854068308625022,NONE
2015-02-11,4396.84,0.3679999999999999,0.3576826196473551,,146174.81930594193,117045.01013112436,6.625169252194202,0.2,0.19928062379779146,NONE
2015-02-12,4406.4,0.3668,0.3567839195979899,,146238.1559239929,117045.01013112436,6.625169252194202,0.2,0.19962742013815898,NONE
2015-02-13,4463.49,0.3610000000000002,0.3533834586466165,,146616.38683660066,117045.01013112436,6.625169252194202,0.2,0.20169216650000155,NONE
2015-02-16,4498.05,0.3826999999999998,0.375,,146845.3526859565,117045.01013112436,6.625169252194202,0.2,0.20293691294788982,NONE
2015-02-17,4529.29,0.3589000000000002,0.3491271820448878,,147052.32297339503,117045.01013112436,6.625169252194202,0.2,0.20405874749560843,NONE
2015-02-25,4517.29,0.3515999999999999,0.3383084577114428,,146972.8209423687,117045.01013112436,6.625169252194202,0.2,0.2036281988693658,NONE
2015-02-26,4607.28,0.2606000000000001,0.2555831265508685,,147569.01992337365,117045.01013112436,6.625169252194202,0.2,0.2068456496363473,NONE
2015-02-27,4612.19,0.2452,0.2425742574257425,,147601.54950440195,117045.01013112436,6.625169252194202,0.2,0.20702045118006218,NONE
2015-03-02,4671.3,0.2240999999999999,0.2222222222222222,0.2425742574257425,147993.16325889915,88795.89795533949,12.67254625127045,0.4,0.4,BUY
2015-03-03,4602.25,0.3235999999999999,0.3275862068965517,,147118.12394024892,88795.89795533949,12.67254625127045,0.4,0.3964312786410778,NONE
2015-03-04,4641.29,0.3416000000000001,0.339066339066339,,147612.8601458985,88795.89795533949,12.67254625127045,0.4,0.3984541870703213,NONE
2015-03-05,4609.02,0.3533999999999997,0.3504901960784313,,147203.91707837002,88795.89795533949,12.67254625127045,0.4,0.39678304954299987,NONE
2015-03-06,4600.91,0.3050000000000001,0.3178484107579462,,147101.1427282722,88795.89795533949,12.67254625127045,0.4,0.39636160325848174,NONE
2015-03-09,4689.56,0.1789,0.1902439024390244,,148224.56395344733,88795.89795533949,12.67254625127045,0.4,0.40093668966213003,NONE
2015-03-10,4690.16,0.1987999999999998,0.2019464720194647,,148232.1674811981,88795.89795533949,12.67254625127045,0.4,0.4009674184478046,NONE
2015-03-11,4705.18,0.2591000000000001,0.2597087378640776,,148422.5091258922,88795.89795533949,12.67254625127045,0.4,0.4017356364726143,NONE
2015-03-12,4766.79,0.161,0.1743341404358353,,149203.26470043295,88795.89795533949,12.67254625127045,0.4,0.40486625320416453,NONE
2015-03-13,4804.64,0.1009000000000002,0.1425120772946859,,149682.92057604354,88795.89795533949,12.67254625127045,0.4,0.4067733471954242,NONE
2015-03-16,4905.24,0.0102999999999999,0.1108433734939759,,150957.77872892134,88795.89795533949,12.67254625127045,0.4,0.4117832237397154,NONE
2015-03-17,4982.53,-0.0518,0.0841346153846153,,151937.23982868204,88795.89795533949,12.67254625127045,0.4,0.4155751542185316,NONE
2015-03-18,5113.96,-0.1379999999999999,0.0647482014388489,,153602.79258248652,88795.89795533949,12.67254625127045,0.4,0.4219122161619878,NONE
2015-03-19,5142.78,-0.1173999999999999,0.069377990430622,,153968.01536544814,88795.89795533949,12.67254625127045,0.4,0.4232834803736379,NONE
2015-03-20,5184.86,-0.1053999999999999,0.071599045346062,,154501.2761117016,88795.89795533949,12.67254625127045,0.4,0.4252740159172428,NONE
2015-03-23,5291.26,-0.1583000000000001,0.0642857142857142,,155849.63503283676,88795.89795533949,12.67254625127045,0.4,0.4302463529245313,NONE
2015-03-24,5317.84,-0.1468000000000002,0.0665083135391924,,156186.47131219553,88795.89795533949,12.67254625127045,0.4,0.4314751001842628,NONE
2015-03-25,5305.25,-0.1033999999999997,0.0781990521327014,,156026.92395489203,88795.89795533949,12.67254625127045,0.4,0.4308937476649177,NONE
2015-03-26,5314.58,-0.1894,0.0614657210401891,,156145.15881141642,88795.89795533949,12.67254625127045,0.4,0.43132468126929036,NONE
2015-03-27,5364.34,-0.2107000000000001,0.0495283018867924,,156775.74471287962,88795.89795533949,12.67254625127045,0.4,0.43361201620849565,NONE
2015-03-30,5498.28,-0.3340000000000001,0.0164705882352941,,158473.10555777478,88795.89795533949,12.67254625127045,0.4,0.4396784385413143,NONE
2015-03-31,5457.87,-0.3533999999999997,0.0140845070422535,,157961.00796376093,88795.89795533949,12.67254625127045,0.4,0.4378619185836619,NONE
2015-04-01,5566.08,-0.3403999999999998,0.0163934426229508,0.0140845070422535,159332.3041936109,159332.3041936109,-1.7763568394002505e-15,0.0,-6.2054862801924e-17,SELL
2015-04-02,5665.98,-0.2768000000000001,0.0443925233644859,,159332.3041936109,159332.3041936109,-1.7763568394002505e-15,0.0,-6.316862343668172e-17,NONE
2015-04-03,5788.17,-0.3188,0.0279720279720279,,159332.3041936109,159332.3041936109,-1.7763568394002505e-15,0.0,-6.453088982267817e-17,NONE
2015-04-07,5970.38,-0.4281999999999999,0.0046511627906976,,159332.3041936109,159332.3041936109,-1.7763568394002505e-15,0.0,-6.656230448993745e-17,NONE
2015-04-08,6013.47,-0.5678999999999998,0.0,,159332.3041936109,159332.3041936109,-1.7763568394002505e-15,0.0,-6.704270434731193e-17,NONE
2015-04-09,5966.6,-0.5450000000000004,0.0023148148148148,,159332.3041936109,159332.3041936109,-1.7763568394002505e-15,0.0,-6.652016219564933e-17,NONE
2015-04-10,6129.47,-0.5792000000000002,0.0,,159332.3041936109,159332.3041936109,-1.7763568394002505e-15,0.0,-6.833595993922278e-17,NONE
2015-04-13,6264.08,-0.6364000000000001,0.0,,159332.3041936109,159332.3041936109,-1.7763568394002505e-15,0.0,-6.983669386359451e-17,NONE
2015-04-14,6297.95,-0.5895000000000001,0.0022988505747126,,159332.3041936109,159332.3041936109,-1.7763568394002505e-15,0.0,-7.021430219892227e-17,NONE
2015-04-15,6147.22,-0.5736000000000003,0.0068807339449541,,159332.3041936109,159332.3041936109,-1.7763568394002505e-15,0.0,-6.853385034229535e-17,NONE
2015-04-16,6287.02,-0.6297999999999999,0.0022883295194508,,159332.3041936109,159332.3041936109,-1.7763568394002505e-15,0.0,-7.009244630565e-17,NONE
2015-04-17,6351.24,-0.6974,0.0,,159332.3041936109,159332.3041936109,-1.7763568394002505e-15,0.0,-7.080841935834408e-17,NONE
2015-04-20,6214.31,-0.5253000000000001,0.0182232346241457,,159332.3041936109,159332.3041936109,-1.7763568394002505e-15,0.0,-6.928182032213414e-17,NONE
2015-04-21,6337.12,-0.4982999999999999,0.0204545454545454,,159332.3041936109,159332.3041936109,-1.7763568394002505e-15,0.0,-7.065099893629424e-17,NONE
2015-04-22,6519.43,-0.5509999999999997,0.0158730158730158,,159332.3041936109,159332.3041936109,-1.7763568394002505e-15,0.0,-7.26835284790638e-17,NONE
2015-04-23,6544.66,-0.5556999999999999,0.0158371040723981,,159332.3041936109,159332.3041936109,-1.7763568394002505e-15,0.0,-7.296481157030441e-17,NONE
2015-04-24,6472.93,-0.5538999999999996,0.0180586907449209,,159332.3041936109,159332.3041936109,-1.7763568394002505e-15,0.0,-7.21651113667892e-17,NONE
2015-04-27,6576.71,-0.6316000000000002,0.0045045045045045,,159332.3041936109,159332.3041936109,-1.7763568394002505e-15,0.0,-7.33221291713453e-17,NONE
2015-04-28,6440.05,-0.6221999999999999,0.0089887640449438,,159332.3041936109,159332.3041936109,-1.7763568394002505e-15,0.0,-7.179854029901307e-17,NONE
2015-04-29,6490.91,-0.5964,0.0112107623318385,,159332.3041936109,159332.3041936109,-1.7763568394002505e-15,0.0,-7.236556598353537e-17,NONE
2015-04-30,6502.44,-0.5014999999999996,0.0335570469798657,,159332.3041936109,159332.3041936109,-1.7763568394002505e-15,0.0,-7.249411112986926e-17,NONE
2015-05-04,6611.17,-0.5528,0.0267857142857142,0.0335570469798657,159332.3041936109,159332.3041936109,-1.7763568394002505e-15,0.0,-7.370631527218364e-17,NONE
2015-05-05,6330.71,-0.4463999999999997,0.0400890868596882,,159332.3041936109,159332.3041936109,-1.7763568394002505e-15,0.0,-7.057953541608607e-17,NONE
2015-05-06,6197.29,-0.4415,0.0444444444444444,,159332.3041936109,159332.3041936109,-1.7763568394002505e-15,0.0,-6.909206851028652e-17,NONE
2015-05-07,6024.53,-0.3502,0.0620842572062084,,159332.3041936109,159332.3041936109,-1.7763568394002505e-15,0.0,-6.716600957874757e-17,NONE
2015-05-08,6185.02,-0.3306,0.0707964601769911,,159332.3041936109,159332.3041936109,-1.7763568394002505e-15,0.0,-6.895527328517666e-17,NONE
2015-05-11,6412.21,-0.3992,0.0507726269315673,,159332.3041936109,159332.3041936109,-1.7763568394002505e-15,0.0,-7.148815895695447e-17,NONE
2015-05-12,6515.07,-0.4451999999999998,0.0418502202643171,,159332.3041936109,159332.3041936109,-1.7763568394002505e-15,0.0,-7.263491990681611e-17,NONE
2015-05-13,6491.35,-0.4041999999999999,0.0527472527472527,,159332.3041936109,159332.3041936109,-1.7763568394002505e-15,0.0,-7.237047143578056e-17,NONE
2015-05-14,6509.49,-0.3609,0.0657894736842105,,159332.3041936109,159332.3041936109,-1.7763568394002505e-15,0.0,-7.257270985334316e-17,NONE
2015-05-15,6410.54,-0.2770999999999999,0.1028446389496717,,159332.3041936109,159332.3041936109,-1.7763568394002505e-15,0.0,-7.1469540535933e-17,NONE
2015-05-18,6412.18,-0.2550999999999996,0.1091703056768559,,159332.3041936109,159332.3041936109,-1.7763568394002505e-15,0.0,-7.14878244943014e-17,NONE
2015-05-19,6608.11,-0.3868,0.0566448801742919,,159332.3041936109,159332.3041936109,-1.7763568394002505e-15,0.0,-7.367220008156945e-17,NONE
2015-05-20,6699.71,-0.3843000000000001,0.058695652173913,,159332.3041936109,159332.3041936109,-1.7763568394002505e-15,0.0,-7.469342604897492e-17,NONE
2015-05-21,6912.91,-0.4095,0.0520607375271149,,159332.3041936109,159332.3041936109,-1.7763568394002505e-15,0.0,-7.707034063686624e-17,NONE
2015-05-22,7079.68,-0.4844999999999997,0.0389610389610389,,159332.3041936109,159332.3041936109,-1.7763568394002505e-15,0.0,-7.892961852534017e-17,NONE
2015-05-25,7304.26,-0.6078999999999999,0.0107991360691144,,159332.3041936109,159332.3041936109,-1.7763568394002505e-15,0.0,-8.143340594629999e-17,NONE
2015-05-26,7466.94,-0.7172999999999998,0.0,,159332.3041936109,159332.3041936109,-1.7763568394002505e-15,0.0,-8.324708542640394e-17,NONE
2015-05-27,7495.61,-0.6132,0.0129032258064516,,159332.3041936109,159332.3041936109,-1.7763568394002505e-15,0.0,-8.356672023519776e-17,NONE
2015-05-28,7052.63,-0.4506999999999999,0.0472103004291845,,159332.3041936109,159332.3041936109,-1.7763568394002505e-15,0.0,-7.862804469981268e-17,NONE
2015-05-29,7073.8,-0.4572000000000003,0.0471092077087794,,159332.3041936109,159332.3041936109,-1.7763568394002505e-15,0.0,-7.88640638453364e-17,NONE
2015-06-01,7475.84,-0.7098,0.0021367521367521,0.0471092077087794,159332.3041936109,159332.3041936109,-1.7763568394002505e-15,0.0,-8.33463093468178e-17,NONE
2015-06-02,7703.29,-0.6736,0.0063965884861407,,159332.3041936109,159332.3041936109,-1.7763568394002505e-15,0.0,-8.588209369492232e-17,NONE
2015-06-03,7730.41,-0.6678999999999999,0.0085106382978723,,159332.3041936109,159332.3041936109,-1.7763568394002505e-15,0.0,-8.618444793330699e-17,NONE
2015-06-04,7787.58,-0.7087000000000003,0.0042462845010615,,159332.3041936109,159332.3041936109,-1.7763568394002505e-15,0.0,-8.68218222625272e-17,NONE
2015-06-05,7934.84,-0.8994999999999997,0.0,,159332.3041936109,159332.3041936109,-1.7763568394002505e-15,0.0,-8.846358793894783e-17,NONE
2015-06-08,8074.25,-1.0267,0.0,,159332.3041936109,159332.3041936109,-1.7763568394002505e-15,0.0,-9.001783588781241e-17,NONE
2015-06-09,8022.94,-0.996,0.0021097046413502,,159332.3041936109,159332.3041936109,-1.7763568394002505e-15,0.0,-8.944579326349391e-17,NONE
2015-06-10,8031.22,-0.9843000000000002,0.0042105263157894,,159332.3041936109,159332.3041936109,-1.7763568394002505e-15,0.0,-8.953810495574411e-17,NONE
2015-06-11,8064.73,-0.9937,0.0042016806722689,,159332.3041936109,159332.3041936109,-1.7763568394002505e-15,0.0,-8.99116997392349e-17,NONE
2015-06-12,8216.64,-1.0116999999999998,0.0020964360587002,,159332.30419361088,159332.3041936109,-1.7763568394002505e-15,0.0,-9.1605307126883e-17,NONE
2015-06-15,8116.44,-1.0257999999999998,0.002092050209205,,159332.3041936109,159332.3041936109,-1.7763568394002505e-15,0.0,-9.048820186559447e-17,NONE
2015-06-16,7762.92,-0.8607,0.0146137787056367,,159332.3041936109,159332.3041936109,-1.7763568394002505e-15,0.0,-8.654689396169511e-17,NONE
2015-06-17,7963.01,-0.9459,0.0125,,159332.3041936109,159332.3041936109,-1.7763568394002505e-15,0.0,-8.877764837019031e-17,NONE
2015-06-18,7773.09,-0.7976999999999999,0.0187110187110187,,159332.3041936109,159332.3041936109,-1.7763568394002505e-15,0.0,-8.666027680108937e-17,NONE
2015-06-19,7265.03,-0.4910999999999998,0.0726141078838174,,159332.3041936109,159332.3041936109,-1.7763568394002505e-15,0.0,-8.099604028362186e-17,NONE
2015-06-23,7329.5,-1.0653,0.0,,159332.3041936109,159332.3041936109,-1.7763568394002505e-15,0.0,-8.171480052509163e-17,NONE
2015-06-24,7529.13,-1.2064999999999997,0.0,,159332.3041936109,159332.3041936109,-1.7763568394002505e-15,0.0,-8.39404265062396e-17,NONE
2015-06-25,7274.31,-1.1454,0.002061855670103,,159332.3041936109,159332.3041936109,-1.7763568394002505e-15,0.0,-8.109950073097474e-17,NONE
2015-06-26,6710.12,-0.9956,0.0144032921810699,,159332.3041936109,159332.3041936109,-1.7763568394002505e-15,0.0,-7.480948458959382e-17,NONE
2015-06-29,6455.86,-1.2936,0.0,,159332.3041936109,159332.3041936109,-1.7763568394002505e-15,0.0,-7.197480211718644e-17,NONE
2015-06-30,6795.41,-1.359,0.0,,159332.3041936109,159332.3041936109,-1.7763568394002505e-15,0.0,-7.576036191230137e-17,NONE
2015-07-01,6414.84,-1.2466,0.0040899795501022,0.0,159332.3041936109,159332.3041936109,-1.7763568394002505e-15,0.0,-7.151748018287452e-17,NONE
2015-07-02,6083.06,-1.2972,0.0020408163265306,,159332.3041936109,159332.3041936109,-1.7763568394002505e-15,0.0,-6.781854621490741e-17,NONE
2015-07-03,5687.28,-1.0438999999999998,0.0142566191446028,,159332.3041936109,159332.3041936109,-1.7763568394002505e-15,0.0,-6.34060919203688e-17,NONE
2015-07-06,5761.59,-1.1304999999999996,0.0121951219512195,,159332.3041936109,159332.3041936109,-1.7763568394002505e-15,0.0,-6.423455591204893e-17,NONE
2015-07-07,5566.52,-0.6133000000000002,0.0608519269776876,,159332.3041936109,159332.3041936109,-1.7763568394002505e-15,0.0,-6.205976825416919e-17,NONE
2015-07-08,5293.62,-0.3830999999999998,0.1234817813765182,,159332.3041936109,159332.3041936109,-1.7763568394002505e-15,0.0,-5.901727298664787e-17,NONE
2015-07-09,5642.91,-0.4386000000000001,0.1111111111111111,,159332.3041936109,159332.3041936109,-1.7763568394002505e-15,0.0,-6.29114216564629e-17,NONE
2015-07-10,5981.36,-0.2235,0.1854838709677419,,159332.3041936109,159332.3041936109,-1.7763568394002505e-15,0.0,-6.668471782096488e-17,NONE
2015-07-13,6246.72,-0.3504,0.1388329979879275,,159332.3041936109,159332.3041936109,-1.7763568394002505e-15,0.0,-6.964315147501199e-17,NONE
2015-07-14,6182.41,-0.2946,0.1646586345381526,,159332.3041936109,159332.3041936109,-1.7763568394002505e-15,0.0,-6.892617503435866e-17,NONE
2015-07-15,5885.25,-0.3538000000000001,0.1362725450901803,,159332.3041936109,159332.3041936109,-1.7763568394002505e-15,0.0,-6.561321096804632e-17,NONE
2015-07-16,5929.26,-0.3016999999999998,0.164,,159332.3041936109,159332.3041936109,-1.7763568394002505e-15,0.0,-6.610386768011526e-17,NONE
2015-07-17,6173.88,-0.4342000000000001,0.1117764471057884,,159332.3041936109,159332.3041936109,-1.7763568394002505e-15,0.0,-6.883107615333279e-17,NONE
2015-07-20,6203.68,-0.5295000000000001,0.0856573705179282,,159332.3041936109,159332.3041936109,-1.7763568394002505e-15,0.0,-6.916330905539265e-17,NONE
2015-07-21,6266.05,-0.5265,0.0874751491053678,,159332.3041936109,159332.3041936109,-1.7763568394002505e-15,0.0,-6.985865691114679e-17,NONE
2015-07-22,6294.58,-0.3902999999999998,0.125,,159332.3041936109,159332.3041936109,-1.7763568394002505e-15,0.0,-7.017673089422624e-17,NONE
2015-07-23,6441.13,-0.3628999999999998,0.1405940594059406,,159332.3041936109,159332.3041936109,-1.7763568394002505e-15,0.0,-7.181058095452397e-17,NONE
2015-07-24,6320.25,-0.3079,0.1660079051383399,,159332.3041936109,159332.3041936109,-1.7763568394002505e-15,0.0,-7.046291943771203e-17,NONE
2015-07-27,5793.71,-0.0392999999999998,0.2544378698224852,,159332.3041936109,159332.3041936109,-1.7763568394002505e-15,0.0,-6.459265392594701e-17,NONE
2015-07-28,5728.48,0.0030999999999998,0.265748031496063,,159332.3041936109,159332.3041936109,-1.7763568394002505e-15,0.0,-6.38654206305992e-17,NONE
2015-07-29,5976.09,-0.0620000000000002,0.2416502946954813,,159332.3041936109,159332.3041936109,-1.7763568394002505e-15,0.0,-6.662596388157376e-17,NONE
2015-07-30,5816.09,-0.1124,0.2274509803921568,,159332.3041936109,159332.3041936109,-1.7763568394002505e-15,0.0,-6.484216306514498e-17,NONE
2015-07-31,5816.24,-0.1285000000000002,0.2250489236790606,,159332.3041936109,159332.3041936109,-1.7763568394002505e-15,0.0,-6.484383537841039e-17,NONE
2015-08-03,5852.92,-0.1328,0.224609375,0.2250489236790606,159332.3041936109,95599.38251616654,10.889081292319792,0.4,0.4,BUY
2015-08-04,6068.06,-0.1873,0.2144249512670565,,161674.98114284058,95599.38251616654,10.889081292319792,0.4,0.40869402402030247,NONE
2015-08-05,6002.5,-0.1295999999999999,0.2276264591439688,,160961.0929733161,95599.38251616654,10.889081292319792,0.4,0.4060714875239144,NONE
2015-08-06,5963.21,-0.0971000000000001,0.2407766990291262,,160533.26096934086,95599.38251616654,10.889081292319792,0.4,0.40448862784626033,NONE
2015-08-07,6097.75,-0.1302999999999996,0.2267441860465116,,161998.27796640957,95599.38251616654,10.889081292319792,0.4,0.40987408189617214,NONE
2015-08-10,6380.3,-0.2919999999999998,0.1760154738878143,,165074.98788555452,95599.38251616654,10.889081292319792,0.4,0.42087299995778277,NONE
2015-08-11,6399.03,-0.3235999999999999,0.1583011583011583,,165278.94037815966,95599.38251616654,10.889081292319792,0.4,0.42158763664968857,NONE
2015-08-12,6303.51,-0.3035999999999998,0.1714836223506743,,164238.81533311727,95599.38251616654,10.889081292319792,0.4,0.41792454894254355,NONE
2015-08-13,6458.32,-0.3022,0.173076923076923,,165924.55400798132,95599.38251616654,10.889081292319792,0.4,0.42383824330443565,NONE
2015-08-14,6438.77,-0.2698,0.1938579654510556,,165711.67246871645,95599.38251616654,10.889081292319792,0.4,0.42309807696730545,NONE
2015-08-17,6534.29,-0.266,0.1954022988505747,,166751.79751375882,95599.38251616654,10.889081292319792,0.4,0.42669653975826827,NONE
2015-08-18,6059.17,-0.1356000000000001,0.2332695984703633,,161578.17721015186,95599.38251616654,10.889081292319792,0.4,0.4083397636561524,NONE
2015-08-19,6157.9,-0.1471999999999997,0.2270992366412213,,162653.2562061426,95599.38251616654,10.889081292319792,0.4,0.4122504231024657,NONE
2015-08-20,5940.27,-0.0502000000000002,0.2704761904761905,,160283.46544449503,95599.38251616654,10.889081292319792,0.4,0.4035605466162579,NONE
2015-08-21,5622.22,0.0710999999999999,0.311787072243346,,156820.19313947274,95599.38251616654,10.889081292319792,0.4,0.39038856793689586,NONE
2015-08-24,5136.15,0.4222999999999999,0.5635673624288425,,151527.33739571483,95599.38251616654,10.889081292319792,0.4,0.369094817085659,NONE
2015-08-25,4713.91,0.7563000000000004,0.7765151515151515,,146929.53171084574,95599.38251616654,10.889081292319792,0.4,0.3493521594807493,NONE
2015-08-26,4654.95,0.7155999999999998,0.7391304347826086,,146287.51147785055,95599.38251616654,10.889081292319792,0.4,0.3464966246921134,NONE
2015-08-27,4886.93,0.5408999999999997,0.6490566037735849,,148813.5605560429,95599.38251616654,10.889081292319792,0.4,0.357589576118206,NONE
2015-08-28,5157.12,0.431,0.568738229755179,,151755.68143041478,95599.38251616654,10.889081292319792,0.4,0.37004412872672476,NONE
2015-08-31,5066.47,0.4674,0.6052631578947368,,150768.586211266,95599.38251616654,10.889081292319792,0.4,0.3659197521278939,NONE
2015-09-01,4928.23,0.4096000000000002,0.5422138836772983,0.6052631578947368,149263.2796134157,59705.31184536629,18.17244076839949,0.6,0.5999999999999999,BUY
2015-09-02,4934.02,0.3479000000000001,0.4850187265917603,,149368.49804546474,59705.31184536629,18.17244076839949,0.6,0.6002817687355121,NONE
2015-09-07,4831.96,0.4935999999999998,0.6261682242990654,,147513.81874064187,59705.31184536629,18.17244076839949,0.6,0.595256143762776,NONE
2015-09-08,4995.61,0.4083999999999999,0.5354477611940298,,150487.73867239046,59705.31184536629,18.17244076839949,0.6,0.6032546413941148,NONE
2015-09-09,5113.19,0.3635000000000001,0.5009310986964618,,152624.45425793887,59705.31184536629,18.17244076839949,0.6,0.6088090068157562,NONE
2015-09-10,5032.02,0.3980000000000001,0.5297397769516728,,151149.3972407679,59705.31184536629,18.17244076839949,0.6,0.6049913996662462,NONE
2015-09-11,5044.46,0.4216000000000002,0.5602968460111317,,151375.46240392677,59705.31184536629,18.17244076839949,0.6,0.6055813082436703,NONE
2015-09-14,4824.45,0.4468000000000001,0.587037037037037,,147377.3437104712,59705.31184536629,18.17244076839949,0.6,0.5948813410380105,NONE
2015-09-15,4595.34,0.5295999999999998,0.6469500924214417,,143213.8558060232,59705.31184536629,18.17244076839949,0.6,0.5831038029851352,NONE
2015-09-16,4875.99,0.4244000000000003,0.5645756457564576,,148313.95130767452,59705.31184536629,18.17244076839949,0.6,0.5974396790123355,NONE
2015-09-17,4762.25,0.4769000000000001,0.6169429097605893,,146247.01789467677,59705.31184536629,18.17244076839949,0.6,0.5917502270824798,NONE
2015-09-18,4805.14,0.5940999999999996,0.6875,,147026.43387923343,59705.31184536629,18.17244076839949,0.6,0.5939144392605763,NONE
2015-09-21,4911.63,0.3082000000000002,0.4568807339449541,,148961.61709666028,59705.31184536629,18.17244076839949,0.6,0.599189959070974,NONE
2015-09-22,4948.19,0.2812000000000001,0.4267399267399267,,149626.00153115296,59705.31184536629,18.17244076839949,0.6,0.6009696761633017,NONE
2015-09-23,4858.2,0.4527000000000001,0.5886654478976234,,147990.6635864047,59705.31184536629,18.17244076839949,0.6,0.5965602802334404,NONE
2015-09-24,4910.13,0.3809,0.5091240875912408,,148934.3584355077,59705.31184536629,18.17244076839949,0.6,0.5991166009472542,NONE
2015-09-25,4818.28,0.3866,0.517304189435337,,147265.21975093018,59705.31184536629,18.17244076839949,0.6,0.594572894086289,NONE
2015-09-28,4875.93,0.4255,0.5654545454545454,,148312.86096122843,59705.31184536629,18.17244076839949,0.6,0.5974367195237754,NONE
2015-09-29,4792.76,0.5405000000000002,0.6588021778584392,,146801.45906252065,59705.31184536629,18.17244076839949,0.6,0.5932921087661761,NONE
2015-09-30,4813.57,0.5261,0.644927536231884,,147179.627554911,59705.31184536629,18.17244076839949,0.6,0.5943371182734449,NONE
2015-10-08,4970.33,0.4418999999999999,0.5822784810126582,0.644927536231884,150028.3393697653,60011.33574790614,18.11087063069438,0.6,0.6,SELL
2015-10-09,5016.44,0.5045999999999999,0.6371841155234657,,150863.43161454663,60011.33574790614,18.11087063069438,0.6,0.6022141674383092,NONE
2015-10-12,5203.16,0.4123000000000001,0.5387387387387388,,154245.09337870992,60011.33574790614,18.11087063069438,0.6,0.6109352042689393,NONE
2015-10-13,5222.87,0.4757000000000002,0.6151079136690647,,154602.05863884088,60011.33574790614,18.11087063069438,0.6,0.6118335274687642,NONE
2015-10-14,5134.5,0.5689000000000002,0.6786355475763016,,153001.60100120644,60011.33574790614,18.11087063069438,0.6,0.6077731516846483,NONE
2015-10-15,5280.67,0.4779,0.6182795698924731,,155648.86696129502,60011.33574790614,18.11087063069438,0.6,0.6144441207989707,NONE
2015-10-16,5373.63,0.4003000000000001,0.5205724508050089,,157332.45349512435,60011.33574790614,18.11087063069438,0.6,0.618569885521007,NONE
2015-10-19,5419.01,0.4106000000000001,0.5339285714285714,,158154.3248043453,60011.33574790614,18.11087063069438,0.6,0.6205520410387327,NONE
2015-10-20,5478.8,0.4407999999999998,0.5793226381461676,,159237.1737593545,60011.33574790614,18.11087063069438,0.6,0.6231323733577585,NONE
2015-10-21,5216.13,0.4292000000000002,0.5622775800711743,,154479.99137079,60011.33574790614,18.11087063069438,0.6,0.6115268054109082,NONE
2015-10-22,5320.81,0.4643999999999999,0.6021314387211367,,156375.8373084111,60011.33574790614,18.11087063069438,0.6,0.6162365185003025,NONE
2015-10-23,5425.62,0.4670000000000001,0.6081560283687943,,158274.03765921417,60011.33574790614,18.11087063069438,0.6,0.6208390419841388,NONE
2015-10-26,5461.62,0.4748999999999999,0.6159292035398231,,158926.02900191917,60011.33574790614,18.11087063069438,0.6,0.6223945433936348,NONE
2015-10-27,5480.24,0.5299999999999998,0.657243816254417,,159263.25341306272,60011.33574790614,18.11087063069438,0.6,0.6231940861319611,NONE
2015-10-28,5389.31,0.5490999999999997,0.6684303350970018,,157616.43194661365,60011.33574790614,18.11087063069438,0.6,0.6192571103992978,NONE
2015-10-29,5409.74,0.4881000000000002,0.6285211267605634,,157986.43703359875,60011.33574790614,18.11087063069438,0.6,0.620148812298719,NONE
2015-10-30,5384.09,0.4855,0.6256590509666081,,157521.89320192143,60011.33574790614,18.11087063069438,0.6,0.6190286027671097,NONE
2015-11-02,5284.47,0.5395999999999996,0.6631578947368421,0.6256590509666081,155717.68826969166,62287.07530787669,17.68022393197709,0.6,0.5999999999999999,SELL
2015-11-03,5260.23,0.5364999999999998,0.6619964973730298,,155289.1196415805,62287.07530787669,17.68022393197709,0.6,0.5988960755805678,NONE
2015-11-04,5498.64,0.3635000000000001,0.4755244755244755,,159504.2618292032,62287.07530787669,17.68022393197709,0.6,0.6094958555115377,NONE
2015-11-05,5583.44,0.2952999999999997,0.4258289703315881,,161003.54481863484,62287.07530787669,17.68022393197709,0.6,0.613132273714588,NONE
2015-11-06,5689.49,0.2456,0.3763066202090592,,162878.53256662103,62287.07530787669,17.68022393197709,0.6,0.6175857289087506,NONE
2015-11-09,5769.68,0.0772999999999997,0.2904347826086956,,164296.30972372627,62287.07530787669,17.68022393197709,0.6,0.620885731319127,NONE
2015-11-10,5776.8,0.1070000000000002,0.3003472222222222,,164422.19291812193,62287.07530787669,17.68022393197709,0.6,0.6211759848082427,NONE
2015-11-11,5806.68,0.2037,0.3483535528596187,,164950.47800920942,62287.07530787669,17.68022393197709,0.6,0.6223892403367324,NONE
2015-11-12,5760.87,0.2294,0.3650519031141868,,164140.54695088553,62287.07530787669,17.68022393197709,0.6,0.6205259671364788,NONE
2015-11-13,5705.61,0.2759999999999998,0.4075993091537133,,163163.53777640447,62287.07530787669,17.68022393197709,0.6,0.6182537093965599,NONE
2015-11-16,5779.26,0.2540999999999997,0.3896551724137931,,164465.68626899458,62287.07530787669,17.68022393197709,0.6,0.6212761657407248,NONE
2015-11-17,5776.09,0.2553999999999998,0.3907056798623063,,164409.63995913023,62287.07530787669,17.68022393197709,0.6,0.6211470609426533,NONE
2015-11-18,5710.21,0.2454999999999998,0.3780068728522336,,163244.86680649157,62287.07530787669,17.68022393197709,0.6,0.6184438964214967,NONE
2015-11-19,5807.51,0.2266999999999996,0.3619210977701543,,164965.15259507296,62287.07530787669,17.68022393197709,0.6,0.6224228309552873,NONE
2015-11-20,5845.84,0.2491999999999996,0.3852739726027397,,165642.83557838562,62287.07530787669,17.68022393197709,0.6,0.6239675860994233,NONE
2015-11-23,5840.34,0.2550000000000003,0.3931623931623931,,165545.59434675978,62287.07530787669,17.68022393197709,0.6,0.6237467052284872,NONE
2015-11-24,5860.01,0.2867999999999999,0.4249146757679181,,165893.36435150175,62287.07530787669,17.68022393197709,0.6,0.624535462576428,NONE
2015-11-25,5942.08,0.2902,0.4293015332197615,,167344.3803295991,62287.07530787669,17.68022393197709,0.6,0.6277910546789982,NONE
2015-11-26,5911.42,0.3359999999999998,0.4608843537414966,,166802.3046638447,62287.07530787669,17.68022393197709,0.6,0.6265814466208767,NONE
2015-11-27,5607.57,0.4902000000000002,0.6400679117147708,,161430.16862211344,62287.07530787669,17.68022393197709,0.6,0.6141546785242946,NONE
2015-11-30,5673.68,0.4841999999999999,0.6322033898305085,,162599.00822625647,62287.07530787669,17.68022393197709,0.6,0.6169283196290826,NONE
2015-12-01,5680.59,0.4787000000000003,0.626057529610829,0.6322033898305085,162721.1785736264,65088.47142945057,17.1870716147752,0.6,0.6,SELL
2015-12-02,5781.16,0.3478000000000003,0.4679054054054054,,164449.68236592435,65088.47142945057,17.1870716147752,0.6,0.6042043347665501,NONE
2015-12-03,5857.85,0.3200999999999996,0.4502529510961214,,165767.75888806148,65088.47142945057,17.1870716147752,0.6,0.6073514423670102,NONE
2015-12-04,5771.15,0.4072,0.5269360269360269,,164277.63977906044,65088.47142945057,17.1870716147752,0.6,0.603789830941149,NONE
2015-12-07,5796.09,0.4096000000000002,0.5361344537815126,,164706.28534513296,65088.47142945057,17.1870716147752,0.6,0.6048209617923126,NONE
2015-12-08,5673.28,0.4953999999999996,0.6493288590604027,,162595.5410801224,65088.47142945057,17.1870716147752,0.6,0.5996909201994854,NONE
2015-12-09,5702.36,0.4883999999999999,0.6415410385259631,,163095.34112268005,65088.47142945057,17.1870716147752,0.6,0.6009176535552225,NONE
2015-12-10,5691.57,0.5006000000000004,0.6521739130434783,,162909.89261995663,65088.47142945057,17.1870716147752,0.6,0.600463358101329,NONE
2015-12-11,5637.31,0.5335000000000001,0.672787979966611,,161977.32211413895,65088.47142945057,17.1870716147752,0.6,0.5981630602363871,NONE
2015-12-14,5763.98,0.6478999999999999,0.7416666666666667,,164154.40847558252,65088.47142945057,17.1870716147752,0.6,0.6034923945455154,NONE
2015-12-15,5757.95,0.6849000000000003,0.7554076539101497,,164050.7704337454,65088.47142945057,17.1870716147752,0.6,0.6032419033610232,NONE
2015-12-16,5747.34,0.7018999999999997,0.7591362126245847,,163868.41560391267,65088.47142945057,17.1870716147752,0.6,0.6028003859708004,NONE
2015-12-17,5872.69,0.6669999999999998,0.7479270315091211,,166022.81503082474,65088.47142945057,17.1870716147752,0.6,0.6079546572116254,NONE
2015-12-18,5868.58,0.6960999999999999,0.7582781456953642,,165952.176166488,65088.47142945057,17.1870716147752,0.6,0.6077877799917976,NONE
2015-12-21,6028.45,0.6762999999999999,0.7471074380165289,,168699.8733055421,65088.47142945057,17.1870716147752,0.6,0.614175931765135,NONE
2015-12-22,6059.3,0.7034999999999996,0.7623762376237624,,169230.09446485795,65088.47142945057,17.1870716147752,0.6,0.6153847716313439,NONE
2015-12-23,6051.02,0.7204999999999999,0.7775947281713345,,169087.7855118876,65088.47142945057,17.1870716147752,0.6,0.6150610688264377,NONE
2015-12-24,5975.24,0.7915999999999999,0.8207236842105263,,167785.34922491992,65088.47142945057,17.1870716147752,0.6,0.612072974606394,NONE
2015-12-25,6003.44,0.7786000000000004,0.812807881773399,,168270.02464445657,65088.47142945057,17.1870716147752,0.6,0.6131903375721363,NONE
2015-12-28,5854.9,0.8664999999999998,0.8770491803278688,,165717.05702679788,65088.47142945057,17.1870716147752,0.6,0.6072313098166763,NONE
2015-12-29,5912.26,0.8271000000000002,0.8527004909983633,,166702.9074546214,65088.47142945057,17.1870716147752,0.6,0.6095540718318397,NONE
2015-12-30,5922.37,0.806,0.826797385620915,,166876.66874864674,65088.47142945057,17.1870716147752,0.6,0.6099606259069791,NONE
2015-12-31,5865.13,0.8329,0.8531810766721044,,165892.88076941704,65088.47142945057,17.1870716147752,0.6,0.6076475908576189,NONE
2016-01-04,5449.98,0.9655,0.9153094462540716,0.8531810766721044,158757.6679885431,31751.53359770862,23.303963389009592,0.8,0.8,BUY
2016-01-05,5469.24,0.9309000000000004,0.902439024390244,,159206.50232341542,31751.53359770862,23.303963389009592,0.8,0.8005638392004375,NONE
2016-01-06,5604.96,0.8677000000000001,0.8766233766233766,,162369.31623457183,31751.53359770862,23.303963389009592,0.8,0.8044486831992457,NONE
2016-01-07,5214.22,1.0982999999999996,0.9497568881685576,,153263.52557995022,31751.53359770862,23.303963389009592,0.8,0.7928304632327842,NONE
2016-01-08,5340.96,1.0438,0.9385113268608414,,156217.06989987328,31751.53359770862,23.303963389009592,0.8,0.7967473489417025,NONE
2016-01-11,5038.85,1.198,0.975767366720517,,149176.7095204196,31751.53359770862,23.303963389009592,0.8,0.7871548869807831,NONE
2016-01-12,5037.5,1.214,0.979032258064516,,149145.24916984444,31751.53359770862,23.303963389009592,0.8,0.7871099899296796,NONE
2016-01-13,4941.59,1.3274999999999997,0.998389694041868,,146910.16604120453,31751.53359770862,23.303963389009592,0.8,0.7838710931086748,NONE
2016-01-14,5045.44,1.2609,0.9887459807073956,,149330.28263915319,31751.53359770862,23.303963389009592,0.8,0.7873737795405227,NONE
2016-01-15,4862.32,1.3858,1.0,,145062.86086335772,31751.53359770862,23.303963389009592,0.8,0.7811187963015769,NONE
2016-01-18,4876.05,1.3702,0.998397435897436,,145382.82428068883,31751.53359770862,23.303963389009592,0.8,0.7816005174283428,NONE
2016-01-19,5030.61,1.2492,0.9792,,148984.68486209417,31751.53359770862,23.303963389009592,0.8,0.7868805533461439,NONE
2016-01-20,4969.7,1.2723000000000004,0.988817891373802,,147565.24045206959,31751.53359770862,23.303963389009592,0.8,0.7848305366464552,NONE
2016-01-21,4826.07,1.3794,0.9984051036682616,,144218.09219050614,31751.53359770862,23.303963389009592,0.8,0.7798366826558338,NONE
2016-01-22,4880.12,1.3554000000000004,0.9952229299363056,,145477.6714116821,31751.53359770862,23.303963389009592,0.8,0.7817429074194069,NONE
2016-01-25,4913.71,1.2538999999999998,0.9745627980922098,,146260.45154191894,31751.53359770862,23.303963389009592,0.8,0.7829110107142772,NONE
2016-01-26,4608.5,1.4677999999999995,1.0,,139147.84887595935,31751.53359770862,23.303963389009592,0.8,0.7718144128407409,NONE
2016-01-27,4584.58,1.4096000000000002,0.9984152139461172,,138590.4180716942,31751.53359770862,23.303963389009592,0.8,0.770896617244612,NONE
2016-01-28,4464.98,1.4833000000000005,1.0,,135803.26405036866,31751.53359770862,23.303963389009592,0.8,0.766194621169546,NONE
2016-01-29,4599.25,1.4407000000000003,0.9968404423380728,,138932.287214611,31751.53359770862,23.303963389009592,0.8,0.7714603694052664,NONE
2016-02-01,4542.96,1.5219999999999994,1.0,0.9968404423380728,137620.50711544364,0.0,30.293136438675145,1.0,1.0,BUY
2016-02-02,4639.67,1.4256000000000002,0.9937007874015747,,140550.1563404279,0.0,30.293136438675145,1.0,1.0,NONE
2016-02-03,4622.13,1.4543,0.9952830188679244,,140018.81472729356,0.0,30.293136438675145,1.0,1.0,NONE
2016-02-04,4675.53,1.4528000000000003,0.9937205651491364,,141636.4682131188,0.0,30.293136438675145,1.0,1.0,NONE
2016-02-05,4660.17,1.4598999999999998,0.9952978056426331,,141171.16563742075,0.0,30.293136438675145,1.0,1.0,NONE
2016-02-15,4630.11,1.5154,0.9984350547730828,,140260.55395607417,0.0,30.293136438675145,1.0,1.0,NONE
2016-02-16,4768.16,1.4135999999999995,0.9859375,,144442.5214414333,0.0,30.293136438675145,1.0,1.0,NONE
2016-02-17,4816.49,1.3774000000000002,0.9797191887675508,,145906.58872551445,0.0,30.293136438675145,1.0,1.0,NONE
2016-02-18,4817.07,1.3866999999999998,0.9828660436137072,,145924.15874464888,0.0,30.293136438675145,1.0,1.0,NONE
2016-02-19,4818.2,1.4158,0.9860031104199068,,145958.38998882458,0.0,30.293136438675145,1.0,1.0,NONE
2016-02-22,4926.74,1.3224999999999998,0.968944099378882,,149246.40701787837,0.0,30.293136438675145,1.0,1.0,NONE
2016-02-23,4892.6,1.3512,0.972093023255814,,148212.199339862,0.0,30.293136438675145,1.0,1.0,NONE
2016-02-24,4927.41,1.3081,0.9659442724458204,,149266.7034192923,0.0,30.293136438675145,1.0,1.0,NONE
2016-02-25,4621.12,1.4992,0.9969088098918084,,139988.2186594905,0.0,30.293136438675145,1.0,1.0,NONE
2016-02-26,4669.95,1.4814999999999996,0.9938271604938272,,141467.43251179098,0.0,30.293136438675145,1.0,1.0,NONE
2016-02-29,4551.38,1.5073999999999996,0.9969183359013868,,137875.57532425728,0.0,30.293136438675145,1.0,1.0,NONE
2016-03-01,4641.58,1.4659,0.9892307692307692,0.9969183359013868,140608.01623102577,0.0,30.293136438675145,1.0,1.0,NONE
2016-03-02,4851.55,1.3144000000000005,0.9600614439324116,,146968.6660890544,0.0,30.293136438675145,1.0,1.0,NONE
2016-03-03,4856.57,1.2729999999999997,0.9524539877300614,,147120.73763397653,0.0,30.293136438675145,1.0,1.0,NONE
2016-03-04,4865.69,1.1685,0.9157733537519144,,147397.01103829726,0.0,30.293136438675145,1.0,1.0,NONE
2016-03-07,4916.8,1.1410999999999998,0.908256880733945,,148945.29324167795,0.0,30.293136438675145,1.0,1.0,NONE
2016-03-08,4912.63,1.1257,0.900763358778626,,148818.9708627287,0.0,30.293136438675145,1.0,1.0,NONE
2016-03-09,4839.77,1.1719000000000004,0.9176829268292684,,146611.81294180683,0.0,30.293136438675145,1.0,1.0,NONE
2016-03-10,4772.0,1.2727999999999997,0.9512937595129376,,144558.8470853578,0.0,30.293136438675145,1.0,1.0,NONE
2016-03-11,4770.59,1.2816999999999998,0.952887537993921,,144516.13376297927,0.0,30.293136438675145,1.0,1.0,NONE
2016-03-14,4854.82,1.2569000000000004,0.9408194233687404,,147067.72464520886,0.0,30.293136438675145,1.0,1.0,NONE
2016-03-15,4862.01,1.2553999999999998,0.9393939393939394,,147285.53229620296,0.0,30.293136438675145,1.0,1.0,NONE
2016-03-16,4875.26,1.2324999999999997,0.9273827534039334,,147686.91635401538,0.0,30.293136438675145,1.0,1.0,NONE
2016-03-17,4935.07,1.2284000000000002,0.9259818731117824,,149498.74884441253,0.0,30.293136438675145,1.0,1.0,NONE
2016-03-18,5012.13,1.2048,0.9200603318250375,,151833.13793837687,0.0,30.293136438675145,1.0,1.0,NONE
2016-03-21,5091.59,1.1707999999999998,0.9051204819277108,,154240.23055979397,0.0,30.293136438675145,1.0,1.0,NONE
2016-03-22,5070.35,1.1868999999999996,0.9112781954887218,,153596.80434183654,0.0,30.293136438675145,1.0,1.0,NONE
2016-03-23,5067.79,1.1909999999999998,0.9114114114114116,,153519.2539125535,0.0,30.293136438675145,1.0,1.0,NONE
2016-03-24,4997.29,1.2440000000000002,0.9325337331334332,,151383.5877936269,0.0,30.293136438675145,1.0,1.0,NONE
2016-03-25,5034.92,1.2161,0.9221556886227544,,152523.51851781426,0.0,30.293136438675145,1.0,1.0,NONE
2016-03-28,5016.59,1.2020000000000004,0.9162929745889388,,151968.24532689335,0.0,30.293136438675145,1.0,1.0,NONE
2016-03-29,4962.94,1.2507,0.9343283582089552,,150343.0185569584,0.0,30.293136438675145,1.0,1.0,NONE
2016-03-30,5080.5,1.1776999999999995,0.9016393442622952,,153904.27967668907,0.0,30.293136438675145,1.0,1.0,NONE
2016-03-31,5085.33,1.1745,0.9002976190476191,,154050.59552568788,0.0,30.293136438675145,1.0,1.0,NONE
2016-04-01,5090.0,1.1526,0.8870728083209509,0.9002976190476191,154192.0644728565,0.0,30.293136438675145,1.0,1.0,NONE
2016-04-05,5171.44,1.1105,0.8724035608308606,,156659.13750442216,0.0,30.293136438675145,1.0,1.0,NONE
2016-04-06,5170.03,1.1166999999999998,0.8740740740740741,,156616.42418204364,0.0,30.293136438675145,1.0,1.0,NONE
2016-04-07,5094.45,1.1199,0.8742603550295858,,154326.86893000858,0.0,30.293136438675145,1.0,1.0,NONE
2016-04-08,5059.84,1.1288,0.8774002954209749,,153278.42347786605,0.0,30.293136438675145,1.0,1.0,NONE
2016-04-11,5137.17,1.0903,0.8643067846607669,,155620.99171866878,0.0,30.293136438675145,1.0,1.0,NONE
2016-04-12,5116.27,1.0939999999999994,0.8645066273932254,,154987.8651671005,0.0,30.293136438675145,1.0,1.0,NONE
2016-04-13,5186.78,1.028,0.8470588235294118,,157123.83421739147,0.0,30.293136438675145,1.0,1.0,NONE
2016-04-14,5204.97,1.0151,0.8414096916299559,,157674.86636921097,0.0,30.293136438675145,1.0,1.0,NONE
2016-04-15,5191.02,0.9986000000000002,0.8387096774193549,,157252.27711589145,0.0,30.293136438675145,1.0,1.0,NONE
2016-04-18,5136.5,1.0499,0.8550512445095169,,155600.69531725487,0.0,30.293136438675145,1.0,1.0,NONE
2016-04-19,5149.2,1.0417,0.8508771929824561,,155985.41815002606,0.0,30.293136438675145,1.0,1.0,NONE
2016-04-20,5032.8,1.0568999999999995,0.8554744525547445,,152459.29706856428,0.0,30.293136438675145,1.0,1.0,NONE
2016-04-21,5008.98,1.0702000000000005,0.8571428571428571,,151737.714558595,0.0,30.293136438675145,1.0,1.0,NONE
2016-04-22,5035.61,1.0512,0.8529839883551674,,152544.42078195693,0.0,30.293136438675145,1.0,1.0,NONE
2016-04-25,5039.77,1.0497,0.8502906976744186,,152670.44022954185,0.0,30.293136438675145,1.0,1.0,NONE
2016-04-26,5066.4,1.0561000000000005,0.8534107402031931,,153477.14645290375,0.0,30.293136438675145,1.0,1.0,NONE
2016-04-27,5047.83,1.0764,0.8594202898550725,,152914.60290923755,0.0,30.293136438675145,1.0,1.0,NONE
2016-04-28,5041.97,1.1424,0.8885672937771346,,152737.08512970692,0.0,30.293136438675145,1.0,1.0,NONE
2016-04-29,5034.26,1.1722,0.9002890173410405,,152503.52504776474,0.0,30.293136438675145,1.0,1.0,NONE
2016-05-03,5123.5,1.0861,0.86002886002886,0.9002890173410405,155206.8845435521,0.0,30.293136438675145,1.0,1.0,NONE
2016-05-04,5107.3,1.0920999999999998,0.8631123919308358,,154716.13573324558,0.0,30.293136438675145,1.0,1.0,NONE
2016-05-05,5109.4,1.0873,0.8589928057553957,,154779.75131976677,0.0,30.293136438675145,1.0,1.0,NONE
2016-05-06,4971.95,1.2128999999999994,0.9209770114942528,,150615.95971627088,0.0,30.293136438675145,1.0,1.0,NONE
2016-05-09,4852.44,1.2924999999999995,0.9555236728837876,,146995.6269804848,0.0,30.293136438675145,1.0,1.0,NONE
2016-05-10,4867.92,1.2718000000000005,0.9484240687679084,,147464.5647325555,0.0,30.293136438675145,1.0,1.0,NONE
2016-05-11,4896.01,1.2426999999999997,0.9284692417739628,,148315.4989351179,0.0,30.293136438675145,1.0,1.0,NONE
2016-05-12,4903.95,1.2606000000000002,0.9428571428571428,,148556.02643844098,0.0,30.293136438675145,1.0,1.0,NONE
2016-05-13,4893.37,1.2580000000000005,0.94151212553495,,148235.5250549198,0.0,30.293136438675145,1.0,1.0,NONE
2016-05-16,4926.88,1.1549999999999994,0.8817663817663818,,149250.6480569798,0.0,30.293136438675145,1.0,1.0,NONE
2016-05-17,4908.35,1.2015999999999996,0.9089615931721194,,148689.31623877116,0.0,30.293136438675145,1.0,1.0,NONE
2016-05-18,4842.05,1.1836000000000002,0.8963068181818182,,146680.881292887,0.0,30.293136438675145,1.0,1.0,NONE
2016-05-19,4839.71,1.1931000000000005,0.900709219858156,,146609.9953536205,0.0,30.293136438675145,1.0,1.0,NONE
2016-05-20,4859.08,1.1456999999999995,0.8753541076487252,,147196.77340643763,0.0,30.293136438675145,1.0,1.0,NONE
2016-05-23,4886.97,1.1592000000000002,0.8826025459688827,,148041.6489817123,0.0,30.293136438675145,1.0,1.0,NONE
2016-05-24,4848.85,1.2011999999999996,0.9081920903954802,,146886.87462067,0.0,30.293136438675145,1.0,1.0,NONE
2016-05-25,4853.07,1.1962000000000002,0.9026798307475318,,147014.71165644118,0.0,30.293136438675145,1.0,1.0,NONE
2016-05-26,4863.45,1.1878000000000002,0.895774647887324,,147329.15441267463,0.0,30.293136438675145,1.0,1.0,NONE
2016-05-27,4876.03,1.0625999999999998,0.829817158931083,,147710.24206907317,0.0,30.293136438675145,1.0,1.0,NONE
2016-05-30,4877.47,0.9825000000000004,0.800561797752809,,147753.86418554487,0.0,30.293136438675145,1.0,1.0,NONE
2016-05-31,5015.37,0.8925000000000001,0.7699859747545582,,151931.28770043814,0.0,30.293136438675145,1.0,1.0,NONE
2016-06-01,5016.02,0.8967,0.7703081232492998,0.7699859747545582,151950.9782391233,60780.39129564933,18.175881863205085,0.6,0.6,SELL
2016-06-02,5029.26,0.8822999999999999,0.7636363636363637,,152191.62691499214,60780.39129564933,18.175881863205085,0.6,0.6006324886085966,NONE
2016-06-03,5056.97,0.6993,0.6424581005586593,,152695.28060142155,60780.39129564933,18.175881863205085,0.6,0.6019497717529098,NONE
2016-06-06,5059.18,0.8331999999999997,0.7322175732217573,,152735.44930033924,60780.39129564933,18.175881863205085,0.6,0.6020544570754451,NONE
2016-06-07,5051.75,0.8472,0.7437325905292479,,152600.40249809562,60780.39129564933,18.175881863205085,0.6,0.6017022871456198,NONE
2016-06-08,5029.13,0.9459,0.7885952712100139,,152189.2640503499,60780.39129564933,18.175881863205085,0.6,0.6006262880965053,NONE
2016-06-13,4887.92,0.9847,0.8041666666666667,,149622.64777244674,60780.39129564933,18.175881863205085,0.6,0.5937754597947827,NONE
2016-06-14,4900.81,1.0082,0.8085991678224688,,149856.93488966345,60780.39129564933,18.175881863205085,0.6,0.5944105533694475,NONE
2016-06-15,4970.32,0.8733,0.7562326869806094,,151120.34043797484,60780.39129564933,18.175881863205085,0.6,0.5978013871627309,NONE
2016-06-16,4944.62,0.9199000000000002,0.7786998616874136,,150653.22027409045,60780.39129564933,18.175881863205085,0.6,0.5965543173583099,NONE
2016-06-17,4986.05,0.9376000000000002,0.7845303867403315,,151406.24705968302,60780.39129564933,18.175881863205085,0.6,0.5985608752874628,NONE
2016-06-20,4989.58,0.6842999999999999,0.6289655172413793,,151470.40792266018,60780.39129564933,18.175881863205085,0.6,0.5987309195953086,NONE
2016-06-21,4975.56,0.6949999999999998,0.6336088154269972,,151215.58205893805,60780.39129564933,18.175881863205085,0.6,0.59805470793374,NONE
2016-06-22,5018.47,0.6867000000000001,0.6313617606602476,,151995.50914968815,60780.39129564933,18.175881863205085,0.6,0.6001171900691381,NONE
2016-06-23,4995.25,0.6956000000000002,0.6346153846153846,,151573.4651728245,60780.39129564933,18.175881863205085,0.6,0.5990037489322598,NONE
2016-06-24,4938.73,1.2989000000000006,0.9588477366255144,,150546.16432991618,60780.39129564933,18.175881863205085,0.6,0.5962674202548832,NONE
2016-06-27,5005.29,1.2863000000000002,0.9547945205479452,,151755.9510267311,60780.39129564933,18.175881863205085,0.6,0.5994859451347437,NONE
2016-06-28,5035.69,1.2694999999999994,0.945280437756498,,152308.49783537252,60780.39129564933,18.175881863205085,0.6,0.6009389353879274,NONE
2016-06-29,5051.32,1.2428,0.924863387978142,,152592.58686889443,60780.39129564933,18.175881863205085,0.6,0.601681886762487,NONE
2016-06-30,5057.93,1.2169999999999996,0.9154160982264664,,152712.7294480102,60780.39129564933,18.175881863205085,0.6,0.6019952526855891,NONE
2016-07-01,5062.73,1.2133000000000005,0.9114441416893732,0.9154160982264664,152799.97368095358,0.0,30.181339648954932,1.0,1.0,BUY
2016-07-04,5139.62,0.5801000000000003,0.580952380952381,,155120.61688656174,0.0,30.181339648954932,1.0,1.0,NONE
2016-07-05,5148.39,0.5806,0.5815217391304348,,155385.30723528308,0.0,30.181339648954932,1.0,1.0,NONE
2016-07-06,5169.83,0.6275,0.5997286295793759,,156032.39515735666,0.0,30.181339648954932,1.0,1.0,NONE
2016-07-07,5160.86,0.6080000000000001,0.5907859078590786,,155761.66854070555,0.0,30.181339648954932,1.0,1.0,NONE
2016-07-08,5141.28,1.4616000000000002,0.9891745602165088,,155170.717910379,0.0,30.181339648954932,1.0,1.0,NONE
2016-07-11,5156.5,0.7153999999999998,0.6445945945945946,,155630.07789983612,0.0,30.181339648954932,1.0,1.0,NONE
2016-07-12,5276.63,0.6574999999999998,0.6086369770580297,,159255.76223186505,0.0,30.181339648954932,1.0,1.0,NONE
2016-07-13,5303.68,0.9175,0.7722371967654986,,160072.1674693693,0.0,30.181339648954932,1.0,1.0,NONE
2016-07-14,5282.79,0.9451,0.7819650067294751,,159441.67928410263,0.0,30.181339648954932,1.0,1.0,NONE
2016-07-15,5296.11,0.9409999999999998,0.7795698924731183,,159843.6947282267,0.0,30.181339648954932,1.0,1.0,NONE
2016-07-18,5304.11,0.9358,0.7758389261744967,,160085.14544541834,0.0,30.181339648954932,1.0,1.0,NONE
2016-07-19,5280.44,1.1042,0.8471849865951743,,159370.75313592757,0.0,30.181339648954932,1.0,1.0,NONE
2016-07-20,5264.56,1.1396000000000002,0.8607764390896921,,158891.47346230218,0.0,30.181339648954932,1.0,1.0,NONE
2016-07-21,5294.23,1.0873,0.8368983957219251,,159786.95380968665,0.0,30.181339648954932,1.0,1.0,NONE
2016-07-22,5239.04,0.9613999999999998,0.7850467289719626,,158121.24567446084,0.0,30.181339648954932,1.0,1.0,NONE
2016-07-25,5260.18,0.9076,0.7613333333333333,,158759.27919463976,0.0,30.181339648954932,1.0,1.0,NONE
2016-07-26,5331.19,0.8871000000000002,0.748335552596538,,160902.45612311203,0.0,30.181339648954932,1.0,1.0,NONE
2016-07-27,5254.01,0.8936000000000002,0.7526595744680851,,158573.0603290057,0.0,30.181339648954932,1.0,1.0,NONE
2016-07-28,5321.68,0.8866999999999998,0.7463479415670651,,160615.4315830505,0.0,30.181339648954932,1.0,1.0,NONE
2016-07-29,5320.33,0.9684,0.7891246684350133,,160574.6867745244,0.0,30.181339648954932,1.0,1.0,NONE
2016-08-01,5272.58,0.96,0.7841059602649006,0.7891246684350133,159133.5278062868,63653.41112251472,18.108803789372956,0.6,0.6,SELL
2016-08-02,5292.95,0.9563,0.7817460317460317,,159502.4041394763,63653.41112251472,18.108803789372956,0.6,0.6009250677698047,NONE
2016-08-03,5305.76,0.9693,0.7912813738441216,,159734.3779160182,63653.41112251472,18.108803789372956,0.6,0.6015046231564436,NONE
2016-08-04,5316.76,0.9659,0.7862796833773087,,159933.57475770128,63653.41112251472,18.108803789372956,0.6,0.6020009480876709,NONE
2016-08-05,5321.96,0.9745,0.7931488801054019,,160027.740537406,63653.41112251472,18.108803789372956,0.6,0.6022351443021473,NONE
2016-08-08,5377.7,0.9549000000000004,0.7776315789473685,,161037.12526062567,63653.41112251472,18.108803789372956,0.6,0.6047283443522927,NONE
2016-08-09,5412.19,0.9688,0.7884362680683311,,161661.69790332112,63653.41112251472,18.108803789372956,0.6,0.6062554584785972,NONE
2016-08-10,5387.64,0.9968000000000004,0.8018372703412073,,161217.12677029206,63653.41112251472,18.108803789372956,0.6,0.6051696715001602,NONE
2016-08-11,5366.01,0.992,0.799475753604194,,160825.4333443279,63653.41112251472,18.108803789372956,0.6,0.6042080546661267,NONE
2016-08-12,5473.18,0.9571,0.7761780104712042,,162766.15384643502,63653.41112251472,18.108803789372956,0.6,0.6089272270783653,NONE
2016-08-15,5608.37,0.9081,0.7516339869281046,,165214.2830307203,63653.41112251472,18.108803789372956,0.6,0.6147221054085327,NONE
2016-08-16,5584.73,0.9225000000000004,0.7571801566579635,,164786.19090913955,63653.41112251472,18.108803789372956,0.6,0.6137212058162557,NONE
2016-08-17,5584.54,0.9047999999999998,0.7483702737940026,,164782.75023641955,63653.41112251472,18.108803789372956,0.6,0.6137131402941817,NONE
2016-08-18,5572.74,0.9368,0.7643229166666666,,164569.06635170497,63653.41112251472,18.108803789372956,0.6,0.6132115680447545,NONE
2016-08-19,5579.49,0.9127999999999998,0.7516254876462939,,164691.30077728324,63653.41112251472,18.108803789372956,0.6,0.6134986436922066,NONE
2016-08-22,5545.39,0.9217,0.7558441558441559,,164073.79056806563,63653.41112251472,18.108803789372956,0.6,0.6120440022618466,NONE
2016-08-23,5549.52,0.8753000000000002,0.7250324254215305,,164148.57992771573,63653.41112251472,18.108803789372956,0.6,0.6122207627349255,NONE
2016-08-24,5533.06,0.871,0.7202072538860104,,163850.50901734264,63653.41112251472,18.108803789372956,0.6,0.6115153287941427,NONE
2016-08-25,5505.91,0.8963000000000001,0.7373868046571799,,163358.85499446117,63653.41112251472,18.108803789372956,0.6,0.6103461234184523,NONE
2016-08-26,5496.57,0.9427000000000004,0.7700258397932817,,163189.7187670684,63653.41112251472,18.108803789372956,0.6,0.6099422708524214,NONE
2016-08-29,5495.5,0.9379,0.7664516129032258,,163170.34234701382,63653.41112251472,18.108803789372956,0.6,0.6098959516359704,NONE
2016-08-30,5506.24,0.8731,0.7177835051546392,,163364.83089971167,63653.41112251472,18.108803789372956,0.6,0.6103603770043319,NONE
2016-08-31,5530.35,0.8636999999999997,0.7091377091377091,,163801.43415907345,63653.41112251472,18.108803789372956,0.6,0.6113989389085653,NONE
2016-09-01,5481.92,0.8847,0.7262210796915167,0.7091377091377091,162924.4247915541,65169.76991662166,17.832192894995266,0.6,0.6,SELL
2016-09-02,5494.38,0.8738999999999999,0.7188703465982028,,163146.61391502575,65169.76991662166,17.832192894995266,0.6,0.6005447593870071,NONE
2016-09-05,5516.51,0.8659999999999997,0.7076923076923077,,163541.24034379201,65169.76991662166,17.832192894995266,0.6,0.6015086483407883,NONE
2016-09-06,5562.23,0.8540999999999999,0.6991037131882202,,164356.5282029512,65169.76991662166,17.832192894995266,0.6,0.6034853581468419,NONE
2016-09-07,5566.77,0.8283,0.6828644501278772,,164437.48635869447,65169.76991662166,17.832192894995266,0.6,0.6036805757632169,NONE
2016-09-08,5574.46,0.8388,0.6896551724137931,,164574.61592205698,65169.76991662166,17.832192894995266,0.6,0.6040108035404059,NONE
2016-09-09,5528.22,0.8651,0.7079081632653061,,163750.05532259238,65169.76991662166,17.832192894995266,0.6,0.602016806722689,NONE
2016-09-12,5427.05,0.8834,0.7273885350318471,,161945.97236740572,65169.76991662166,17.832192894995266,0.6,0.5975832620969946,NONE
2016-09-13,5435.87,0.9148999999999998,0.7531806615776081,,162103.25230873958,65169.76991662166,17.832192894995266,0.6,0.5979737051018555,NONE
2016-09-14,5383.52,0.9613,0.7852604828462516,,161169.7370106866,65169.76991662166,17.832192894995266,0.6,0.595645118461039,NONE
2016-09-19,5437.84,0.8405,0.6878172588832487,,162138.38172874274,65169.76991662166,17.832192894995266,0.6,0.5980608094038424,NONE
2016-09-20,5443.18,0.8595999999999999,0.7008871989860583,,162233.605638802,65169.76991662166,17.832192894995266,0.6,0.5982967298297243,NONE
2016-09-21,5449.0,0.9507000000000004,0.7759493670886076,,162337.38900145085,65169.76991662166,17.832192894995266,0.6,0.5985535413777093,NONE
2016-09-22,5499.32,0.9263,0.7585335018963337,,163234.70494792704,65169.76991662166,17.832192894995266,0.6,0.6007603288932261,NONE
2016-09-23,5473.72,0.8494000000000002,0.6919191919191919,,162778.20080981514,65169.76991662166,17.832192894995266,0.6,0.5996406792039437,NONE
2016-09-26,5392.91,0.9667,0.7919293820933165,,161337.1813019706,65169.76991662166,17.832192894995266,0.6,0.5960647794221401,NONE
2016-09-27,5426.34,0.9479000000000002,0.77455919395466,,161933.31151045026,65169.76991662166,17.832192894995266,0.6,0.5975517988933614,NONE
2016-09-28,5417.63,0.9497999999999998,0.7748427672955975,,161777.99311033485,65169.76991662166,17.832192894995266,0.6,0.5971654199457466,NONE
2016-09-29,5436.2,0.9272999999999998,0.7562814070351759,,162109.13693239493,65169.76991662166,17.832192894995266,0.6,0.5979882988100808,NONE
2016-09-30,5451.22,0.9328,0.7590966122961104,,162376.97646967776,65169.76991662166,17.832192894995266,0.6,0.5986514139288001,NONE
2016-10-10,5523.2,0.9495999999999998,0.7744360902255639,0.7590966122961104,163660.53771425952,65464.21508570379,17.77888228355948,0.6,0.6,SELL
2016-10-11,5537.47,0.9339,0.7584480600750939,,163914.2423644459,65464.21508570379,17.77888228355948,0.6,0.6006191155729405,NONE
2016-10-12,5526.75,0.9195000000000002,0.7475,,163723.65274636616,65464.21508570379,17.77888228355948,0.6,0.6001541989347243,NONE
2016-10-13,5541.98,0.9270999999999998,0.7528089887640449,,163994.42512354476,65464.21508570379,17.77888228355948,0.6,0.6008143872184282,NONE
2016-10-14,5542.5,0.9168000000000004,0.743142144638404,,164003.6701423322,65464.21508570379,17.77888228355948,0.6,0.6008368896324696,NONE
2016-10-17,5503.01,0.9450000000000004,0.7708592777085927,,163301.58208095445,65464.21508570379,17.77888228355948,0.6,0.5991207540582746,NONE
2016-10-18,5576.93,0.902,0.7325870646766169,,164615.79705935516,65464.21508570379,17.77888228355948,0.6,0.6023211851162771,NONE
2016-10-19,5567.16,0.9319000000000002,0.7552795031055901,,164442.09737944478,65464.21508570379,17.77888228355948,0.6,0.6019011182115536,NONE
2016-10-20,5573.75,0.9417,0.7692307692307693,,164559.26021369343,65464.21508570379,17.77888228355948,0.6,0.6021845564892961,NONE
2016-10-21,5599.55,0.9285,0.7521685254027262,,165017.9553766093,65464.21508570379,17.77888228355948,0.6,0.6032903514269143,NONE
2016-10-24,5653.81,0.8776000000000002,0.7079207920792079,,165982.63752931522,65464.21508570379,17.77888228355948,0.6,0.6055960065453126,NONE
2016-10-25,5675.61,0.8531,0.6798516687268232,,166370.21716309682,65464.21508570379,17.77888228355948,0.6,0.6065148185655872,NONE
2016-10-26,5636.82,0.8428999999999998,0.6703703703703704,,165680.57431931753,65464.21508570379,17.77888228355948,0.6,0.6048769425464806,NONE
2016-10-27,5629.13,0.8686000000000003,0.6966707768187423,,165543.85471455695,65464.21508570379,17.77888228355948,0.6,0.6045506177285647,NONE
2016-10-28,5596.13,0.8691999999999998,0.6982758620689655,,164957.1515991995,65464.21508570379,17.77888228355948,0.6,0.6031441228764435,NONE
2016-10-31,5599.87,0.8338999999999999,0.6617466174661747,,165023.64461894002,65464.21508570379,17.77888228355948,0.6,0.6033040281174934,NONE
2016-11-01,5637.0,0.8232000000000004,0.6523341523341524,0.6617466174661747,165683.77451812857,66273.50980725144,17.63531394551661,0.6,0.6,SELL
2016-11-02,5584.47,0.855,0.6809815950920245,,164757.39147657057,66273.50980725144,17.63531394551661,0.6,0.5977509159783226,NONE
2016-11-03,5623.15,0.8388,0.6654411764705882,,165439.52541998314,66273.50980725144,17.63531394551661,0.6,0.5994094540648002,NONE
2016-11-04,5603.79,0.8424999999999998,0.6682986536107711,,165098.10574199795,66273.50980725144,17.63531394551661,0.6,0.5985810405915962,NONE
2016-11-07,5614.47,0.8214000000000001,0.6454767726161369,,165286.4508949361,66273.50980725144,17.63531394551661,0.6,0.5990384605125436,NONE
2016-11-08,5642.52,0.7943000000000002,0.6263736263736264,,165781.12145110784,66273.50980725144,17.63531394551661,0.6,0.600234880623625,NONE
2016-11-09,5611.95,0.8061000000000003,0.6329268292682927,,165242.0099037934,66273.50980725144,17.63531394551661,0.6,0.5989306239627745,NONE
2016-11-10,5684.07,0.7429999999999999,0.6065773447015834,,166513.86874554405,66273.50980725144,17.63531394551661,0.6,0.6019940542698793,NONE
2016-11-11,5711.29,0.71,0.5790754257907542,,166993.901991141,66273.50980725144,17.63531394551661,0.6,0.6031381444648964,NONE
2016-11-14,5714.28,0.6600000000000001,0.551640340218712,,167046.6315798381,66273.50980725144,17.63531394551661,0.6,0.6032634170442596,NONE
2016-11-15,5717.92,0.6720000000000002,0.5558252427184466,,167110.8241225998,66273.50980725144,17.63531394551661,0.6,0.603415816089625,NONE
2016-11-16,5714.18,0.6598999999999999,0.5503030303030303,,167044.86804844355,66273.50980725144,17.63531394551661,0.6,0.6032592286041861,NONE
2016-11-17,5740.65,0.6122000000000001,0.5302663438256658,,167511.67480858136,66273.50980725144,17.63531394551661,0.6,0.604364830791744,NONE
2016-11-18,5724.6,0.6356999999999999,0.5380894800483675,,167228.62801975582,66273.50980725144,17.63531394551661,0.6,0.6036951890831629,NONE
2016-11-21,5769.27,0.6112000000000002,0.5277777777777778,,168016.39749370207,66273.50980725144,17.63531394551661,0.6,0.6055533222003785,NONE
2016-11-22,5804.58,0.5960999999999999,0.5211097708082026,,168639.10042911826,66273.50980725144,17.63531394551661,0.6,0.6070098237086643,NONE
2016-11-23,5825.38,0.6042999999999998,0.5265060240963856,,169005.914959185,66273.50980725144,17.63531394551661,0.6,0.6078627791029887,NONE
2016-11-24,5858.64,0.5964,0.5210589651022864,,169592.46550101286,66273.50980725144,17.63531394551661,0.6,0.6092190203647012,NONE
2016-11-25,5910.09,0.5418999999999996,0.4939903846153846,,170499.8024035097,66273.50980725144,17.63531394551661,0.6,0.6112986122388185,NONE
2016-11-28,5943.77,0.5291000000000001,0.4801920768307323,,171093.7597771947,66273.50980725144,17.63531394551661,0.6,0.6126480013440846,NONE
2016-11-29,5968.8,0.4546999999999999,0.4244604316546763,,171535.171685251,66273.50980725144,17.63531394551661,0.6,0.613644775260106,NONE
2016-11-30,5903.74,0.4377999999999997,0.4119760479041916,,170387.81815995567,66273.50980725144,17.63531394551661,0.6,0.6110431454375712,NONE
2016-12-01,5962.41,0.3721000000000001,0.3552631578947368,0.4119760479041916,171422.48202913912,85711.24101456958,14.375267889086722,0.5,0.5,SELL
2016-12-02,5900.08,0.3765999999999998,0.3560334528076463,,170526.47158161236,85711.24101456958,14.375267889086722,0.5,0.4973728112731812,NONE
2016-12-05,5808.14,0.3851,0.3627684964200477,,169204.8094518897,85711.24101456958,14.375267889086722,0.5,0.49344678031188005,NONE
2016-12-06,5799.81,0.3117999999999998,0.3170441001191895,,169085.06347037363,85711.24101456958,14.375267889086722,0.5,0.49308803950274693,NONE
2016-12-07,5828.44,0.3374000000000001,0.3261904761904762,,169496.62739003816,85711.24101456958,14.375267889086722,0.5,0.49431889982486416,NONE
2016-12-08,5825.16,0.3485,0.3353151010701545,,169449.47651136198,85711.24101456958,14.375267889086722,0.5,0.49417818939781477,NONE
2016-12-09,5875.75,0.2893999999999996,0.2980997624703088,,170176.72131387086,85711.24101456958,14.375267889086722,0.5,0.496339802807193,NONE
2016-12-12,5732.24,0.2421000000000002,0.2597864768683274,,168113.72661910806,85711.24101456958,14.375267889086722,0.5,0.49015917534941184,NONE
2016-12-13,5723.02,0.2188999999999996,0.2417061611374407,,167981.18664917068,85711.24101456958,14.375267889086722,0.5,0.48975690239897035,NONE
2016-12-14,5680.3,0.2021000000000001,0.2378698224852071,,167367.0752049489,85711.24101456958,14.375267889086722,0.5,0.4878846935120774,NONE
2016-12-15,5618.52,0.1579999999999999,0.2198581560283688,,166478.9711547611,85711.24101456958,14.375267889086722,0.5,0.4851527468001275,NONE
2016-12-16,5632.92,0.2117,0.2420306965761511,,166685.97501236395,85711.24101456958,14.375267889086722,0.5,0.4857921249330549,NONE
2016-12-19,5627.78,0.1686,0.2252358490566037,,166612.08613541402,85711.24101456958,14.375267889086722,0.5,0.4855640847993001,NONE
2016-12-20,5591.79,0.1539999999999999,0.2179034157832744,,166094.72024408582,85711.24101456958,14.375267889086722,0.5,0.48396167627356274,NONE
2016-12-21,5646.54,0.2056,0.2423529411764705,,166881.7661610133,85711.24101456958,14.375267889086722,0.5,0.4863954104376364,NONE
2016-12-22,5656.37,0.2859000000000002,0.3008225616921269,,167023.07504436304,85711.24101456958,14.375267889086722,0.5,0.486829942558513,NONE
2016-12-23,5596.21,0.3213000000000003,0.3274647887323944,,166158.25892815558,85711.24101456958,14.375267889086722,0.5,0.4841590086013728,NONE
2016-12-26,5612.77,0.3292000000000001,0.3305978898007034,,166396.31336439884,85711.24101456958,14.375267889086722,0.5,0.4848969951223221,NONE
2016-12-27,5615.98,0.3360000000000003,0.3348946135831381,,166442.4579743228,85711.24101456958,14.375267889086722,0.5,0.4850398025977704,NONE
2016-12-28,5593.51,0.3885999999999998,0.3777777777777777,,166119.44570485505,85711.24101456958,14.375267889086722,0.5,0.4840384841708838,NONE
2016-12-29,5585.63,0.4711000000000003,0.455607476635514,,166006.16859388904,85711.24101456958,14.375267889086722,0.5,0.48368640912224065,NONE
2016-12-30,5612.71,0.4918,0.4760793465577596,,166395.4508483255,85711.24101456958,14.375267889086722,0.5,0.48489432506963204,NONE
2017-01-03,5669.76,0.3677999999999999,0.3601398601398601,0.4760793465577596,167215.5598813979,83607.77994069895,14.746264381684401,0.5,0.5,BUY
2017-01-04,5716.61,0.2704999999999997,0.2875436554132712,,167906.42236767983,83607.77994069895,14.746264381684401,0.5,0.502057284279362,NONE
2017-01-05,5722.89,0.2298,0.2558139534883721,,167999.0289079968,83607.77994069895,14.746264381684401,0.5,0.5023317665336863,NONE
2017-01-06,5698.27,0.2410000000000001,0.2624854819976771,,167635.97587891974,83607.77994069895,14.746264381684401,0.5,0.5012539551707728,NONE
2017-01-09,5730.91,0.2555999999999998,0.2807424593967517,,168117.2939483379,83607.77994069895,14.746264381684401,0.5,0.5026818599257763,NONE
2017-01-10,5715.01,0.2497000000000002,0.2734646581691773,,167882.82834466913,83607.77994069895,14.746264381684401,0.5,0.5019873040913431,NONE
2017-01-11,5670.12,0.2442000000000002,0.2650462962962963,,167220.8685365753,83607.77994069895,14.746264381684401,0.5,0.5000158731838432,NONE
2017-01-12,5635.61,0.2694000000000001,0.2913294797687861,,166711.97495276335,83607.77994069895,14.746264381684401,0.5,0.49848965580073895,NONE
2017-01-13,5639.46,0.2354000000000002,0.2551963048498845,,166768.74807063286,83607.77994069895,14.746264381684401,0.5,0.4986603850663441,NONE
2017-01-16,5643.66,0.1537000000000001,0.2133794694348327,,166830.68238103593,83607.77994069895,14.746264381684401,0.5,0.4988465026490663,NONE
2017-01-17,5655.56,0.1372,0.206221198156682,,167006.162927178,83607.77994069895,14.746264381684401,0.5,0.49937308614679327,NONE
2017-01-18,5690.7,0.1178999999999996,0.2002301495972382,,167524.34665755037,83607.77994069895,14.746264381684401,0.5,0.5009216176105545,NONE
2017-01-19,5677.92,0.1371000000000002,0.2068965517241379,,167335.88939875245,83607.77994069895,14.746264381684401,0.5,0.5003595448585085,NONE
2017-01-20,5727.95,0.1403999999999996,0.2112514351320321,,168073.6450057681,83607.77994069895,14.746264381684401,0.5,0.5025527057628243,NONE
2017-01-23,5734.66,0.133,0.2052752293577981,,168172.5924397692,83607.77994069895,14.746264381684401,0.5,0.5028453880162252,NONE
2017-01-24,5756.44,0.0629999999999997,0.1855670103092783,,168493.76607800229,83607.77994069895,14.746264381684401,0.5,0.503793037055189,NONE
2017-01-25,5764.58,-0.0032999999999998,0.1727688787185354,,168613.80067006923,83607.77994069895,14.746264381684401,0.5,0.5041462821640776,NONE
2017-01-26,5775.43,-0.0094999999999996,0.1714285714285714,,168773.7976386105,83607.77994069895,14.746264381684401,0.5,0.5046163497504192,NONE
2017-02-03,5739.17,-0.0548000000000001,0.160958904109589,0.1714285714285714,168239.09809213062,134591.2784737045,5.862837242741742,0.2,0.2,SELL
2017-02-06,5756.23,-0.1267,0.1459521094640821,,168339.11809549178,134591.2784737045,5.862837242741742,0.2,0.2004753262556808,NONE
2017-02-07,5760.13,-0.1146000000000002,0.1480637813211845,,168361.98316073848,134591.2784737045,5.862837242741742,0.2,0.200583908867315,NONE
2017-02-08,5780.82,-0.0908999999999999,0.1547212741751991,,168483.2852632908,134591.2784737045,5.862837242741742,0.2,0.20115946063505874,NONE
2017-02-09,5805.85,-0.0583,0.1625,,168630.03207947663,134591.2784737045,5.862837242741742,0.2,0.2018546351798677,NONE
2017-02-10,5842.68,-0.1048999999999997,0.1509648127128263,,168845.96037512683,134591.2784737045,5.862837242741742,0.2,0.2028753416742594,NONE
2017-02-13,5886.25,-0.1065999999999998,0.1496598639455782,,169101.40419379307,134591.2784737045,5.862837242741742,0.2,0.20407947458874673,NONE
2017-02-14,5873.88,-0.0945999999999998,0.1562853907134767,,169028.88089710037,134591.2784737045,5.862837242741742,0.2,0.20373797803441904,NONE
2017-02-15,5869.6,-0.1044,0.1527149321266968,,169003.78795370142,134591.2784737045,5.862837242741742,0.2,0.20361975253137068,NONE
2017-02-16,5901.08,-0.0592000000000001,0.1661016949152542,,169188.35007010296,134591.2784737045,5.862837242741742,0.2,0.20448849806776406,NONE
2017-02-17,5859.72,-0.0095,0.1805869074492099,,168945.86312174314,134591.2784737045,5.862837242741742,0.2,0.2033467053483433,NONE
2017-02-20,5963.25,-0.0045000000000001,0.1826381059751973,,169552.8426614842,134591.2784737045,5.862837242741742,0.2,0.20619863187773968,NONE
2017-02-21,5972.86,-0.028,0.1801801801801801,,169609.18452738694,134591.2784737045,5.862837242741742,0.2,0.20646232190349378,NONE
2017-02-22,6006.93,-0.0335,0.1788526434195725,,169808.93139224715,134591.2784737045,5.862837242741742,0.2,0.2073957631662628,NONE
2017-02-23,5976.56,-0.0045999999999999,0.1842696629213483,,169630.8770251851,134591.2784737045,5.862837242741742,0.2,0.20656379997539162,NONE
2017-02-24,5968.0,-0.0171999999999998,0.1818181818181818,,169580.69113838722,134591.2784737045,5.862837242741742,0.2,0.2063289896379147,NONE
2017-02-27,5912.93,-0.0058000000000002,0.1849775784753363,,169257.82469142944,134591.2784737045,5.862837242741742,0.2,0.2048150286754826,NONE
2017-02-28,5938.72,-0.0175999999999998,0.1814109742441209,,169409.02726391974,134591.2784737045,5.862837242741742,0.2,0.20552475480526314,NONE
2017-03-01,5943.6,-0.0529999999999999,0.168903803131991,0.1814109742441209,169437.63790966434,135550.11032773147,5.701515509444252,0.2,0.19999999999999996,SELL
2017-03-02,5913.88,-0.0573999999999998,0.1664804469273743,,169268.18886872364,135550.11032773147,5.701515509444252,0.2,0.19919914525193103,NONE
2017-03-03,5916.18,-0.0497999999999998,0.1729910714285714,,169281.30235439536,135550.11032773147,5.701515509444252,0.2,0.19926117980854527,NONE
2017-03-06,5946.42,-0.0586999999999999,0.164994425863991,,169453.71618340095,135550.11032773147,5.701515509444252,0.2,0.2000759063848171,NONE
2017-03-07,5953.28,-0.0710000000000001,0.1603563474387528,,169492.82857979575,135550.11032773147,5.701515509444252,0.2,0.2002604979601502,NONE
2017-03-08,5937.49,-0.1163999999999996,0.1446051167964405,,169402.8016499016,135550.11032773147,5.701515509444252,0.2,0.19983548673611803,NONE
2017-03-09,5890.83,-0.0976999999999996,0.1544444444444444,,169136.76893623095,135550.11032773147,5.701515509444252,0.2,0.19857691984859036,NONE
2017-03-10,5896.02,-0.0954999999999999,0.1564927857935627,,169166.35980172496,135550.11032773147,5.701515509444252,0.2,0.1987171061279213,NONE
2017-03-13,5952.67,-0.0895000000000001,0.1596452328159645,,169489.35065533497,135550.11032773147,5.701515509444252,0.2,0.20024408729148208,NONE
2017-03-14,5950.16,-0.0756000000000001,0.1638981173864895,,169475.03985140627,135550.11032773147,5.701515509444252,0.2,0.20017655433755785,NONE
2017-03-15,5970.18,-0.0678999999999998,0.1670353982300885,,169589.18419190537,135550.11032773147,5.701515509444252,0.2,0.20071488654403585,NONE
2017-03-16,5992.74,-0.0310999999999999,0.1889502762430939,,169717.81038179842,135550.11032773147,5.701515509444252,0.2,0.2013206508922254,NONE
2017-03-17,5929.48,-0.0031999999999996,0.2019867549668874,,169357.13251067098,135550.11032773147,5.701515509444252,0.2,0.19961971298025705,NONE
2017-03-20,5957.99,-0.0242999999999997,0.1918412348401323,,169519.68271784522,135550.11032773147,5.701515509444252,0.2,0.20038718717196963,NONE
2017-03-21,6016.36,-0.0443999999999999,0.1828193832599119,,169852.4801781315,135550.11032773147,5.701515509444252,0.2,0.20195389442901082,NONE
2017-03-22,5983.09,-0.0152000000000001,0.1958195819581958,,169662.7907571323,135550.11032773147,5.701515509444252,0.2,0.20106164868071866,NONE
2017-03-23,5995.24,-0.0152000000000001,0.1967032967032967,,169732.06417057203,135550.11032773147,5.701515509444252,0.2,0.20138772252536472,NONE
2017-03-24,6048.29,0.0070999999999998,0.2107574094401756,,170034.52956834805,135550.11032773147,5.701515509444252,0.2,0.20280833150865996,NONE
2017-03-27,6030.19,0.0194,0.2138157894736842,,169931.3321376271,135550.11032773147,5.701515509444252,0.2,0.2023242057683061,NONE
2017-03-28,6009.46,0.0131999999999998,0.2135815991237677,,169813.1397211163,135550.11032773147,5.701515509444252,0.2,0.2017690118070659,NONE
2017-03-29,6000.1,0.0037000000000002,0.2078774617067833,,169759.77353594793,135550.11032773147,5.701515509444252,0.2,0.20151807754958098,NONE
2017-03-30,5960.09,-0.0066000000000001,0.1989071038251366,,169531.65590041506,135550.11032773147,5.701515509444252,0.2,0.20044365987107896,NONE
2017-03-31,6006.13,-0.0251000000000001,0.1910480349344978,,169794.15367446988,135550.11032773147,5.701515509444252,0.2,0.2016797551957604,NONE
2017-04-05,6087.33,-0.0806,0.1613958560523446,0.1910480349344978,170257.11673383674,136205.6933870694,5.593819186205996,0.2,0.2,SELL
2017-04-06,6111.82,-0.0898000000000003,0.1568627450980392,,170394.1093657069,136205.6933870694,5.593819186205996,0.2,0.20064318013048757,NONE
2017-04-07,6122.51,-0.0810000000000004,0.1610446137105549,,170453.90729280747,136205.6933870694,5.593819186205996,0.2,0.20092360714797897,NONE
2017-04-10,6119.88,-0.0918000000000001,0.1554347826086956,,170439.19554834775,136205.6933870694,5.593819186205996,0.2,0.2008546335315663,NONE
2017-04-11,6141.71,-0.1032999999999999,0.1498371335504886,,170561.30862118263,136205.6933870694,5.593819186205996,0.2,0.20142678026947597,NONE
2017-04-12,6144.08,-0.1158000000000001,0.1420824295010846,,170574.56597265392,136205.6933870694,5.593819186205996,0.2,0.20148884676684137,NONE
2017-04-13,6182.07,-0.1057999999999999,0.1462621885157096,,170787.0751635379,136205.6933870694,5.593819186205996,0.2,0.20248242873973307,NONE
2017-04-14,6108.6,-0.1213999999999999,0.1396103896103896,,170376.09726792734,136205.6933870694,5.593819186205996,0.2,0.20055867242411826,NONE
2017-04-17,6078.24,-0.1791999999999998,0.1264864864864865,,170206.26891743412,136205.6933870694,5.593819186205996,0.2,0.19976100614048578,NONE
2017-04-18,6063.64,-0.1488,0.1295896328293736,,170124.5991573155,136205.6933870694,5.593819186205996,0.2,0.1993768446083512,NONE
2017-04-19,6040.92,-0.1072999999999999,0.1477885652642934,,169997.5075854049,136205.6933870694,5.593819186205996,0.2,0.19877829197795086,NONE
2017-04-20,6067.16,-0.1318999999999999,0.136853448275862,,170144.28940085095,136205.6933870694,5.593819186205996,0.2,0.19946949811418022,NONE
2017-04-21,6071.55,-0.1931999999999996,0.123789020452099,,170168.84626707842,136205.6933870694,5.593819186205996,0.2,0.19958502173014775,NONE
2017-04-24,5996.3,-0.2159999999999997,0.1172043010752688,,169747.9113733164,136205.6933870694,5.593819186205996,0.2,0.1976001808498228,NONE
2017-04-25,6024.34,-0.1814,0.1278195488721804,,169904.76206329762,136205.6933870694,5.593819186205996,0.2,0.19834093092501862,NONE
2017-04-26,6030.04,-0.1801000000000003,0.1287553648068669,,169936.646832659,136205.6933870694,5.593819186205996,0.2,0.19849134412311517,NONE
2017-04-27,6016.36,-0.1849999999999996,0.127545551982851,,169860.1233861917,136205.6933870694,5.593819186205996,0.2,0.19813025758026825,NONE
2017-04-28,5981.38,-0.2221999999999999,0.1167023554603854,,169664.45159105823,136205.6933870694,5.593819186205996,0.2,0.1972054716838055,NONE
2017-05-02,5951.2,-0.2336,0.1133689839572192,0.1167023554603854,169495.63012801853,135596.50410241482,5.696183295067163,0.2,0.19999999999999996,BUY
2017-05-03,5913.94,-0.2522999999999999,0.1111111111111111,,169283.39033844433,135596.50410241482,5.696183295067163,0.2,0.19899699650792727,NONE
2017-05-04,5911.3,-0.2787999999999999,0.1045891141942369,,169268.35241454534,135596.50410241482,5.696183295067163,0.2,0.19892583481681647,NONE
2017-05-05,5879.64,-0.2836000000000003,0.103411513859275,,169088.0112514235,135596.50410241482,5.696183295067163,0.2,0.1980714475327815,NONE
2017-05-08,5831.17,-0.3905000000000003,0.0670926517571885,,168811.91724711162,135596.50410241482,5.696183295067163,0.2,0.1967598833444628,NONE
2017-05-09,5830.63,-0.3776999999999999,0.075531914893617,,168808.84130813228,135596.50410241482,5.696183295067163,0.2,0.19674524715855313,NONE
2017-05-10,5771.91,-0.3738999999999999,0.0765143464399575,,168474.36142504594,135596.50410241482,5.696183295067163,0.2,0.19515050862655103,NONE
2017-05-11,5811.06,-0.3264,0.0902335456475583,,168697.36700104782,135596.50410241482,5.696183295067163,0.2,0.19621446076527913,NONE
2017-05-12,5856.43,-0.3569999999999997,0.080593849416755,,168955.80283714502,135596.50410241482,5.696183295067163,0.2,0.19744393607412772,NONE
2017-05-15,5897.99,-0.3182,0.0953389830508474,,169192.536214888,135596.50410241482,5.696183295067163,0.2,0.19856686863422593,NONE
2017-05-16,5966.51,-0.3296999999999999,0.0899470899470899,,169582.838694266,135596.50410241482,5.696183295067163,0.2,0.20041140279013586,NONE
2017-05-17,5949.01,-0.3451999999999997,0.0856236786469344,,169483.15548660234,135596.50410241482,5.696183295067163,0.2,0.19994111678470755,NONE
2017-05-18,5921.52,-0.3108999999999997,0.0982048574445617,,169326.56740782093,135596.50410241482,5.696183295067163,0.2,0.1992012465720614,NONE
2017-05-19,5943.84,-0.3378999999999998,0.0875527426160337,,169453.70621896684,135596.50410241482,5.696183295067163,0.2,0.19980207498561275,NONE
2017-05-22,5925.81,-0.3940000000000001,0.0663856691253951,,169351.00403415677,135596.50410241482,5.696183295067163,0.2,0.19931679841079616,NONE
2017-05-23,5941.29,-0.4775999999999998,0.0526315789473684,,169439.1809515644,135596.50410241482,5.696183295067163,0.2,0.1997334775763806,NONE
2017-05-24,5951.66,-0.4645999999999999,0.0536277602523659,,169498.25037233427,135596.50410241482,5.696183295067163,0.2,0.20001236706247982,NONE
2017-05-25,6037.76,-0.4709000000000003,0.0535714285714285,,169988.69175403955,135596.50410241482,5.696183295067163,0.2,0.20232044435866087,NONE
2017-05-26,6050.42,-0.4708000000000001,0.0545645330535152,,170060.8054345551,135596.50410241482,5.696183295067163,0.2,0.2026586975409995,NONE
2017-05-31,6060.79,-0.4563999999999999,0.0576519916142557,,170119.87485532492,135596.50410241482,5.696183295067163,0.2,0.2029355522526091,NONE
2017-06-01,6050.43,-0.4799000000000002,0.0523560209424083,0.0576519916142557,170060.86239638802,170060.86239638802,0.0,0.0,0.0,SELL
2017-06-02,6061.01,-0.4832000000000001,0.0523012552301255,,170060.86239638802,170060.86239638802,0.0,0.0,0.0,NONE
2017-06-05,6038.48,-0.4079000000000001,0.0710553814002089,,170060.86239638802,170060.86239638802,0.0,0.0,0.0,NONE
2017-06-06,6070.49,-0.5255000000000001,0.0469728601252609,,170060.86239638802,170060.86239638802,0.0,0.0,0.0,NONE
2017-06-07,6155.06,-0.5512000000000001,0.0427528675703858,,170060.86239638802,170060.86239638802,0.0,0.0,0.0,NONE
2017-06-08,6211.5,-0.6544000000000003,0.0270833333333333,,170060.86239638802,170060.86239638802,0.0,0.0,0.0,NONE
2017-06-09,6233.06,-0.6028000000000002,0.0353798126951092,,170060.86239638802,170060.86239638802,0.0,0.0,0.0,NONE
2017-06-12,6253.75,-0.5507,0.0467775467775467,,170060.86239638802,170060.86239638802,0.0,0.0,0.0,NONE
2017-06-13,6274.68,-0.5421,0.0488058151609553,,170060.86239638802,170060.86239638802,0.0,0.0,0.0,NONE
2017-06-14,6198.2,-0.193,0.1524896265560166,,170060.86239638802,170060.86239638802,0.0,0.0,0.0,NONE
2017-06-15,6174.18,-0.1603000000000003,0.160621761658031,,170060.86239638802,170060.86239638802,0.0,0.0,0.0,NONE
2017-06-16,6150.09,0.0394000000000001,0.2587991718426501,,170060.86239638802,170060.86239638802,0.0,0.0,0.0,NONE
2017-06-19,6194.91,0.0674999999999999,0.2668045501551189,,170060.86239638802,170060.86239638802,0.0,0.0,0.0,NONE
2017-06-20,6188.56,0.0739999999999998,0.2696280991735537,,170060.86239638802,170060.86239638802,0.0,0.0,0.0,NONE
2017-06-21,6263.06,0.0116999999999998,0.2549019607843137,,170060.86239638802,170060.86239638802,0.0,0.0,0.0,NONE
2017-06-22,6261.72,0.0,0.2463917525773196,,170060.86239638802,170060.86239638802,0.0,0.0,0.0,NONE
2017-06-23,6314.6,-0.1446,0.164778578784758,,170060.86239638802,170060.86239638802,0.0,0.0,0.0,NONE
2017-06-26,6386.15,-0.5114999999999998,0.0534979423868312,,170060.86239638802,170060.86239638802,0.0,0.0,0.0,NONE
2017-06-27,6399.12,-0.5124,0.05344295991778,,170060.86239638802,170060.86239638802,0.0,0.0,0.0,NONE
2017-06-28,6364.61,-0.5510000000000002,0.0451745379876796,,170060.86239638802,170060.86239638802,0.0,0.0,0.0,NONE
2017-06-29,6392.27,-0.5375999999999999,0.0502564102564102,,170060.86239638802,170060.86239638802,0.0,0.0,0.0,NONE
2017-06-30,6404.05,-0.5378999999999996,0.0502049180327868,,170060.86239638802,170060.86239638802,0.0,0.0,0.0,NONE
2017-07-03,6392.28,-0.5642,0.0409416581371545,0.0502049180327868,170060.86239638802,170060.86239638802,0.0,0.0,0.0,NONE
2017-07-04,6345.72,-0.5735000000000001,0.0398773006134969,,170060.86239638802,170060.86239638802,0.0,0.0,0.0,NONE
2017-07-05,6401.44,-0.4513000000000002,0.0725229826353421,,170060.86239638802,170060.86239638802,0.0,0.0,0.0,NONE
2017-07-06,6404.51,-0.4328999999999996,0.0816326530612244,,170060.86239638802,170060.86239638802,0.0,0.0,0.0,NONE
2017-07-07,6410.95,-0.8611,0.018348623853211,,170060.86239638802,170060.86239638802,0.0,0.0,0.0,NONE
2017-07-10,6411.93,-1.1236000000000002,0.0071283095723014,,170060.86239638802,170060.86239638802,0.0,0.0,0.0,NONE
2017-07-11,6447.57,-0.6388000000000003,0.0295015259409969,,170060.86239638802,170060.86239638802,0.0,0.0,0.0,NONE
2017-07-12,6418.12,-0.6381999999999999,0.0304878048780487,,170060.86239638802,170060.86239638802,0.0,0.0,0.0,NONE
2017-07-13,6439.6,-0.5141,0.0619289340101522,,170060.86239638802,170060.86239638802,0.0,0.0,0.0,NONE
2017-07-14,6488.84,-0.1375999999999999,0.178498985801217,,170060.86239638802,170060.86239638802,0.0,0.0,0.0,NONE
2017-07-17,6409.68,-0.1756000000000002,0.1702127659574468,,170060.86239638802,170060.86239638802,0.0,0.0,0.0,NONE
2017-07-18,6413.68,-0.1486,0.1751012145748987,,170060.86239638802,170060.86239638802,0.0,0.0,0.0,NONE
2017-07-19,6502.6,-0.1373999999999999,0.1809908998988877,,170060.86239638802,170060.86239638802,0.0,0.0,0.0,NONE
2017-07-20,6557.45,-0.1421999999999998,0.1787878787878788,,170060.86239638802,170060.86239638802,0.0,0.0,0.0,NONE
2017-07-21,6556.61,-0.1236000000000001,0.1907164480322906,,170060.86239638802,170060.86239638802,0.0,0.0,0.0,NONE
2017-07-24,6599.05,-0.1336000000000003,0.1844758064516129,,170060.86239638802,170060.86239638802,0.0,0.0,0.0,NONE
2017-07-25,6567.42,-0.1693000000000002,0.1701913393756294,,170060.86239638802,170060.86239638802,0.0,0.0,0.0,NONE
2017-07-26,6533.8,-0.2023999999999999,0.1599597585513078,,170060.86239638802,170060.86239638802,0.0,0.0,0.0,NONE
2017-07-27,6527.23,-0.1705000000000001,0.1708542713567839,,170060.86239638802,170060.86239638802,0.0,0.0,0.0,NONE
2017-07-28,6551.68,-0.1817999999999999,0.1666666666666666,,170060.86239638802,170060.86239638802,0.0,0.0,0.0,NONE
2017-07-31,6580.65,-0.2543999999999999,0.1454363089267803,,170060.86239638802,170060.86239638802,0.0,0.0,0.0,NONE
2017-08-01,6621.0,-0.2961,0.1322645290581162,0.1454363089267803,170060.86239638802,136048.68991711043,5.137014420673253,0.2,0.2,BUY
2017-08-02,6591.74,-0.262,0.1451451451451451,,169910.55335443915,136048.68991711043,5.137014420673253,0.2,0.19929229096612805,NONE
2017-08-03,6538.61,-0.2252999999999998,0.154,,169637.62377826875,136048.68991711043,5.137014420673253,0.2,0.19800403420565488,NONE
2017-08-04,6508.59,-0.2153999999999998,0.1578421578421578,,169483.41060536017,136048.68991711043,5.137014420673253,0.2,0.19727429704670052,NONE
2017-08-07,6550.19,-0.2837999999999998,0.1367265469061876,,169697.11040526017,136048.68991711043,5.137014420673253,0.2,0.19828517060657458,NONE
2017-08-08,6543.69,-0.2517,0.1495513459621136,,169663.71981152578,136048.68991711043,5.137014420673253,0.2,0.19812738947228828,NONE
2017-08-09,6561.37,-0.2360999999999999,0.1523904382470119,,169754.5422264833,136048.68991711043,5.137014420673253,0.2,0.19855640896137647,NONE
2017-08-10,6543.48,-0.2085000000000003,0.16318407960199,,169662.64103849744,136048.68991711043,5.137014420673253,0.2,0.1981222908923115,NONE
2017-08-11,6429.21,-0.1911999999999998,0.1709741550695825,,169075.63440064713,136048.68991711043,5.137014420673253,0.2,0.19533828514447543,NONE
2017-08-14,6482.02,-0.1820999999999997,0.1747765640516385,,169346.92013220288,136048.68991711043,5.137014420673253,0.2,0.1966273150353,NONE
2017-08-15,6522.24,-0.1979999999999999,0.1676587301587301,,169553.53085220236,136048.68991711043,5.137014420673253,0.2,0.19760627081424603,NONE
2017-08-16,6499.84,-0.2018000000000004,0.1674925668979187,,169438.46172917925,136048.68991711043,5.137014420673253,0.2,0.19706134883021506,NONE
2017-08-17,6531.63,-0.2084000000000001,0.1633663366336633,,169601.7674176125,136048.68991711043,5.137014420673253,0.2,0.1978344802143712,NONE
2017-08-18,6547.1,-0.2195,0.1582591493570722,,169681.2370307003,136048.68991711043,5.137014420673253,0.2,0.19821017162613416,NONE
2017-08-21,6573.31,-0.2519,0.1482213438735178,,169815.87817866614,136048.68991711043,5.137014420673253,0.2,0.19884588310422113,NONE
2017-08-22,6574.79,-0.2688999999999999,0.1431391905231984,,169823.48096000875,136048.68991711043,5.137014420673253,0.2,0.19888174975551132,NONE
2017-08-23,6571.87,-0.2861000000000002,0.1341222879684418,,169808.48087790038,136048.68991711043,5.137014420673253,0.2,0.198810982739223,NONE
2017-08-24,6568.23,-0.3243,0.1172413793103448,,169789.78214540912,136048.68991711043,5.137014420673253,0.2,0.19872274881301502,NONE
2017-08-25,6654.89,-0.3859999999999997,0.093503937007874,,170234.95581510465,136048.68991711043,5.137014420673253,0.2,0.20081813241179777,NONE
2017-08-28,6702.51,-0.4239999999999999,0.0855457227138643,,170479.58044181712,136048.68991711043,5.137014420673253,0.2,0.20196489477200225,NONE
2017-08-29,6700.03,-0.3515000000000001,0.1080550098231827,,170466.84064605384,136048.68991711043,5.137014420673253,0.2,0.2019052538223959,NONE
2017-08-30,6706.54,-0.3376000000000001,0.113837095191364,,170500.28260993242,136048.68991711043,5.137014420673253,0.2,0.20206179230587995,NONE
2017-08-31,6666.81,-0.3056000000000001,0.1294117647058823,,170296.18902699908,136048.68991711043,5.137014420673253,0.2,0.20110549334993627,NONE
2017-09-01,6681.32,-0.3052999999999999,0.1302644466209598,0.1294117647058823,170370.72710624308,136296.58168499445,5.099912206158156,0.2,0.19999999999999998,SELL
2017-09-04,6690.06,-0.3334000000000001,0.1164383561643835,,170415.3003389249,136296.58168499445,5.099912206158156,0.2,0.20020924521492225,NONE
2017-09-05,6694.08,-0.3681000000000001,0.1026392961876832,,170435.80198599363,136296.58168499445,5.099912206158156,0.2,0.20030545169027772,NONE
2017-09-06,6682.78,-0.3587000000000002,0.10546875,,170378.17297806405,136296.58168499445,5.099912206158156,0.2,0.20003496162303347,NONE
2017-09-07,6667.96,-0.3043,0.1346341463414634,,170302.59227916878,136296.58168499445,5.099912206158156,0.2,0.19967993522042188,NONE
2017-09-08,6661.18,-0.2833999999999999,0.1471734892787524,,170268.01487441105,136296.58168499445,5.099912206158156,0.2,0.19951740915329147,NONE
2017-09-11,6673.25,-0.2957000000000001,0.1402142161635832,,170329.57081473936,136296.58168499445,5.099912206158156,0.2,0.19980669807922682,NONE
2017-09-12,6701.15,-0.3132000000000001,0.1274319066147859,,170471.85836529118,136296.58168499445,5.099912206158156,0.2,0.20047459450500693,NONE
2017-09-13,6714.9,-0.3299000000000003,0.119533527696793,,170541.98215812584,136296.58168499445,5.099912206158156,0.2,0.20080334495807137,NONE
2017-09-14,6698.19,-0.2820999999999998,0.1504854368932038,,170456.76262516095,136296.58168499445,5.099912206158156,0.2,0.200403788116554,NONE
2017-09-15,6686.42,-0.1888999999999998,0.1910766246362754,,170396.73665849445,136296.58168499445,5.099912206158156,0.2,0.20012211291254262,NONE
2017-09-18,6700.76,-0.2098,0.1773255813953488,,170469.86939953078,136296.58168499445,5.099912206158156,0.2,0.20046526600219466,NONE
2017-09-19,6681.08,-0.205,0.1819941916747338,,170369.50312731357,136296.58168499445,5.099912206158156,0.2,0.1999942525914227,NONE
2017-09-20,6714.76,-0.1431,0.2108317214700193,,170541.268170417,136296.58168499445,5.099912206158156,0.2,0.20079999904306334,NONE
2017-09-21,6711.77,-0.2547000000000001,0.1603864734299517,,170526.01943292058,136296.58168499445,5.099912206158156,0.2,0.20072853316904452,NONE
2017-09-22,6720.69,-0.2517999999999998,0.1640926640926641,,170571.51064979951,136296.58168499445,5.099912206158156,0.2,0.20094169790859703,NONE
2017-09-25,6690.25,-0.2454999999999998,0.1668273866923818,,170416.26932224404,136296.58168499445,5.099912206158156,0.2,0.200213792808314,NONE
2017-09-26,6687.55,-0.2816999999999998,0.1502890173410404,,170402.49955928745,136296.58168499445,5.099912206158156,0.2,0.2001491642581607,NONE
2017-09-27,6697.42,-0.2763999999999997,0.1559191530317613,,170452.83569276222,136296.58168499445,5.099912206158156,0.2,0.20038536683152464,NONE
2017-09-28,6683.04,-0.2608999999999999,0.1605769230769231,,170379.49895523765,136296.58168499445,5.099912206158156,0.2,0.2000411873449488,NONE
2017-09-29,6695.92,-0.2647999999999997,0.159462055715658,,170445.18582445296,136296.58168499445,5.099912206158156,0.2,0.20034947877395187,NONE
2017-10-09,6764.3,-0.3302999999999998,0.118042226487524,0.159462055715658,170793.91782111008,136635.13425688806,5.049862301231762,0.2,0.19999999999999996,SELL
2017-10-10,6773.08,-0.3340999999999998,0.1150527325023969,,170838.25561211488,136635.13425688806,5.049862301231762,0.2,0.2002076246486875,NONE
2017-10-11,6792.45,-0.3620999999999998,0.1024904214559387,,170936.07144488976,136635.13425688806,5.049862301231762,0.2,0.200665294914423,NONE
2017-10-12,6793.44,-0.3817999999999997,0.0956937799043062,,170941.07080856798,136635.13425688806,5.049862301231762,0.2,0.20068867235597312,NONE
2017-10-13,6795.18,-0.3689,0.1013384321223709,,170949.8575689721,136635.13425688806,5.049862301231762,0.2,0.2007297566670349,NONE
2017-10-16,6748.42,-0.4075999999999999,0.0859598853868194,,170713.7260077665,136635.13425688806,5.049862301231762,0.2,0.19962420449617546,NONE
2017-10-17,6748.29,-0.4369999999999998,0.0801526717557251,,170713.06952566735,136635.13425688806,5.049862301231762,0.2,0.19962112662765719,NONE
2017-10-18,6794.2,-0.476,0.0676835081029551,,170944.9087039169,136635.13425688806,5.049862301231762,0.2,0.20070661774697646,NONE
2017-10-19,6793.63,-0.4653999999999998,0.0704761904761904,,170942.0302824052,136635.13425688806,5.049862301231762,0.2,0.20069315877926774,NONE
2017-10-20,6796.31,-0.4518999999999997,0.0742150333016175,,170955.56391337252,136635.13425688806,5.049862301231762,0.2,0.20075643559559994,NONE
2017-10-23,6802.32,-0.439,0.0817490494296578,,170985.9135858029,136635.13425688806,5.049862301231762,0.2,0.20089829979869767,NONE
2017-10-24,6843.36,-0.4630999999999998,0.0721747388414055,,171193.15993464546,136635.13425688806,5.049862301231762,0.2,0.20186569189417514,NONE
2017-10-25,6860.38,-0.5143,0.0578747628083491,,171279.10859101242,136635.13425688806,5.049862301231762,0.2,0.20226619941634985,NONE
2017-10-26,6867.31,-0.5011000000000001,0.0625592417061611,,171314.10413675997,136635.13425688806,5.049862301231762,0.2,0.2024291581514368,NONE
2017-10-27,6888.49,-0.5775999999999999,0.0397727272727272,,171421.06022030005,136635.13425688806,5.049862301231762,0.2,0.2029267927680951,NONE
2017-10-30,6858.99,-0.6742000000000004,0.0245979186376537,,171272.0892824137,136635.13425688806,5.049862301231762,0.2,0.2022335055912825,NONE
2017-10-31,6832.5,-0.6266000000000003,0.0330812854442344,,171138.3184300541,136635.13425688806,5.049862301231762,0.2,0.20160992868039548,NONE
2017-11-01,6799.26,-0.5926,0.0396600566572237,0.0330812854442344,170970.46100716112,170970.46100716112,0.0,0.0,0.0,SELL
2017-11-02,6799.29,-0.6046,0.0377358490566037,,170970.46100716112,170970.46100716112,0.0,0.0,0.0,NONE
2017-11-03,6770.48,-0.6063000000000001,0.0377002827521206,,170970.46100716112,170970.46100716112,0.0,0.0,0.0,NONE
2017-11-06,6817.48,-0.5951,0.0414312617702448,,170970.46100716112,170970.46100716112,0.0,0.0,0.0,NONE
2017-11-07,6859.79,-0.6374,0.0301034807149576,,170970.46100716112,170970.46100716112,0.0,0.0,0.0,NONE
2017-11-08,6863.02,-0.6217999999999999,0.0357142857142857,,170970.46100716112,170970.46100716112,0.0,0.0,0.0,NONE
2017-11-09,6899.66,-0.6379999999999999,0.0300469483568075,,170970.46100716112,170970.46100716112,0.0,0.0,0.0,NONE
2017-11-10,6938.29,-0.6421000000000001,0.0281425891181988,,170970.46100716112,170970.46100716112,0.0,0.0,0.0,NONE
2017-11-13,6976.18,-0.7152000000000003,0.021555763823805,,170970.46100716112,170970.46100716112,0.0,0.0,0.0,NONE
2017-11-14,6930.66,-0.706,0.0243445692883895,,170970.46100716112,170970.46100716112,0.0,0.0,0.0,NONE
2017-11-15,6900.18,-0.6908000000000003,0.0261927034611786,,170970.46100716112,170970.46100716112,0.0,0.0,0.0,NONE
2017-11-16,6918.36,-0.6580999999999997,0.0299065420560747,,170970.46100716112,170970.46100716112,0.0,0.0,0.0,NONE
2017-11-17,6929.68,-0.7094999999999998,0.0233426704014939,,170970.46100716112,170970.46100716112,0.0,0.0,0.0,NONE
2017-11-20,6961.16,-0.7465999999999999,0.0205223880597014,,170970.46100716112,170970.46100716112,0.0,0.0,0.0,NONE
2017-11-21,7052.79,-0.7869000000000002,0.0205032618825722,,170970.46100716112,170970.46100716112,0.0,0.0,0.0,NONE
2017-11-22,7062.9,-0.8668,0.0176908752327746,,170970.46100716112,170970.46100716112,0.0,0.0,0.0,NONE
2017-11-23,6876.92,-0.7988,0.0204651162790697,,170970.46100716112,170970.46100716112,0.0,0.0,0.0,NONE
2017-11-24,6876.87,-0.7626999999999997,0.0232342007434944,,170970.46100716112,170970.46100716112,0.0,0.0,0.0,NONE
2017-11-27,6816.64,-0.7425999999999999,0.0250696378830083,,170970.46100716112,170970.46100716112,0.0,0.0,0.0,NONE
2017-11-28,6822.8,-0.7274000000000003,0.0259740259740259,,170970.46100716112,170970.46100716112,0.0,0.0,0.0,NONE
2017-11-29,6815.88,-0.6810999999999998,0.0342910101946246,,170970.46100716112,170970.46100716112,0.0,0.0,0.0,NONE
2017-11-30,6772.63,-0.6412999999999998,0.0407407407407407,,170970.46100716112,170970.46100716112,0.0,0.0,0.0,NONE
2017-12-01,6761.67,-0.6223000000000001,0.0490286771507863,0.0407407407407407,170970.46100716112,170970.46100716112,0.0,0.0,0.0,NONE
2017-12-04,6770.12,-0.6364000000000001,0.0462107208872458,,170970.46100716112,170970.46100716112,0.0,0.0,0.0,NONE
2017-12-05,6788.72,-0.6623999999999999,0.0378578024007386,,170970.46100716112,170970.46100716112,0.0,0.0,0.0,NONE
2017-12-06,6750.15,-0.6311999999999998,0.0488929889298892,,170970.46100716112,170970.46100716112,0.0,0.0,0.0,NONE
2017-12-07,6681.54,-0.6137999999999999,0.0543778801843317,,170970.46100716112,170970.46100716112,0.0,0.0,0.0,NONE
2017-12-08,6703.04,-0.6300000000000003,0.0497237569060773,,170970.46100716112,170970.46100716112,0.0,0.0,0.0,NONE
2017-12-11,6773.77,-0.3283999999999998,0.15639374425023,,170970.46100716112,170970.46100716112,0.0,0.0,0.0,NONE
2017-12-12,6705.58,-0.2953000000000001,0.1773897058823529,,170970.46100716112,170970.46100716112,0.0,0.0,0.0,NONE
2017-12-13,6756.77,-0.3186999999999997,0.162534435261708,,170970.46100716112,170970.46100716112,0.0,0.0,0.0,NONE
2017-12-14,6741.12,-0.2846000000000002,0.1834862385321101,,170970.46100716112,170970.46100716112,0.0,0.0,0.0,NONE
2017-12-15,6687.3,-0.2238000000000002,0.2135655362053162,,170970.46100716112,170970.46100716112,0.0,0.0,0.0,NONE
2017-12-18,6686.28,-0.2429999999999998,0.2087912087912088,,170970.46100716112,170970.46100716112,0.0,0.0,0.0,NONE
2017-12-19,6742.87,-0.2911999999999999,0.1802378774016468,,170970.46100716112,170970.46100716112,0.0,0.0,0.0,NONE
2017-12-20,6724.14,-0.2939000000000002,0.1791590493601462,,170970.46100716112,170970.46100716112,0.0,0.0,0.0,NONE
2017-12-21,6761.06,-0.3111000000000001,0.1643835616438356,,170970.46100716112,170970.46100716112,0.0,0.0,0.0,NONE
2017-12-22,6761.91,-0.2808000000000001,0.1916058394160583,,170970.46100716112,170970.46100716112,0.0,0.0,0.0,NONE
2017-12-25,6753.16,-0.286,0.1841385597082953,,170970.46100716112,170970.46100716112,0.0,0.0,0.0,NONE
2017-12-26,6781.78,-0.3181000000000002,0.163023679417122,,170970.46100716112,170970.46100716112,0.0,0.0,0.0,NONE
2017-12-27,6732.91,-0.2900999999999998,0.1828935395814376,,170970.46100716112,170970.46100716112,0.0,0.0,0.0,NONE
2017-12-28,6764.28,-0.3022,0.1745454545454545,,170970.46100716112,170970.46100716112,0.0,0.0,0.0,NONE
2017-12-29,6810.49,-0.3147999999999999,0.1634877384196185,,170970.46100716112,170970.46100716112,0.0,0.0,0.0,NONE
2018-01-02,6932.76,-0.3853,0.1243194192377495,0.1634877384196185,170970.46100716112,136776.3688057289,4.932248080336291,0.2,0.2,BUY
2018-01-03,6966.62,-0.4100999999999999,0.1151405258386219,,171137.46692716132,136776.3688057289,4.932248080336291,0.2,0.20078068665149176,NONE
2018-01-04,6992.33,-0.4418999999999999,0.1068840579710145,,171264.27502530676,136776.3688057289,4.932248080336291,0.2,0.20137244743237764,NONE
2018-01-05,7042.21,-0.4554999999999998,0.1013574660633484,,171510.29555955395,136776.3688057289,4.932248080336291,0.2,0.202518027506776,NONE
2018-01-08,7099.96,-0.4679999999999999,0.0967450271247739,,171795.13288619337,136776.3688057289,4.932248080336291,0.2,0.20384025724211188,NONE
2018-01-09,7094.87,-0.4508999999999998,0.1047877145438121,,171770.02774346445,136776.3688057289,4.932248080336291,0.2,0.20372389407771396,NONE
2018-01-10,7116.13,-0.5286,0.0803249097472924,,171874.88733765238,136776.3688057289,4.932248080336291,0.2,0.2042096962249732,NONE
2018-01-11,7097.14,-0.5613000000000001,0.0694319206492335,,171781.2239466068,136776.3688057289,4.932248080336291,0.2,0.20377579305034027,NONE
2018-01-12,7131.66,-0.5672999999999999,0.0684684684684684,,171951.48515034,136776.3688057289,4.932248080336291,0.2,0.20456419038112364,NONE
2018-01-15,7105.64,-0.6338999999999997,0.0468046804680468,,171823.14805528967,136776.3688057289,4.932248080336291,0.2,0.20397006833027717,NONE
2018-01-16,7206.78,-0.6526000000000001,0.039568345323741,,172321.99562613489,136776.3688057289,4.932248080336291,0.2,0.20627446131441513,NONE
2018-01-17,7197.53,-0.6591,0.0377358490566037,,172276.3723313918,136776.3688057289,4.932248080336291,0.2,0.20606426200671824,NONE
2018-01-18,7255.26,-0.7387999999999999,0.0251346499102333,,172561.11101306957,136776.3688057289,4.932248080336291,0.2,0.20737431508904913,NONE
2018-01-19,7252.29,-0.7450999999999999,0.0242152466367713,,172546.462236271,136776.3688057289,4.932248080336291,0.2,0.20730702308785354,NONE
2018-01-22,7323.85,-0.7416999999999998,0.0259856630824372,,172899.41390889985,136776.3688057289,4.932248080336291,0.2,0.2089252027320582,NONE
2018-01-23,7410.83,-0.8042999999999996,0.0196956132497761,,173328.4208469275,136776.3688057289,4.932248080336291,0.2,0.2108832000118377,NONE
2018-01-24,7421.99,-0.8169,0.0196779964221824,,173383.46473550407,136776.3688057289,4.932248080336291,0.2,0.2111337201942478,NONE
2018-01-25,7391.78,-0.7959999999999998,0.0232350312779267,,173234.4615209971,136776.3688057289,4.932248080336291,0.2,0.21045519693464249,NONE
2018-01-26,7440.53,-0.8047,0.0205357142857142,,173474.9086149135,136776.3688057289,4.932248080336291,0.2,0.21154955550747376,NONE
2018-01-29,7367.67,-0.7811999999999997,0.0258697591436217,,173115.5450197802,136776.3688057289,4.932248080336291,0.2,0.20991284295063833,NONE
2018-01-30,7279.04,-0.7129999999999996,0.03475935828877,,172678.39987241998,136776.3688057289,4.932248080336291,0.2,0.20791269257311035,NONE
2018-01-31,7270.69,-0.7368000000000001,0.0320569902048085,,172637.2156009492,136776.3688057289,4.932248080336291,0.2,0.20772373251265003,NONE
2018-02-01,7196.67,-0.7566999999999999,0.0275800711743772,0.0320569902048085,172272.13059804268,172272.13059804268,0.0,0.0,0.0,SELL
2018-02-02,7255.94,-0.7765999999999997,0.0266666666666666,,172272.13059804268,172272.13059804268,0.0,0.0,0.0,NONE
2018-02-05,7309.58,-0.831,0.019538188277087,,172272.13059804268,172272.13059804268,0.0,0.0,0.0,NONE
2018-02-06,7100.25,-0.7412999999999998,0.0337178349600709,,172272.13059804268,172272.13059804268,0.0,0.0,0.0,NONE
2018-02-07,6956.29,-0.6100000000000003,0.0709219858156028,,172272.13059804268,172272.13059804268,0.0,0.0,0.0,NONE
2018-02-08,6891.3,-0.5283000000000002,0.0974313551815766,,172272.13059804268,172272.13059804268,0.0,0.0,0.0,NONE
2018-02-09,6623.32,-0.4066999999999998,0.1389380530973451,,172272.13059804268,172272.13059804268,0.0,0.0,0.0,NONE
2018-02-12,6698.56,-0.3936000000000001,0.1423519009725906,,172272.13059804268,172272.13059804268,0.0,0.0,0.0,NONE
2018-02-13,6772.23,-0.4439999999999999,0.1254416961130742,,172272.13059804268,172272.13059804268,0.0,0.0,0.0,NONE
2018-02-14,6790.09,-0.4660000000000002,0.1147396293027361,,172272.13059804268,172272.13059804268,0.0,0.0,0.0,NONE
2018-02-22,6937.29,-0.5480999999999998,0.091710758377425,,172272.13059804268,172272.13059804268,0.0,0.0,0.0,NONE
2018-02-23,6957.52,-0.5613999999999999,0.0845814977973568,,172272.13059804268,172272.13059804268,0.0,0.0,0.0,NONE
2018-02-26,7023.06,-0.5479000000000003,0.0933098591549295,,172272.13059804268,172272.13059804268,0.0,0.0,0.0,NONE
2018-02-27,6913.08,-0.4479000000000002,0.1266490765171504,,172272.13059804268,172272.13059804268,0.0,0.0,0.0,NONE
2018-02-28,6866.38,-0.3978999999999999,0.1458699472759226,,172272.13059804268,172272.13059804268,0.0,0.0,0.0,NONE
2018-03-01,6875.85,-0.4026,0.1448639157155399,0.1458699472759226,172272.13059804268,137817.70447843414,5.01093335654625,0.2,0.19999999999999998,BUY
2018-03-02,6857.98,-0.4018999999999999,0.1456140350877193,,172182.58521896118,137817.70447843414,5.01093335654625,0.2,0.19958395151766314,NONE
2018-03-05,6848.64,-0.4018000000000001,0.1463628396143733,,172135.78310141104,137817.70447843414,5.01093335654625,0.2,0.19936632584265737,NONE
2018-03-06,6940.18,-0.3996999999999997,0.1471103327495621,,172594.48394086928,137817.70447843414,5.01093335654625,0.2,0.20149415362746845,NONE
2018-03-07,6912.86,-0.3957999999999999,0.1496062992125984,,172457.58524156845,137817.70447843414,5.01093335654625,0.2,0.2008602910368529,NONE
2018-03-08,6977.66,-0.4108999999999998,0.1389860139860139,,172782.29372307265,137817.70447843414,5.01093335654625,0.2,0.20236210835745766,NONE
2018-03-09,7002.04,-0.4198999999999997,0.1388646288209607,,172904.46027830525,137817.70447843414,5.01093335654625,0.2,0.2029256836023537,NONE
2018-03-12,7016.31,-0.4115000000000002,0.1396160558464223,,172975.96629730315,137817.70447843414,5.01093335654625,0.2,0.20325518377761573,NONE
2018-03-13,6973.33,-0.4192,0.1394943330427201,,172760.5963816388,137817.70447843414,5.01093335654625,0.2,0.20226193145347598,NONE
2018-03-14,6945.83,-0.4121000000000001,0.1402439024390244,,172622.79571433377,137817.70447843414,5.01093335654625,0.2,0.20162511614918532,NONE
2018-03-15,6954.54,-0.411,0.1418624891209747,,172666.4409438693,137817.70447843414,5.01093335654625,0.2,0.20182692290949486,NONE
2018-03-16,6899.79,-0.3662999999999998,0.1704347826086956,,172392.0923425984,137817.70447843414,5.01093335654625,0.2,0.2005566925625211,NONE
2018-03-19,6869.0,-0.3597999999999999,0.1737619461337967,,172237.80570455032,137817.70447843414,5.01093335654625,0.2,0.19984056975945816,NONE
2018-03-20,6867.18,-0.3567999999999998,0.1762152777777778,,172228.6858058414,137817.70447843414,5.01093335654625,0.2,0.19979819950667113,NONE
2018-03-21,6854.58,-0.3193999999999999,0.1968777103209019,,172165.54804554893,137817.70447843414,5.01093335654625,0.2,0.19950474387609518,NONE
2018-03-22,6800.5,-0.2741000000000002,0.2365684575389948,,171894.5567696269,137817.70447843414,5.01093335654625,0.2,0.19824276539985247,NONE
2018-03-23,6604.77,-0.1564999999999998,0.2883116883116883,,170913.76678375012,137817.70447843414,5.01093335654625,0.2,0.1936418752457256,NONE
2018-03-26,6549.09,-0.0944000000000002,0.3226643598615917,,170634.75801445762,137817.70447843414,5.01093335654625,0.2,0.1923233807571781,NONE
2018-03-27,6583.9,-0.0976999999999996,0.3197925669835782,,170809.18860459898,137817.70447843414,5.01093335654625,0.2,0.19314818128745898,NONE
2018-03-28,6489.92,-0.0517000000000003,0.3436960276338515,,170338.26108775078,137817.70447843414,5.01093335654625,0.2,0.19091750967543034,NONE
2018-03-29,6602.07,-0.1341000000000001,0.2985332182916307,,170900.23726368745,137817.70447843414,5.01093335654625,0.2,0.19357803894800452,NONE
2018-03-30,6605.57,-0.1073999999999997,0.3112068965517241,,170917.77553043535,137817.70447843414,5.01093335654625,0.2,0.19366078776345338,NONE
2018-04-02,6572.04,-0.0697999999999998,0.3350559862187769,0.3112068965517241,170749.75893499036,102449.85536099422,10.39249663331266,0.4,0.39999999999999997,BUY
2018-04-03,6507.02,-0.0597000000000003,0.3373493975903614,,170074.03880389238,102449.85536099422,10.39249663331266,0.4,0.39761614364243864,NONE
2018-04-04,6502.06,-0.0356999999999998,0.354256233877902,,170022.49202059113,102449.85536099422,10.39249663331266,0.4,0.3974335151575905,NONE
2018-04-09,6489.37,-0.0066999999999999,0.3651202749140893,,169890.6112383144,102449.85536099422,10.39249663331266,0.4,0.39696576159065977,NONE
2018-04-10,6598.87,-0.1170999999999997,0.3064377682403433,,171028.58961966215,102449.85536099422,10.39249663331266,0.4,0.4009781897352665,NONE
2018-04-11,6635.34,-0.1413999999999999,0.2924528301886792,,171407.60397187906,102449.85536099422,10.39249663331266,0.4,0.40230273927752913,NONE
2018-04-12,6575.34,-0.0918000000000001,0.3256212510711225,,170784.0541738803,102449.85536099422,10.39249663331266,0.4,0.40012048632662744,NONE
2018-04-13,6545.25,-0.0558999999999998,0.3433219178082192,,170471.3439501839,102449.85536099422,10.39249663331266,0.4,0.39902007582615945,NONE
2018-04-16,6436.07,0.0836999999999998,0.3986313088109495,,169336.69116775884,102449.85536099422,10.39249663331266,0.4,0.39499316625066816,NONE
2018-04-17,6361.81,0.1219000000000001,0.4034188034188034,,168564.94436776906,102449.85536099422,10.39249663331266,0.4,0.3922232422331375,NONE
2018-04-18,6388.28,0.2410999999999998,0.4543125533731853,,168840.03375365282,102449.85536099422,10.39249663331266,0.4,0.39321348685303886,NONE
2018-04-19,6450.36,0.1778999999999997,0.4274744027303754,,169485.19994464886,102449.85536099422,10.39249663331266,0.4,0.395523294102065,NONE
2018-04-20,6360.94,0.1915,0.4313725490196078,,168555.90289569803,102449.85536099422,10.39249663331266,0.4,0.39219064060669584,NONE
2018-04-23,6363.81,0.0952999999999999,0.3994889267461669,,168585.72936103566,102449.85536099422,10.39249663331266,0.4,0.39229817524120214,NONE
2018-04-24,6492.98,0.0392999999999998,0.3829787234042553,,169928.12815116066,102449.85536099422,10.39249663331266,0.4,0.3970989001311231,NONE
2018-04-25,6473.89,0.0476,0.3860544217687074,,169729.73539043072,102449.85536099422,10.39249663331266,0.4,0.3963941844054139,NONE
2018-04-26,6376.47,0.0647999999999999,0.3891248937977909,,168717.2983684134,102449.85536099422,10.39249663331266,0.4,0.39277207285951604,NONE
2018-04-27,6383.4,0.0791999999999997,0.398132427843803,,168789.31837008224,102449.85536099422,10.39249663331266,0.4,0.3930311683801826,NONE
2018-05-02,6413.31,0.0406999999999997,0.3833757421543681,0.398132427843803,169100.15794438464,101460.09476663078,10.546825769805897,0.4,0.4000000000000001,BUY
2018-05-03,6461.01,0.0438999999999998,0.3855932203389831,,169603.2415336044,101460.09476663078,10.546825769805897,0.4,0.40177974283275736,NONE
2018-05-04,6444.79,0.1400000000000001,0.4140558848433531,,169432.17201961813,101460.09476663078,10.546825769805897,0.4,0.40117574155348157,NONE
2018-05-07,6540.56,0.0692999999999997,0.3925549915397631,,170442.24152359244,101460.09476663078,10.546825769805897,0.4,0.4047244752258977,NONE
2018-05-08,6594.41,-0.0111000000000003,0.3609467455621302,,171010.18809129647,101460.09476663078,10.546825769805897,0.4,0.40670146089503917,NONE
2018-05-09,6587.08,-0.0568999999999997,0.3386824324324324,,170932.87985840382,101460.09476663078,10.546825769805897,0.4,0.4064331283093247,NONE
2018-05-10,6626.43,-0.1059000000000001,0.3088607594936708,,171347.89745244567,101460.09476663078,10.546825769805897,0.4,0.40787079225883655,NONE
2018-05-11,6597.44,-0.1311,0.2959527824620573,,171042.14497337898,101460.09476663078,10.546825769805897,0.4,0.40681231060086376,NONE
2018-05-14,6626.46,-0.1873,0.2704296545914069,,171348.21385721877,101460.09476663078,10.546825769805897,0.4,0.4078718856609993,NONE
2018-05-15,6654.06,-0.221,0.2516835016835017,,171639.3062484654,101460.09476663078,10.546825769805897,0.4,0.40887610778525907,NONE
2018-05-16,6617.09,-0.1734999999999997,0.2775441547518923,,171249.39009975566,101460.09476663078,10.546825769805897,0.4,0.40753018327523066,NONE
2018-05-17,6594.46,-0.1536000000000004,0.2831932773109243,,171010.71543258498,101460.09476663078,10.546825769805897,0.4,0.4067032904342892,NONE
2018-05-18,6658.19,-0.1961000000000003,0.2644836272040302,,171682.86463889468,101460.09476663078,10.546825769805897,0.4,0.4090260843443253,NONE
2018-05-21,6688.98,-0.1779000000000001,0.2768456375838926,,172007.60140434702,101460.09476663078,10.546825769805897,0.4,0.41014179641908166,NONE
2018-05-22,6670.57,-0.1311,0.3000838222967309,,171813.4343419249,101460.09476663078,10.546825769805897,0.4,0.4094751952590876,NONE
2018-05-23,6604.52,-0.0491000000000001,0.3509212730318258,,171116.81649982923,101460.09476663078,10.546825769805897,0.4,0.40707116435436935,NONE
2018-05-24,6561.82,-0.0273000000000003,0.3615062761506276,,170666.4670394585,101460.09476663078,10.546825769805897,0.4,0.40550656185334316,NONE
2018-05-25,6551.64,0.4022000000000001,0.560200668896321,,170559.10035312187,101460.09476663078,10.546825769805897,0.4,0.4051323291658435,NONE
2018-05-28,6572.21,0.3913000000000002,0.5538847117794486,,170776.0485592068,101460.09476663078,10.546825769805897,0.4,0.40588802924869577,NONE
2018-05-29,6555.55,0.4197000000000002,0.5742904841402338,,170600.33844188182,101460.09476663078,10.546825769805897,0.4,0.40527612258404144,NONE
2018-05-30,6433.86,0.5037000000000003,0.6313594662218516,,169316.89521395415,101460.09476663078,10.546825769805897,0.4,0.4007680412611948,NONE
2018-05-31,6571.44,0.4243000000000005,0.5791666666666667,,170767.92750336404,101460.09476663078,10.546825769805897,0.4,0.40585977560316727,NONE
2018-06-01,6524.56,0.4355999999999995,0.585345545378851,0.5791666666666667,170273.49231127556,85136.74615563777,13.04865709804765,0.5,0.5,BUY
2018-06-04,6571.53,0.3498999999999999,0.5266222961730449,,170886.38773517084,85136.74615563777,13.04865709804765,0.5,0.5017932833387675,NONE
2018-06-05,6606.41,0.5920000000000001,0.6658354114713217,,171341.52489475074,85136.74615563777,13.04865709804765,0.5,0.5031166775950292,NONE
2018-06-06,6607.51,0.6084,0.6744186046511628,,171355.87841755862,85136.74615563777,13.04865709804765,0.5,0.5031582987297509,NONE
2018-06-07,6574.92,0.5943999999999998,0.6672199170124481,,170930.62268273323,85136.74615563777,13.04865709804765,0.5,0.5019222137061929,NONE
2018-06-08,6500.57,0.8466999999999998,0.7794361525704809,,169960.45502749336,85136.74615563777,13.04865709804765,0.5,0.499079087886263,NONE
2018-06-11,6491.94,0.7833000000000006,0.7415078707539354,,169847.84511673724,85136.74615563777,13.04865709804765,0.5,0.49874697499327775,NONE
2018-06-12,6570.89,0.6961000000000004,0.7052980132450332,,170878.0365946281,85136.74615563777,13.04865709804765,0.5,0.5017689350117789,NONE
2018-06-13,6521.52,0.7355,0.7270471464019851,,170233.8243936975,85136.74615563777,13.04865709804765,0.5,0.4998834899065467,NONE
2018-06-14,6492.32,0.5001999999999995,0.6264462809917355,,169852.8036064345,85136.74615563777,13.04865709804765,0.5,0.4987616080043759,NONE
2018-06-15,6475.67,0.6511,0.6862097440132122,,169635.54346575198,85136.74615563777,13.04865709804765,0.5,0.4981196486523701,NONE
2018-06-19,6230.33,0.4918000000000004,0.6212871287128713,,166434.185933317,85136.74615563777,13.04865709804765,0.5,0.4884659922586553,NONE
2018-06-20,6266.95,0.4998999999999998,0.6257213520197856,,166912.0277562475,85136.74615563777,13.04865709804765,0.5,0.4899304304183009,NONE
2018-06-21,6213.46,0.5332000000000003,0.6392092257001647,,166214.05508807293,85136.74615563777,13.04865709804765,0.5,0.48778852600325645,NONE
2018-06-22,6241.05,0.7193999999999998,0.7185185185185186,,166574.06753740806,85136.74615563777,13.04865709804765,0.5,0.48889555610738544,NONE
2018-06-25,6183.79,0.762,0.7360197368421053,,165826.90143197385,85136.74615563777,13.04865709804765,0.5,0.4865926733210842,NONE
2018-06-26,6112.54,0.8379000000000003,0.772391125718981,,164897.18461373795,85136.74615563777,13.04865709804765,0.5,0.48369800033235477,NONE
2018-06-27,6042.11,0.9376999999999996,0.8440065681444991,,163978.16769432247,85136.74615563777,13.04865709804765,0.5,0.48080438174950085,NONE
2018-06-28,5967.83,1.0714999999999997,0.8941755537325676,,163008.91344507947,85136.74615563777,13.04865709804765,0.5,0.47771723425221285,NONE
2018-06-29,6101.21,1.0423,0.8852459016393442,,164749.34332881708,85136.74615563777,13.04865709804765,0.5,0.4832346858845045,NONE
2018-07-02,5939.77,1.168,0.9238329238329238,0.8852459016393442,162642.76812690828,32528.55362538164,21.90559811264184,0.8,0.8,BUY
2018-07-03,5952.74,1.2258000000000004,0.9484451718494272,,162926.88373442923,32528.55362538164,21.90559811264184,0.8,0.8003487645513236,NONE
2018-07-04,5899.05,1.1984000000000004,0.9394930498773508,,161750.7721717615,32528.55362538164,21.90559811264184,0.8,0.7988970736359768,NONE
2018-07-05,5842.77,1.0555999999999996,0.8872549019607843,,160517.92510998202,32528.55362538164,21.90559811264184,0.8,0.797352516218397,NONE
2018-07-06,5863.59,1.0172999999999996,0.8751020408163265,,160973.99966268722,32528.55362538164,21.90559811264184,0.8,0.7979266608673229,NONE
2018-07-09,6010.53,0.4952000000000001,0.6174551386623165,,164192.8082493588,32528.55362538164,21.90559811264184,0.8,0.8018880731001282,NONE
2018-07-10,6030.88,0.4820000000000002,0.6063569682151589,,164638.58717095107,32528.55362538164,21.90559811264184,0.8,0.8024244851445069,NONE
2018-07-11,5934.61,0.0398,0.3786644951140065,,162529.73524064702,32528.55362538164,21.90559811264184,0.8,0.799860908053417,NONE
2018-07-12,6049.96,0.1415000000000001,0.4125305126118795,,165056.54598294027,32528.55362538164,21.90559811264184,0.8,0.8029247890068917,NONE
2018-07-13,6072.91,0.6930000000000001,0.697560975609756,,165559.2794596254,32528.55362538164,21.90559811264184,0.8,0.8035232230319393,NONE
2018-07-16,6044.27,0.4249,0.5686433793663688,,164931.90312967935,32528.55362538164,21.90559811264184,0.8,0.8027758547125613,NONE
2018-07-17,6018.19,0.6907000000000001,0.6972402597402597,,164360.60513090162,32528.55362538164,21.90559811264184,0.8,0.8020903269401147,NONE
2018-07-18,6030.04,0.6628000000000003,0.6869424168694241,,164620.18646853644,32528.55362538164,21.90559811264184,0.8,0.8024024008039939,NONE
2018-07-19,6022.01,0.5516000000000001,0.6418152350081038,,164444.28451569192,32528.55362538164,21.90559811264184,0.8,0.8021910355766871,NONE
2018-07-20,6130.14,0.3664999999999998,0.5246963562753036,,166812.9368396119,32528.55362538164,21.90559811264184,0.8,0.8049998145128435,NONE
2018-07-23,6193.44,0.3029999999999999,0.4935275080906149,,168199.5612001421,32528.55362538164,21.90559811264184,0.8,0.8066073811769602,NONE
2018-07-24,6276.46,0.1581999999999999,0.4171382376717866,,170018.16395545364,32528.55362538164,21.90559811264184,0.8,0.8086760092650781,NONE
2018-07-25,6266.67,0.1485000000000003,0.412762520193861,,169803.70814993087,32528.55362538164,21.90559811264184,0.8,0.8084343741382842,NONE
2018-07-26,6225.4,0.2074000000000002,0.4350282485875706,,168899.66411582215,32528.55362538164,21.90559811264184,0.8,0.8074090093922547,NONE
2018-07-27,6209.13,0.3016000000000001,0.4935483870967742,,168543.26003452946,32528.55362538164,21.90559811264184,0.8,0.8070017536226752,NONE
2018-07-30,6214.76,0.2761,0.4778404512489927,,168666.58855190364,32528.55362538164,21.90559811264184,0.8,0.8071428733772507,NONE
2018-07-31,6222.39,0.3097000000000003,0.5,,168833.7282655031,32528.55362538164,21.90559811264184,0.8,0.8073337954473874,NONE
2018-08-01,6106.27,0.4045999999999998,0.5502815768302494,0.5,166290.05021266313,83145.02510633157,13.616336176803772,0.5,0.5000000000000001,SELL
2018-08-02,5984.54,0.4485000000000001,0.5852090032154341,,164632.5336098608,83145.02510633157,13.616336176803772,0.5,0.49496601137558194,NONE
2018-08-03,5910.51,0.4937,0.6184738955823293,,163624.516242692,83145.02510633157,13.616336176803772,0.5,0.4918547231454683,NONE
2018-08-06,5833.68,0.4967999999999999,0.6219903691813804,,162578.3731342282,83145.02510633157,13.616336176803772,0.5,0.48858496057353673,NONE
2018-08-07,5983.89,0.3725,0.5316760224538893,,164623.68299134588,83145.02510633157,13.616336176803772,0.5,0.494938859369934,NONE
2018-08-08,5905.76,0.4190999999999998,0.5608974358974359,,163559.83864585223,83145.02510633157,13.616336176803772,0.5,0.4916537837484588,NONE
2018-08-09,6010.68,0.3357999999999999,0.5052041633306645,,164988.46463752247,83145.02510633157,13.616336176803772,0.5,0.4960555255241625,NONE
2018-08-10,6000.86,0.3628999999999998,0.5224,,164854.75221626624,83145.02510633157,13.616336176803772,0.5,0.49564678003787854,NONE
2018-08-13,5966.39,0.3764000000000003,0.5323741007194245,,164385.3971082518,83145.02510633157,13.616336176803772,0.5,0.4942067448267408,NONE
2018-08-14,5962.16,0.4133,0.5591054313099042,,164327.80000622396,83145.02510633157,13.616336176803772,0.5,0.49402946365020134,NONE
2018-08-15,5843.69,0.4879000000000002,0.6129289704708699,,162714.672659358,83145.02510633157,13.616336176803772,0.5,0.4890133523459492,NONE
2018-08-16,5809.64,0.4702999999999995,0.5996810207336523,,162251.03641253785,83145.02510633157,13.616336176803772,0.5,0.4875531956854323,NONE
2018-08-17,5745.99,0.4821,0.6095617529880478,,161384.35661488428,83145.02510633157,13.616336176803772,0.5,0.4848012109082993,NONE
2018-08-20,5799.73,0.4356,0.5756369426751592,,162116.0985210257,83145.02510633157,13.616336176803772,0.5,0.48712665882748196,NONE
2018-08-21,5872.76,0.3942000000000005,0.5425616547334925,,163110.4995520177,83145.02510633157,13.616336176803772,0.5,0.4902533844560035,NONE
2018-08-22,5834.23,0.4352,0.5747217806041336,,162585.86211912544,83145.02510633157,13.616336176803772,0.5,0.48860851723127174,NONE
2018-08-23,5851.76,0.5102000000000002,0.6314535345512311,,162824.5564923048,83145.02510633157,13.616336176803772,0.5,0.4893581969605362,NONE
2018-08-24,5871.47,0.4636,0.5928571428571429,,163092.93447834963,83145.02510633157,13.616336176803772,0.5,0.4901984848560747,NONE
2018-08-27,5994.69,0.3671999999999999,0.5226011102299762,,164770.73942205537,83145.02510633157,13.616336176803772,0.5,0.49538962198040487,NONE
2018-08-28,5988.29,0.3967,0.5419968304278923,,164683.59487052384,83145.02510633157,13.616336176803772,0.5,0.49512260057414237,NONE
2018-08-29,5952.02,0.3460000000000001,0.5067300079176563,,164189.73035739118,83145.02510633157,13.616336176803772,0.5,0.4936039853080329,NONE
2018-08-30,5922.26,0.4136000000000002,0.557753164556962,,163784.50819276948,83145.02510633157,13.616336176803772,0.5,0.49235110192184744,NONE
2018-08-31,5893.01,0.4129,0.5565217391304348,,163386.23035959795,83145.02510633157,13.616336176803772,0.5,0.4911136334846758,NONE
2018-09-03,5878.18,0.4065999999999996,0.54739336492891,0.5565217391304348,163184.30009409596,81592.15004704798,13.880512343454603,0.5,0.5,BUY
2018-09-04,5935.9,0.3542999999999998,0.5114443567482242,,163985.48326656016,81592.15004704798,13.880512343454603,0.5,0.5024428478561175,NONE
2018-09-05,5841.82,0.4413999999999998,0.5843848580441641,,162679.60466528794,81592.15004704798,13.880512343454603,0.5,0.4984488054607508,NONE
2018-09-06,5785.65,0.4757999999999995,0.607565011820331,,161899.9362869561,81592.15004704798,13.880512343454603,0.5,0.49603346413656574,NONE
2018-09-07,5805.09,0.4353000000000002,0.5755905511811024,,162169.77344691288,81592.15004704798,13.880512343454603,0.5,0.4968720229867151,NONE
2018-09-10,5752.07,0.4287999999999998,0.5712037765538945,,161433.8286824629,81592.15004704798,13.880512343454603,0.5,0.4945783624599643,NONE
2018-09-11,5739.09,0.4292000000000002,0.5723270440251572,,161253.65963224485,81592.15004704798,13.880512343454603,0.5,0.49401365381023254,NONE
2018-09-12,5730.39,0.6048999999999998,0.6755695208169678,,161132.8991748568,81592.15004704798,13.880512343454603,0.5,0.4936344442080291,NONE
2018-09-13,5782.62,0.5528,0.652276295133438,,161857.87833455543,81592.15004704798,13.880512343454603,0.5,0.49590251097694843,NONE
2018-09-14,5796.29,0.5596999999999999,0.6549019607843137,,162047.62493829045,81592.15004704798,13.880512343454603,0.5,0.4964927744043199,NONE
2018-09-17,5742.83,0.5922999999999998,0.6677115987460815,,161305.57274840938,81592.15004704798,13.880512343454603,0.5,0.49417649584674656,NONE
2018-09-18,5829.85,0.5141999999999998,0.6335160532498042,,162513.4549325368,81592.15004704798,13.880512343454603,0.5,0.4979360319370551,NONE
2018-09-19,5911.1,0.4432999999999998,0.5837245696400626,,163641.2465604425,81592.15004704798,13.880512343454603,0.5,0.5013961836515886,NONE
2018-09-20,5910.16,0.3317000000000001,0.491790461297889,,163628.19887883964,81592.15004704798,13.880512343454603,0.5,0.5013564250776615,NONE
2018-09-21,6065.77,0.2095000000000002,0.42265625,,165788.1454046046,81592.15004704798,13.880512343454603,0.5,0.5078529297259282,NONE
2018-09-25,6016.25,0.2585000000000002,0.453551912568306,,165100.78243335674,81592.15004704798,13.880512343454603,0.5,0.5058039771556939,NONE
2018-09-26,6056.98,0.2153,0.4235569422776911,,165666.13570110564,81592.15004704798,13.880512343454603,0.5,0.5074904735252815,NONE
2018-09-27,6040.51,0.2446999999999999,0.4419329696024942,,165437.52366280893,81592.15004704798,13.880512343454603,0.5,0.5068098926979392,NONE
2018-09-28,6105.45,0.2120999999999999,0.4228971962616822,,166338.92413439287,81592.15004704798,13.880512343454603,0.5,0.5094825190697644,NONE
2018-10-08,5889.27,0.3711000000000002,0.5237354085603113,0.4228971962616822,163338.2349759849,81669.11748799244,13.86744324644522,0.5,0.5,SELL
2018-10-09,5876.8,0.3805,0.5272161741835147,,163165.30795870168,81669.11748799244,13.86744324644522,0.5,0.4994700864434769,NONE
2018-10-10,5885.86,0.3767999999999998,0.5268065268065268,,163290.9469945145,81669.11748799244,13.86744324644522,0.5,0.4998552032971186,NONE
2018-10-11,5602.9,0.5606000000000004,0.6591614906832298,,159367.01525350037,81669.11748799244,13.86744324644522,0.5,0.48754064724068646,NONE
2018-10-12,5664.92,0.4810999999999996,0.6113266097750194,,160227.0740836449,81669.11748799244,13.86744324644522,0.5,0.4902914007818809,NONE
2018-10-15,5554.51,0.5442,0.6519379844961241,,158695.9696748049,81669.11748799244,13.86744324644522,0.5,0.48537371393018736,NONE
2018-10-16,5498.43,0.5519000000000003,0.6537567776917118,,157918.28345754422,81669.11748799244,13.86744324644522,0.5,0.4828393793303301,NONE
2018-10-17,5539.94,0.5209000000000001,0.6362229102167183,,158493.92102670416,81669.11748799244,13.86744324644522,0.5,0.4847176664003899,NONE
2018-10-18,5425.41,0.6413999999999995,0.691415313225058,,156905.6827516888,81669.11748799244,13.86744324644522,0.5,0.4795018506930819,NONE
2018-10-19,5575.98,0.5096000000000003,0.6329211746522411,,158993.70368130604,81669.11748799244,13.86744324644522,0.5,0.4863374108719827,NONE
2018-10-22,5801.83,0.3489999999999997,0.5019305019305019,,162125.6657385157,81669.11748799244,13.86744324644522,0.5,0.49626040321270026,NONE
2018-10-23,5666.18,0.4866000000000001,0.6157407407407407,,160244.54706213542,81669.11748799244,13.86744324644522,0.5,0.4903469791310594,NONE
2018-10-24,5666.71,0.4904999999999995,0.6198920585967618,,160251.89680705604,81669.11748799244,13.86744324644522,0.5,0.4903703537043158,NONE
2018-10-25,5681.38,0.4735999999999998,0.6016949152542372,,160455.33219948137,81669.11748799244,13.86744324644522,0.5,0.49101649431967953,NONE
2018-10-26,5684.41,0.4693999999999998,0.5989222478829869,,160497.3505525181,81669.11748799244,13.86744324644522,0.5,0.49114974666657457,NONE
2018-10-29,5543.91,0.6096000000000004,0.683076923076923,,158548.97477639257,81669.11748799244,13.86744324644522,0.5,0.484896590449901,NONE
2018-10-30,5597.47,0.5621,0.6610299769408148,,159291.71503667216,81669.11748799244,13.86744324644522,0.5,0.48729839797888697,NONE
2018-10-31,5661.78,0.5367000000000002,0.6474654377880185,,160183.53031185106,81669.11748799244,13.86744324644522,0.5,0.4901528432480164,NONE
2018-11-01,5672.66,0.5564,0.6561780506523408,0.6474654377880185,160334.40809437237,64133.76323774895,16.958648122154937,0.6,0.6,BUY
2018-11-02,5821.76,0.4135,0.5506134969325154,,162862.94252938568,64133.76323774895,16.958648122154937,0.6,0.6062102142961271,NONE
2018-11-05,5802.61,0.4678,0.5961685823754789,,162538.1844178464,64133.76323774895,16.958648122154937,0.6,0.6054234057833664,NONE
2018-11-06,5790.19,0.5074000000000001,0.6324655436447167,,162327.55800816923,64133.76323774895,16.958648122154937,0.6,0.6049114270879293,NONE
2018-11-07,5763.07,0.5571999999999999,0.6572302983932671,,161867.6394710964,64133.76323774895,16.958648122154937,0.6,0.6037888521306268,NONE
2018-11-08,5755.08,0.5466999999999995,0.6521406727828746,,161732.13987260038,64133.76323774895,16.958648122154937,0.6,0.6034569054223335,NONE
2018-11-09,5694.21,0.6440999999999999,0.6967150496562261,,160699.8669614048,64133.76323774895,16.958648122154937,0.6,0.6009096681259114,NONE
2018-11-12,5785.5,0.6124000000000005,0.6870229007633588,,162248.02194847632,64133.76323774895,16.958648122154937,0.6,0.6047177496061226,NONE
2018-11-13,5835.2,0.6010999999999997,0.6796338672768879,,163090.86676014744,64133.76323774895,16.958648122154937,0.6,0.606760546977358,NONE
2018-11-14,5788.76,0.7042999999999999,0.7225609756097561,,162303.30714135457,64133.76323774895,16.958648122154937,0.6,0.6048523941542792,NONE
2018-11-15,5842.02,0.7205999999999997,0.7334348819497334,,163206.52474034054,64133.76323774895,16.958648122154937,0.6,0.6070392201550463,NONE
2018-11-16,5884.62,0.7502999999999997,0.745814307458143,,163928.96315034432,64133.76323774895,16.958648122154937,0.6,0.6087710066284634,NONE
2018-11-19,5946.66,0.6745999999999999,0.7064638783269962,,164981.07767984283,64133.76323774895,16.958648122154937,0.6,0.6112659455273717,NONE
2018-11-20,5815.45,0.7464,0.7446808510638298,,162755.9334597349,64133.76323774895,16.958648122154937,0.6,0.6059513046655508,NONE
2018-11-21,5834.52,0.7443,0.7441154138192863,,163079.33487942436,64133.76323774895,16.958648122154937,0.6,0.6067327397112124,NONE
2018-11-22,5815.31,0.7374999999999998,0.7405159332321699,,162753.55924899777,64133.76323774895,16.958648122154937,0.6,0.6059455563756351,NONE
2018-11-23,5684.26,0.7976000000000001,0.7604245640636846,,160531.12841258937,64133.76323774895,16.958648122154937,0.6,0.6004901736383772,NONE
2018-11-26,5682.91,0.7689000000000004,0.7515151515151515,,160508.23423762445,64133.76323774895,16.958648122154937,0.6,0.6004331893477683,NONE
2018-11-27,5669.73,0.8016000000000001,0.7630582891748675,,160284.71925537445,64133.76323774895,16.958648122154937,0.6,0.5998759985624862,NONE
2018-11-28,5732.11,0.7924999999999995,0.7571860816944024,,161342.5997252345,64133.76323774895,16.958648122154937,0.6,0.6024995051092,NONE
2018-11-29,5670.35,0.8348999999999998,0.783068783068783,,160295.2336172102,64133.76323774895,16.958648122154937,0.6,0.5999022441871086,NONE
2018-11-30,5719.89,0.8061000000000003,0.7643504531722054,,161135.36504518177,64133.76323774895,16.958648122154937,0.6,0.6019882834549318,NONE
2018-12-03,5866.41,0.7234000000000003,0.7283018867924528,0.7643504531722054,163620.14616803988,65448.058467215975,16.734610724586915,0.6,0.6,SELL
2018-12-04,5883.7,0.7639999999999998,0.7481146304675717,,163909.487587468,65448.058467215975,16.734610724586915,0.6,0.6007061004794458,NONE
2018-12-05,5863.25,0.8146999999999998,0.7694046721929163,,163567.26479815022,65448.058467215975,16.734610724586915,0.6,0.5998706798210387,NONE
2018-12-06,5767.57,0.8765000000000001,0.8155120481927711,,161966.09724402172,65448.058467215975,16.734610724586915,0.6,0.5959150737045267,NONE
2018-12-07,5805.93,0.8847999999999998,0.8194130925507901,,162608.0369114169,65448.058467215975,16.734610724586915,0.6,0.5975103093897519,NONE
2018-12-10,5751.91,0.9395000000000002,0.8526315789473684,,161704.0332400747,65448.058467215975,16.734610724586915,0.6,0.595260197560761,NONE
2018-12-11,5776.1,0.9334999999999996,0.8459804658151766,,162108.84347350246,65448.058467215975,16.734610724586915,0.6,0.5962708938953488,NONE
2018-12-12,5815.77,0.9069999999999996,0.8303303303303303,,162772.7054809468,65448.058467215975,16.734610724586915,0.6,0.5979174870022854,NONE
2018-12-13,5889.16,0.7943999999999996,0.754688672168042,,164000.85856202425,65448.058467215975,16.734610724586915,0.6,0.6009285619534493,NONE
2018-12-14,5802.71,0.8221999999999996,0.7728635682158921,,162554.1514648837,65448.058467215975,16.734610724586915,0.6,0.5973768871639393,NONE
2018-12-17,5841.22,1.2160999999999995,0.950561797752809,,163198.60132388756,65448.058467215975,16.734610724586915,0.6,0.5989667929976538,NONE
2018-12-18,5799.16,1.2605999999999995,0.9663173652694612,,162494.74359681143,65448.058467215975,16.734610724586915,0.6,0.5972296886746788,NONE
2018-12-19,5760.42,1.3237,0.9805534779356768,,161846.44477734092,65448.058467215975,16.734610724586915,0.6,0.5956163352413725,NONE
2018-12-20,5755.69,1.4112999999999998,0.9880418535127056,,161767.29006861363,65448.058467215975,16.734610724586915,0.6,0.5954184653803858,NONE
2018-12-21,5714.99,1.4274999999999998,0.9902912621359224,,161086.19141212295,65448.058467215975,16.734610724586915,0.6,0.5937078287500531,NONE
2018-12-24,5755.62,1.3827999999999996,0.9843283582089551,,161766.1186458629,65448.058467215975,16.734610724586915,0.6,0.5954155356197033,NONE
2018-12-25,5719.71,1.4234,0.988814317673378,,161165.178774743,65448.058467215975,16.734610724586915,0.6,0.5939069533209076,NONE
2018-12-26,5717.37,1.4287,0.9903129657228018,,161126.01978564746,65448.058467215975,16.734610724586915,0.6,0.5938082591856723,NONE
2018-12-27,5691.16,1.4732000000000005,0.9955323901712584,,160687.40563855605,65448.058467215975,16.734610724586915,0.6,0.592699513648056,NONE
2018-12-28,5710.43,1.4966000000000004,0.9970238095238096,,161009.88158721884,65448.058467215975,16.734610724586915,0.6,0.5935152686155921,NONE
2019-01-02,5624.67,1.6439000000000004,1.0,0.9970238095238096,159574.72137147826,0.0,28.370503757816593,1.0,1.0,BUY
2019-01-03,5591.2,1.6721000000000004,1.0,,158625.16061070413,0.0,28.370503757816593,1.0,1.0,NONE
2019-01-04,5701.58,1.588,0.9985152190051968,,161756.69681549192,0.0,28.370503757816593,1.0,1.0,NONE
2019-01-07,5779.61,1.5837,0.997774480712166,,163970.44722371435,0.0,28.370503757816593,1.0,1.0,NONE
2019-01-08,5790.29,1.6250999999999998,0.9985174203113416,,164273.44420384784,0.0,28.370503757816593,1.0,1.0,NONE
2019-01-09,5839.23,1.5859000000000003,0.997037037037037,,165661.89665775537,0.0,28.370503757816593,1.0,1.0,NONE
2019-01-10,5815.93,1.6272000000000002,0.998519615099926,,165000.86392019826,0.0,28.370503757816593,1.0,1.0,NONE
2019-01-11,5838.83,1.5901999999999998,0.9970414201183432,,165650.54845625226,0.0,28.370503757816593,1.0,1.0,NONE
2019-01-14,5829.8,1.5992000000000002,0.9970436067997044,,165394.36280731918,0.0,28.370503757816593,1.0,1.0,NONE
2019-01-15,5885.21,1.5343999999999998,0.9933530280649926,,166966.3724205398,0.0,28.370503757816593,1.0,1.0,NONE
2019-01-16,5892.24,1.5878,0.9948339483394834,,167165.81706195723,0.0,28.370503757816593,1.0,1.0,NONE
2019-01-17,5879.6,1.5990999999999995,0.9963126843657816,,166807.21389445846,0.0,28.370503757816593,1.0,1.0,NONE
2019-01-18,5945.11,1.5001999999999995,0.98894620486367,,168665.76559563298,0.0,28.370503757816593,1.0,1.0,NONE
2019-01-21,5954.28,1.4621000000000004,0.9830633284241532,,168925.92311509218,0.0,28.370503757816593,1.0,1.0,NONE
2019-01-22,5897.71,1.5052000000000003,0.9889624724061812,,167321.0037175125,0.0,28.370503757816593,1.0,1.0,NONE
2019-01-23,5922.89,1.4759999999999995,0.9845588235294118,,168035.37300213432,0.0,28.370503757816593,1.0,1.0,NONE
2019-01-24,5944.53,1.4385000000000003,0.9772226304188096,,168649.31070345346,0.0,28.370503757816593,1.0,1.0,NONE
2019-01-25,5973.41,1.3808999999999996,0.9684287812041116,,169468.6508519792,0.0,28.370503757816593,1.0,1.0,NONE
2019-01-28,5974.84,1.3770000000000002,0.9662509170946442,,169509.2206723529,0.0,28.370503757816593,1.0,1.0,NONE
2019-01-29,5990.45,1.3545999999999996,0.9640762463343108,,169952.0842360124,0.0,28.370503757816593,1.0,1.0,NONE
2019-01-30,5954.32,1.3878000000000004,0.9706959706959708,,168927.05793524248,0.0,28.370503757816593,1.0,1.0,NONE
2019-01-31,5971.18,1.3358,0.9612005856515372,,169405.38462859928,0.0,28.370503757816593,1.0,1.0,NONE
2019-02-01,6050.31,1.3189000000000002,0.958302852962692,0.9612005856515372,171650.34259095532,0.0,28.370503757816593,1.0,1.0,NONE
2019-02-11,6142.23,1.3365,0.9612573099415204,,174258.1592963738,0.0,28.370503757816593,1.0,1.0,NONE
2019-02-12,6196.81,1.3164000000000002,0.9569028487947406,,175806.62139147546,0.0,28.370503757816593,1.0,1.0,NONE
2019-02-13,6275.59,1.2601999999999998,0.9423357664233576,,178041.64967751622,0.0,28.370503757816593,1.0,1.0,NONE
2019-02-14,6275.92,1.2760000000000002,0.949671772428884,,178051.0119437563,0.0,28.370503757816593,1.0,1.0,NONE
2019-02-15,6191.25,1.3612999999999995,0.9642857142857144,,175648.88139058198,0.0,28.370503757816593,1.0,1.0,NONE
2019-02-18,6340.64,1.2430000000000003,0.9322651128914784,,179887.1509469622,0.0,28.370503757816593,1.0,1.0,NONE
2019-02-19,6333.06,1.2369999999999997,0.9294032023289666,,179672.10252847796,0.0,28.370503757816593,1.0,1.0,NONE
2019-02-20,6337.57,1.2283,0.9265454545454546,,179800.05350042568,0.0,28.370503757816593,1.0,1.0,NONE
2019-02-21,6296.09,1.2355,0.9287790697674418,,178623.24500455149,0.0,28.370503757816593,1.0,1.0,NONE
2019-02-22,6380.97,1.2033,0.9179375453885258,,181031.33336351495,0.0,28.370503757816593,1.0,1.0,NONE
2019-02-25,6653.11,0.9536999999999995,0.8352685050798259,,188752.08225616714,0.0,28.370503757816593,1.0,1.0,NONE
2019-02-26,6628.57,1.0129,0.8564176939811458,,188055.87009395033,0.0,28.370503757816593,1.0,1.0,NONE
2019-02-27,6614.35,1.0156,0.8572463768115942,,187652.4415305142,0.0,28.370503757816593,1.0,1.0,NONE
2019-02-28,6609.36,1.0265000000000004,0.8602461984069515,,187510.87271676268,0.0,28.370503757816593,1.0,1.0,NONE
2019-03-01,6700.39,0.9288000000000004,0.8140376266280752,0.8602461984069515,190093.43967383675,38018.68793476734,22.696403006253277,0.8,0.8,SELL
2019-03-04,6780.41,0.8795999999999999,0.7859725234996384,,191909.6058423971,38018.68793476734,22.696403006253277,0.8,0.8018927308621038,NONE
2019-03-05,6858.13,0.8742999999999999,0.7817919075144508,,193673.57028404312,38018.68793476734,22.696403006253277,0.8,0.8036970771024211,NONE
2019-03-06,6941.8,0.8660000000000001,0.7732851985559567,,195572.57832357634,38018.68793476734,22.696403006253277,0.8,0.8056031767814344,NONE
2019-03-07,6933.66,0.9741000000000004,0.8463203463203464,,195387.82960310543,38018.68793476734,22.696403006253277,0.8,0.805419365105824,NONE
2019-03-08,6652.19,1.1336999999999997,0.889689978370584,,188999.47304893532,38018.68793476734,22.696403006253277,0.8,0.798842360132276,NONE
2019-03-11,6790.03,1.1019,0.8825648414985591,,192127.94523931728,38018.68793476734,22.696403006253277,0.8,0.802117865324533,NONE
2019-03-12,6844.49,1.0707999999999998,0.8718502519798416,,193363.99134703784,38018.68793476734,22.696403006253277,0.8,0.8033827928875665,NONE
2019-03-13,6782.35,1.1047000000000002,0.883453237410072,,191953.63686422925,38018.68793476734,22.696403006253277,0.8,0.8019381734264387,NONE
2019-03-14,6688.4,1.1052999999999995,0.8835370237239396,,189821.30980179174,38018.68793476734,22.696403006253277,0.8,0.799713277848173,NONE
2019-03-15,6807.55,1.0806000000000004,0.8735632183908046,,192525.58621998684,38018.68793476734,22.696403006253277,0.8,0.8025265696824017,NONE
2019-03-18,7000.19,0.9880999999999998,0.8470926058865758,,196897.82129511147,38018.68793476734,22.696403006253277,0.8,0.8069115865036174,NONE
2019-03-19,6963.87,1.0051,0.8507890961262554,,196073.48793792434,38018.68793476734,22.696403006253277,0.8,0.8060998030146542,NONE
2019-03-20,6972.78,1.0030999999999994,0.8494623655913979,,196275.71288871006,38018.68793476734,22.696403006253277,0.8,0.8062995804461847,NONE
2019-03-21,7003.14,1.029,0.8588825214899714,,196964.7756839799,38018.68793476734,22.696403006253277,0.8,0.8069772231976827,NONE
2019-03-22,7046.22,1.0435000000000003,0.8618468146027202,,197942.5367254893,38018.68793476734,22.696403006253277,0.8,0.8079306824914929,NONE
2019-03-25,6939.14,1.1676000000000002,0.9005722460658083,,195512.2058915797,38018.68793476734,22.696403006253277,0.8,0.8055431487696967,NONE
2019-03-26,6834.81,1.2118000000000002,0.9206576125804146,,193144.2901659373,38018.68793476734,22.696403006253277,0.8,0.8031591412715121,NONE
2019-03-27,6935.15,1.1351,0.89,,195421.64724358474,38018.68793476734,22.696403006253277,0.8,0.8054530372094415,NONE
2019-03-28,6865.51,1.1884,0.9093504639543184,,193841.06973822927,38018.68793476734,22.696403006253277,0.8,0.8038667038615228,NONE
2019-03-29,7058.96,1.0689000000000002,0.8666191155492154,,198231.68889978898,38018.68793476734,22.696403006253277,0.8,0.8082108458754709,NONE
2019-04-01,7264.57,0.9202999999999996,0.7997148966500356,0.8666191155492154,202898.2963219047,40579.65926438093,22.343874043133148,0.8,0.8,SELL
2019-04-02,7271.27,0.8908000000000005,0.7827635327635327,,203048.0002779937,40579.65926438093,22.343874043133148,0.8,0.8001474567155393,NONE
2019-04-03,7373.09,0.7864,0.7124555160142348,,205323.0535330655,40579.65926438093,22.343874043133148,0.8,0.8023618947501873,NONE
2019-04-04,7474.03,0.6734,0.6607396870554765,,207578.44417897938,40579.65926438093,22.343874043133148,0.8,0.8045092811785788,NONE
2019-04-08,7549.86,0.7148999999999996,0.6801705756929638,,209272.78014767016,40579.65926438093,22.343874043133148,0.8,0.8060920333941829,NONE
2019-04-09,7542.33,0.6855000000000002,0.6661931818181818,,209104.53077612535,40579.65926438093,22.343874043133148,0.8,0.8059360114591351,NONE
2019-04-10,7562.57,0.6819999999999999,0.6628814762242725,,209556.77078675837,40579.65926438093,22.343874043133148,0.8,0.8063548168258703,NONE
2019-04-11,7470.06,0.7471999999999999,0.700709219858156,,207489.73899902814,40579.65926438093,22.343874043133148,0.8,0.8044257057715466,NONE
2019-04-12,7432.79,0.6978999999999997,0.671863926293409,,206656.98281344055,40579.65926438093,22.343874043133148,0.8,0.8036376089889293,NONE
2019-04-15,7353.7,0.6458999999999997,0.6480169971671388,,204889.80581536915,40579.65926438093,22.343874043133148,0.8,0.8019439810443855,NONE
2019-04-16,7460.04,0.5217,0.5888181174805379,,207265.85338111594,40579.65926438093,22.343874043133148,0.8,0.8042144492090362,NONE
2019-04-17,7490.35,0.5223999999999998,0.5891089108910891,,207943.09620336333,40579.65926438093,22.343874043133148,0.8,0.8048520965336834,NONE
2019-04-18,7395.98,0.5904999999999996,0.6240282685512367,,205834.50480991282,40579.65926438093,22.343874043133148,0.8,0.8028529798643038,NONE
2019-04-19,7433.28,0.5425,0.6031073446327684,,206667.93131172168,40579.65926438093,22.343874043133148,0.8,0.8036480115380177,NONE
2019-04-22,7286.23,0.6220000000000003,0.6407904022582922,,203382.26463367895,40579.65926438093,22.343874043133148,0.8,0.8004759198769332,NONE
2019-04-23,7230.43,0.6361999999999997,0.6445698166431594,,202135.47646207214,40579.65926438093,22.343874043133148,0.8,0.7992452390117916,NONE
2019-04-24,7295.59,0.6042000000000001,0.6321353065539113,,203591.4032947227,40579.65926438093,22.343874043133148,0.8,0.8006808803923953,NONE
2019-04-25,7105.45,0.6806999999999999,0.6626760563380282,,199342.93908416136,40579.65926438093,22.343874043133148,0.8,0.7964329238305831,NONE
2019-04-26,7010.35,0.7493999999999996,0.7030260380014075,,197218.0366626594,40579.65926438093,22.343874043133148,0.8,0.7942396144334798,NONE
2019-04-29,6960.75,0.6475,0.6497890295358649,,196109.78051011998,40579.65926438093,22.343874043133148,0.8,0.7930768207540425,NONE
2019-04-30,7059.91,0.6730999999999998,0.6591707659873507,,198325.39906023708,40579.65926438093,22.343874043133148,0.8,0.7953884905480224,NONE
2019-05-06,6672.35,0.7635999999999998,0.7085674157303371,0.6591707659873507,189665.8072360804,75866.32289443216,17.055382937293192,0.6,0.6,SELL
2019-05-07,6760.22,0.7481,0.7024561403508772,,191164.46373478035,75866.32289443216,17.055382937293192,0.6,0.6031358474675067,NONE
2019-05-08,6682.68,0.8452000000000002,0.7531556802244039,,189841.98934182263,75866.32289443216,17.055382937293192,0.6,0.6003712184145416,NONE
2019-05-09,6575.71,0.9362999999999996,0.8142957252978276,,188017.57502902037,75866.32289443216,17.055382937293192,0.6,0.5964934507706408,NONE
2019-05-10,6756.51,0.8489,0.7556022408963585,,191101.188264083,75866.32289443216,17.055382937293192,0.6,0.6030044418688156,NONE
2019-05-13,6700.39,0.9214000000000002,0.8026592022393282,,190144.0401736421,75866.32289443216,17.055382937293192,0.6,0.6010060434965513,NONE
2019-05-14,6663.0,0.9294000000000002,0.8076923076923077,,189506.3394056167,75866.32289443216,17.055382937293192,0.6,0.5996634037025593,NONE
2019-05-15,6787.69,0.8872000000000004,0.7833682739343116,,191632.97510406777,75866.32289443216,17.055382937293192,0.6,0.604106115592933,NONE
2019-05-16,6818.66,0.879,0.776536312849162,,192161.18031363573,75866.32289443216,17.055382937293192,0.6,0.6051943333684411,NONE
2019-05-17,6647.16,0.9273000000000002,0.8060013956734124,,189236.18213988998,75866.32289443216,17.055382937293192,0.6,0.599091875366894,NONE
2019-05-20,6593.59,0.9185999999999996,0.799163179916318,,188322.5252759392,75866.32289443216,17.055382937293192,0.6,0.5971468480296279,NONE
2019-05-21,6719.5,0.8558999999999997,0.7560975609756098,,190469.96854157376,75866.32289443216,17.055382937293192,0.6,0.6016887939062537,NONE
2019-05-22,6683.89,0.8474999999999997,0.7513927576601671,,189862.62635517676,75866.32289443216,17.055382937293192,0.6,0.6004146558443327,NONE
2019-05-23,6599.49,0.8881999999999999,0.7828810020876826,,188423.1520352692,75866.32289443216,17.055382937293192,0.6,0.5973619904191422,NONE
2019-05-24,6597.6,0.8760000000000003,0.7732962447844228,,188390.91736151773,75866.32289443216,17.055382937293192,0.6,0.5972930969445492,NONE
2019-05-27,6679.88,0.3551999999999999,0.4558721334259902,,189794.2342695982,75866.32289443216,17.055382937293192,0.6,0.6002706658271513,NONE
2019-05-28,6742.36,0.4075999999999999,0.4909722222222222,,190859.8545955203,75866.32289443216,17.055382937293192,0.6,0.6025024589104301,NONE
2019-05-29,6726.49,0.4493,0.5294934073560028,,190589.18566830544,75866.32289443216,17.055382937293192,0.6,0.6019379450706759,NONE
2019-05-30,6718.4,0.5333999999999999,0.587378640776699,,190451.20762034273,75866.32289443216,17.055382937293192,0.6,0.6016495571628573,NONE
2019-05-31,6723.69,0.6416999999999997,0.6396396396396397,,190541.43059608102,75866.32289443216,17.055382937293192,0.6,0.6018381794599974,NONE
2019-06-03,6664.79,1.0171,0.8538781163434903,0.6396396396396397,189536.86854107445,75814.74741642979,17.063121437381323,0.6,0.6,BUY
2019-06-04,6599.23,1.0649000000000002,0.8698961937716263,,188418.21029963973,75814.74741642979,17.063121437381323,0.6,0.597625158970238,NONE
2019-06-05,6577.94,0.7418,0.6922544951590595,,188054.9364442379,75814.74741642979,17.063121437381323,0.6,0.5968478740843349,NONE
2019-06-06,6501.79,0.7715000000000001,0.7062888735314443,,186755.5797467813,75814.74741642979,17.063121437381323,0.6,0.5940429329114252,NONE
2019-06-10,6559.47,0.4919000000000002,0.5621546961325967,,187739.78059128945,75814.74741642979,17.063121437381323,0.6,0.5961711088739423,NONE
2019-06-11,6743.2,0.6194000000000002,0.6300897170462388,,190874.7878929795,75814.74741642979,17.063121437381323,0.6,0.6028037633815845,NONE
2019-06-12,6679.14,0.6517,0.6441379310344828,,189781.7243337009,75814.74741642979,17.063121437381323,0.6,0.6005160787604519,NONE
2019-06-13,6663.42,0.6952000000000003,0.6643694004135079,,189513.49206470523,75814.74741642979,17.063121437381323,0.6,0.599950660027179,NONE
2019-06-14,6601.25,0.7511999999999999,0.6990358126721763,,188452.67780494323,75814.74741642979,17.063121437381323,0.6,0.5976987522835767,NONE
2019-06-17,6602.37,0.5509,0.5939435650378527,,188471.78850095312,75814.74741642979,17.063121437381323,0.6,0.597739544897212,NONE
2019-06-18,6597.4,0.5603000000000002,0.6011004126547456,,188386.9847874093,75814.74741642979,17.063121437381323,0.6,0.5975584645511202,NONE
2019-06-19,6645.83,1.2264999999999997,0.9285223367697596,,189213.3517586217,75814.74741642979,17.063121437381323,0.6,0.5993160804362994,NONE
2019-06-20,6755.82,1.1086999999999998,0.8853021978021978,,191090.12448551928,75814.74741642979,17.063121437381323,0.6,0.603251357857716,NONE
2019-06-21,6768.27,1.1223999999999994,0.8888126286890872,,191302.5603474147,75814.74741642979,17.063121437381323,0.6,0.6036919355457315,NONE
2019-06-24,6792.51,0.9291000000000004,0.8072702331961591,,191716.1704110568,75814.74741642979,17.063121437381323,0.6,0.6045469338664751,NONE
2019-06-25,6715.42,1.0033999999999996,0.8478409869773817,,190400.77437944908,75814.74741642979,17.063121437381323,0.6,0.6018149208503804,NONE
2019-06-26,6721.49,1.0501999999999998,0.8643835616438356,,190504.34752657398,75814.74741642979,17.063121437381323,0.6,0.6020314055780055,NONE
2019-06-27,6760.36,1.1174999999999995,0.8870636550308009,,191167.59105684498,75814.74741642979,17.063121437381323,0.6,0.6034121317462972,NONE
2019-06-28,6727.9,1.1614999999999998,0.90218878248974,,190613.7221349876,75814.74741642979,17.063121437381323,0.6,0.6022597609067212,NONE
2019-07-01,6849.82,1.092,0.8776486671223513,0.90218878248974,192694.05790063314,0.0,28.131258617107186,1.0,1.0,BUY
2019-07-02,6888.15,1.1315999999999995,0.8900273224043715,,193772.32904342684,0.0,28.131258617107186,1.0,1.0,NONE
2019-07-03,6874.75,1.6840000000000002,1.0,,193395.37017795764,0.0,28.131258617107186,1.0,1.0,NONE
2019-07-04,6859.17,1.6627,0.9986357435197816,,192957.0851687031,0.0,28.131258617107186,1.0,1.0,NONE
2019-07-05,6890.3,1.7242000000000002,1.0,,193832.81124945363,0.0,28.131258617107186,1.0,1.0,NONE
2019-07-08,6727.78,1.8007000000000004,1.0,,189260.9190990014,0.0,28.131258617107186,1.0,1.0,NONE
2019-07-09,6749.6,1.9341,1.0,,189874.74316202666,0.0,28.131258617107186,1.0,1.0,NONE
2019-07-10,6696.8,1.9876,1.0,,188389.4127070434,0.0,28.131258617107186,1.0,1.0,NONE
2019-07-11,6688.52,1.9607,0.9993201903467028,,188156.48588569378,0.0,28.131258617107186,1.0,1.0,NONE
2019-07-12,6727.16,2.1342000000000003,1.0,,189243.47771865877,0.0,28.131258617107186,1.0,1.0,NONE
2019-07-15,6766.31,1.1816999999999998,0.9042769857433808,,190344.81649351853,0.0,28.131258617107186,1.0,1.0,NONE
2019-07-16,6765.8,1.0523000000000002,0.8575305291723202,,190330.4695516238,0.0,28.131258617107186,1.0,1.0,NONE
2019-07-17,6763.25,0.8183000000000002,0.7179661016949153,,190258.73484215018,0.0,28.131258617107186,1.0,1.0,NONE
2019-07-18,6670.89,1.0057,0.8407859078590786,,187660.53179627415,0.0,28.131258617107186,1.0,1.0,NONE
2019-07-19,6722.28,1.0004,0.8375084631008801,,189106.1971766073,0.0,28.131258617107186,1.0,1.0,NONE
2019-07-22,6644.65,1.0938000000000003,0.8728010825439784,,186922.36757016124,0.0,28.131258617107186,1.0,1.0,NONE
2019-07-23,6682.27,1.1544000000000003,0.8931710615280595,,187980.66551933685,0.0,28.131258617107186,1.0,1.0,NONE
2019-07-24,6719.37,1.1083000000000005,0.8770270270270271,,189024.3352140315,0.0,28.131258617107186,1.0,1.0,NONE
2019-07-25,6739.2,1.0936000000000003,0.8710330857528696,,189582.17807240874,0.0,28.131258617107186,1.0,1.0,NONE
2019-07-26,6756.7,1.0858,0.8657219973009447,,190074.47509820812,0.0,28.131258617107186,1.0,1.0,NONE
2019-07-29,6749.17,1.0073,0.8381658799730276,,189862.6467208213,0.0,28.131258617107186,1.0,1.0,NONE
2019-07-30,6789.81,1.0008999999999997,0.8342318059299192,,191005.90107102055,0.0,28.131258617107186,1.0,1.0,NONE
2019-07-31,6728.47,1.0848000000000004,0.8653198653198653,,189280.3296674472,0.0,28.131258617107186,1.0,1.0,NONE
2019-08-01,6680.93,1.1236000000000006,0.882907133243607,0.8653198653198653,187942.96963278993,37588.59392655798,22.50500689368575,0.8,0.8,SELL
2019-08-02,6577.2,1.2317,0.9266980497646268,,185608.52526770788,37588.59392655798,22.50500689368575,0.8,0.797484550494957,NONE
2019-08-05,6475.02,1.3601000000000003,0.961021505376344,,183308.9636633111,37588.59392655798,22.50500689368575,0.8,0.7949440486958508,NONE
2019-08-06,6359.97,1.4033999999999995,0.9677635997313632,,180719.76262019255,37588.59392655798,22.50500689368575,0.8,0.7920061791716959,NONE
2019-08-07,6343.46,1.4253999999999998,0.9711409395973154,,180348.2049563778,37588.59392655798,22.50500689368575,0.8,0.7915776653521458,NONE
2019-08-08,6389.97,1.3104000000000005,0.9510395707578806,,181394.9128270031,37588.59392655798,22.50500689368575,0.8,0.7927803302708586,NONE
2019-08-09,6334.39,1.3571000000000004,0.9591152815013404,,180144.08454385205,37588.59392655798,22.50500689368575,0.8,0.7913415029878048,NONE
2019-08-12,6427.73,1.2837999999999998,0.9450770261219024,,182244.70188730868,37588.59392655798,22.50500689368575,0.8,0.7937465751415865,NONE
2019-08-13,6381.37,1.3664999999999994,0.9605087014725568,,181201.3697677174,37588.59392655798,22.50500689368575,0.8,0.7925589967959794,NONE
2019-08-14,6413.47,1.3527999999999998,0.9565217391304348,,181923.78048900474,37588.59392655798,22.50500689368575,0.8,0.7933827352008563,NONE
2019-08-15,6430.65,1.4291,0.9732620320855616,,182310.41650743823,37588.59392655798,22.50500689368575,0.8,0.7938209201281465,NONE
2019-08-16,6438.67,1.4192,0.9692718770875084,,182490.9066627256,37588.59392655798,22.50500689368575,0.8,0.7940248387497568,NONE
2019-08-19,6563.99,1.3744000000000005,0.959946595460614,,185311.2341266423,37588.59392655798,22.50500689368575,0.8,0.7971596589720523,NONE
2019-08-20,6560.29,1.3779000000000003,0.961307538358906,,185227.96560113566,37588.59392655798,22.50500689368575,0.8,0.7970684728703433,NONE
2019-08-21,6548.36,1.3553999999999995,0.9546666666666668,,184959.480868894,37588.59392655798,22.50500689368575,0.8,0.7967739001538281,NONE
2019-08-22,6545.94,1.3871999999999995,0.9646902065289806,,184905.01875221127,37588.59392655798,22.50500689368575,0.8,0.7967140417268503,NONE
2019-08-23,6559.36,1.2714,0.9347536617842876,,185207.03594472454,37588.59392655798,22.50500689368575,0.8,0.7970455402257159,NONE
2019-08-26,6485.99,1.3309000000000002,0.9494344644045244,,183555.8435889348,37588.59392655798,22.50500689368575,0.8,0.795219845951971,NONE
2019-08-27,6570.83,1.2871,0.9401595744680852,,185465.1683737951,37588.59392655798,22.50500689368575,0.8,0.7973280144398857,NONE
2019-08-28,6576.92,1.2990999999999997,0.9421926910299004,,185602.22386577766,37588.59392655798,22.50500689368575,0.8,0.7974776748702053,NONE
2019-08-29,6544.65,1.3386000000000005,0.950863213811421,,184875.9872933184,37588.59392655798,22.50500689368575,0.8,0.7966821193121143,NONE
2019-08-30,6509.3,1.3108,0.9442601194426012,,184080.43529962664,37588.59392655798,22.50500689368575,0.8,0.795803427640883,NONE
2019-09-02,6604.06,1.2695000000000003,0.9310344827586208,0.9442601194426012,186213.0097528723,0.0,28.19674711508864,1.0,1.0,BUY
2019-09-03,6615.35,1.2766000000000006,0.9357190192180252,,186531.35102780166,0.0,28.19674711508864,1.0,1.0,NONE
2019-09-04,6699.5,1.2374,0.9158940397350992,,188904.10729753636,0.0,28.19674711508864,1.0,1.0,NONE
2019-09-05,6737.53,1.2381999999999995,0.915949702183984,,189976.42959032315,0.0,28.19674711508864,1.0,1.0,NONE
2019-09-06,6783.82,1.2127000000000003,0.9041005291005292,,191281.65701428062,0.0,28.19674711508864,1.0,1.0,NONE
2019-09-09,6826.49,1.2033999999999998,0.9015201586252478,,192484.81221368146,0.0,28.19674711508864,1.0,1.0,NONE
2019-09-10,6795.43,1.2010999999999998,0.8982826948480845,,191609.02124828682,0.0,28.19674711508864,1.0,1.0,NONE
2019-09-11,6771.03,1.1834999999999996,0.8884488448844885,,190921.02061867862,0.0,28.19674711508864,1.0,1.0,NONE
2019-09-12,6814.11,0.9885000000000002,0.8133245382585752,,192135.73648439665,0.0,28.19674711508864,1.0,1.0,NONE
2019-09-16,6814.79,0.9905999999999996,0.8134475939353988,,192154.9102724349,0.0,28.19674711508864,1.0,1.0,NONE
2019-09-17,6703.92,1.1336999999999997,0.8695652173913043,,189028.73691978503,0.0,28.19674711508864,1.0,1.0,NONE
2019-09-18,6743.7,1.1132,0.8610928242264648,,190150.40352002328,0.0,28.19674711508864,1.0,1.0,NONE
2019-09-19,6757.58,1.1359,0.8710526315789474,,190541.7743699807,0.0,28.19674711508864,1.0,1.0,NONE
2019-09-20,6776.34,1.1301000000000003,0.8665351742274819,,191070.74534585976,0.0,28.19674711508864,1.0,1.0,NONE
2019-09-23,6686.94,1.1741000000000006,0.8863337713534822,,188549.95615377082,0.0,28.19674711508864,1.0,1.0,NONE
2019-09-24,6691.36,1.1537000000000006,0.8759028233749179,,188674.58577601952,0.0,28.19674711508864,1.0,1.0,NONE
2019-09-25,6609.85,1.1835999999999998,0.8891076115485564,,186376.26891866868,0.0,28.19674711508864,1.0,1.0,NONE
2019-09-26,6566.36,1.1384000000000003,0.8701639344262295,,185149.99238663344,0.0,28.19674711508864,1.0,1.0,NONE
2019-09-27,6549.75,1.138,0.8695937090432503,,184681.64441705184,0.0,28.19674711508864,1.0,1.0,NONE
2019-09-30,6513.86,1.1671000000000005,0.8801571709233792,,183669.6631630913,0.0,28.19674711508864,1.0,1.0,NONE
2019-10-08,6563.44,1.1617999999999995,0.8795811518324608,0.8801571709233792,185067.6578850574,37013.53157701148,22.55739769207091,0.8,0.7999999999999999,SELL
2019-10-09,6620.97,1.1342,0.8652714192282538,,186365.38497428223,37013.53157701148,22.55739769207091,0.8,0.8013926696627744,NONE
2019-10-10,6658.97,1.112,0.8549019607843137,,187222.56608658092,37013.53157701148,22.55739769207091,0.8,0.802301974859726,NONE
2019-10-11,6698.2,1.0329000000000002,0.8229915088177662,,188107.49279804085,37013.53157701148,22.55739769207091,0.8,0.803232018956573,NONE
2019-10-14,6773.06,0.9796999999999998,0.8022193211488251,,189796.1395892693,37013.53157701148,22.55739769207091,0.8,0.8049826953429554,NONE
2019-10-15,6725.55,0.9937,0.806914546640574,,188724.437624919,37013.53157701148,22.55739769207091,0.8,0.8038752583246578,NONE
2019-10-16,6698.06,0.9921000000000006,0.8063885267275098,,188104.334762364,37013.53157701148,22.55739769207091,0.8,0.8032287154691494,NONE
2019-10-17,6676.4,1.0114000000000003,0.8149837133550488,,187615.7415283537,37013.53157701148,22.55739769207091,0.8,0.8027162791592423,NONE
2019-10-18,6587.32,1.0298000000000005,0.8229166666666666,,185606.32854194404,37013.53157701148,22.55739769207091,0.8,0.8005804442780785,NONE
2019-10-21,6612.16,0.9622000000000002,0.7911515940143136,,186166.65430061508,37013.53157701148,22.55739769207091,0.8,0.8011806587164456,NONE
2019-10-22,6642.26,0.9576000000000002,0.788036410923277,,186845.63197114642,37013.53157701148,22.55739769207091,0.8,0.801903147606216,NONE
2019-10-23,6614.72,0.9585,0.788174139051332,,186224.40123870678,37013.53157701148,22.55739769207091,0.8,0.8012423112609895,NONE
2019-10-24,6625.36,0.9278000000000004,0.7636363636363637,,186464.41195015042,37013.53157701148,22.55739769207091,0.8,0.8014981454643113,NONE
2019-10-25,6663.45,0.8938000000000001,0.7443218689162882,,187323.6232282414,37013.53157701148,22.55739769207091,0.8,0.8024086287722881,NONE
2019-10-28,6697.37,0.8435000000000001,0.704928664072633,,188088.77015795643,37013.53157701148,22.55739769207091,0.8,0.8032124323747366,NONE
2019-10-29,6652.04,0.8490000000000002,0.710952689565781,,187066.24332057487,37013.53157701148,22.55739769207091,0.8,0.8021367675963776,NONE
2019-10-30,6596.49,0.8510999999999997,0.7117875647668394,,185813.17987878033,37013.53157701148,22.55739769207091,0.8,0.8008024425330962,NONE
2019-10-31,6555.98,0.8782999999999999,0.7333333333333333,,184899.3796982745,37013.53157701148,22.55739769207091,0.8,0.7998179786356693,NONE
2019-11-01,6639.5,0.8344,0.6966364812419146,0.7333333333333333,186783.37355351629,74713.34942140651,16.879286713172647,0.6,0.6000000000000001,SELL
2019-11-04,6653.93,0.8017000000000003,0.6774402068519716,,187026.9416607874,74713.34942140651,16.879286713172647,0.6,0.600520926247541,NONE
2019-11-05,6682.94,0.827,0.6925064599483204,,187516.60976833652,74713.34942140651,16.879286713172647,0.6,0.6015640987019253,NONE
2019-11-06,6634.35,0.8169999999999997,0.684312459651388,,186696.44522694347,74713.34942140651,16.879286713172647,0.6,0.5998137547258232,NONE
2019-11-07,6656.12,0.8079000000000001,0.6812903225806451,,187063.90729868924,74713.34942140651,16.879286713172647,0.6,0.600599867177424,NONE
2019-11-08,6642.93,0.8348,0.6976144422952933,,186841.26950694248,74713.34942140651,16.879286713172647,0.6,0.6001239468209117,NONE
2019-11-11,6522.19,0.9334000000000002,0.770618556701031,,184803.264429194,74713.34942140651,16.879286713172647,0.6,0.5957141252229753,NONE
2019-11-12,6540.07,0.9164000000000004,0.7553122987765615,,185105.06607562554,74713.34942140651,16.879286713172647,0.6,0.5963732867749713,NONE
2019-11-13,6508.22,0.9498999999999996,0.7844272844272844,,184567.460793811,74713.34942140651,16.879286713172647,0.6,0.5951976090472831,NONE
2019-11-14,6511.27,0.9477999999999996,0.7819935691318328,,184618.94261828618,74713.34942140651,16.879286713172647,0.6,0.5953104900189896,NONE
2019-11-15,6443.33,0.9763000000000002,0.8014138817480719,,183472.16387899322,74713.34942140651,16.879286713172647,0.6,0.592781009163424,NONE
2019-11-18,6508.47,0.9752999999999998,0.8002569043031471,,184571.6806154893,74713.34942140651,16.879286713172647,0.6,0.5952068639551816,NONE
2019-11-19,6577.51,0.9767999999999994,0.8016688061617459,,185737.02657016675,74713.34942140651,16.879286713172647,0.6,0.5977466055041981,NONE
2019-11-20,6524.98,1.0128999999999997,0.8171905067350866,,184850.35763912374,74713.34942140651,16.879286713172647,0.6,0.5958171226951776,NONE
2019-11-21,6519.99,1.0236,0.8224358974358974,,184766.12999842502,74713.34942140651,16.879286713172647,0.6,0.5956328715547413,NONE
2019-11-22,6495.89,1.0322,0.8257527226137091,,184359.3391886376,74713.34942140651,16.879286713172647,0.6,0.5947406312573112,NONE
2019-11-25,6581.44,0.9504,0.7816901408450704,,185803.3621669495,74713.34942140651,16.879286713172647,0.6,0.5978902181852097,NONE
2019-11-26,6567.5,0.9727,0.7965451055662188,,185568.0649101679,74713.34942140651,16.879286713172647,0.6,0.5973803495899216,NONE
2019-11-27,6534.24,0.9800000000000004,0.8017902813299232,,185006.65983408774,74713.34942140651,16.879286713172647,0.6,0.5961585951099881,NONE
2019-11-28,6513.67,1.0035999999999996,0.8121405750798723,,184659.45290639778,74713.34942140651,16.879286713172647,0.6,0.5953992701403809,NONE
2019-11-29,6501.07,1.0279999999999996,0.8231162196679438,,184446.7738938118,74713.34942140651,16.879286713172647,0.6,0.5949327394339796,NONE
2019-12-02,6523.66,0.9755000000000004,0.7970644543714104,0.8231162196679438,184828.0769806624,36965.61539613246,22.665568344231602,0.8,0.8,BUY
2019-12-03,6549.6,1.0012,0.8099489795918368,,185416.02182351178,36965.61539613246,22.665568344231602,0.8,0.8006341899012471,NONE
2019-12-04,6516.36,1.0199000000000005,0.8209050350541747,,184662.6183317495,36965.61539613246,22.665568344231602,0.8,0.7998207989787998,NONE
2019-12-05,6546.23,1.0053,0.8127388535031848,,185339.6388581917,36965.61539613246,22.665568344231602,0.8,0.8005520264101958,NONE
2019-12-06,6556.45,1.0052999999999996,0.812221514958625,,185571.28096666973,36965.61539613246,22.665568344231602,0.8,0.8008009903064052,NONE
2019-12-09,6584.49,0.9488,0.7748091603053435,,186206.823503042,36965.61539613246,22.665568344231602,0.8,0.8014808764753534,NONE
2019-12-10,6580.77,0.9718,0.7921169739351558,,186122.50758880147,36965.61539613246,22.665568344231602,0.8,0.8013909447330239,NONE
2019-12-11,6621.9,0.956,0.7801778907242694,,187054.7424147997,36965.61539613246,22.665568344231602,0.8,0.8023807634122418,NONE
2019-12-12,6630.45,0.9636,0.7860317460317461,,187248.53302414287,36965.61539613246,22.665568344231602,0.8,0.8025852870560738,NONE
2019-12-13,6693.85,0.8982000000000006,0.7373096446700508,,188685.53005716717,36965.61539613246,22.665568344231602,0.8,0.804088764067214,NONE
2019-12-16,6744.04,1.1424999999999996,0.8763474952441345,,189823.11493236414,36965.61539613246,22.665568344231602,0.8,0.8052628342480647,NONE
2019-12-17,6796.37,1.0726999999999998,0.8415716096324461,,191009.2041238178,36965.61539613246,22.665568344231602,0.8,0.8064720725595492,NONE
2019-12-18,6783.36,1.0720999999999994,0.8410386320455985,,190714.32507965932,36965.61539613246,22.665568344231602,0.8,0.8061728431742486,NONE
2019-12-19,6792.17,1.0594999999999994,0.8360759493670886,,190914.00873677203,36965.61539613246,22.665568344231602,0.8,0.806375573795112,NONE
2019-12-20,6761.49,1.0906999999999996,0.8494623655913979,,190218.62909997097,36965.61539613246,22.665568344231602,0.8,0.8056677436324868,NONE
2019-12-23,6677.08,1.1436000000000002,0.8767383059418458,,188305.4284760344,36965.61539613246,22.665568344231602,0.8,0.8036933098780152,NONE
2019-12-24,6714.53,1.1526999999999994,0.8780795957043588,,189154.25401052588,36965.61539613246,22.665568344231602,0.8,0.8045742318114852,NONE
2019-12-25,6705.33,1.1727999999999996,0.8888888888888888,,188945.73078175893,36965.61539613246,22.665568344231602,0.8,0.8043585571201423,NONE
2019-12-26,6781.5,1.1663,0.8832807570977917,,190672.16712253907,36965.61539613246,22.665568344231602,0.8,0.806129987643263,NONE
2019-12-27,6768.79,1.1431000000000004,0.8745271122320303,,190384.08774888387,36965.61539613246,22.665568344231602,0.8,0.8058366335484402,NONE
2019-12-30,6858.98,1.1125999999999996,0.8563327032136105,,192428.29535785012,36965.61539613246,22.665568344231602,0.8,0.8078992731947805,NONE
2019-12-31,6902.53,1.1029999999999998,0.8513853904282116,,193415.3808592414,36965.61539613246,22.665568344231602,0.8,0.8088796494264626,NONE
2020-01-02,6999.68,1.0265,0.81686595342983,0.8513853904282116,195617.34082388354,39123.468164776685,22.35728957025276,0.8,0.8000000000000002,SELL
2020-01-03,6997.42,1.0311,0.8207547169811321,,195566.81334945475,39123.468164776685,22.35728957025276,0.8,0.7999483271485961,NONE
2020-01-06,6972.77,1.0686,0.8340666247642992,,195015.70616154803,39123.468164776685,22.35728957025276,0.8,0.799382988504693,NONE
2020-01-07,7029.42,1.0453,0.8260050251256281,,196282.24661570284,39123.468164776685,22.35728957025276,0.8,0.8006774996753744,NONE
2020-01-08,6947.43,1.0927999999999995,0.847457627118644,,194449.17244383783,39123.468164776685,22.35728957025276,0.8,0.7987984845958828,NONE
2020-01-09,7035.1,1.0806,0.8393977415307403,,196409.2360204619,39123.468164776685,22.35728957025276,0.8,0.8008063726661978,NONE
2020-01-10,7008.55,1.1249000000000002,0.8620689655172413,,195815.64998237166,39123.468164776685,22.35728957025276,0.8,0.8002025467918484,NONE
2020-01-13,7057.75,1.1098000000000003,0.8546365914786967,,196915.6286292281,39123.468164776685,22.35728957025276,0.8,0.8013186234270813,NONE
2020-01-14,7065.08,1.0991999999999995,0.849718221665623,,197079.50756177807,39123.468164776685,22.35728957025276,0.8,0.8014838343732276,NONE
2020-01-15,7028.65,1.1522,0.876720901126408,,196265.03150273373,39123.468164776685,22.35728957025276,0.8,0.8006600163808002,NONE
2020-01-16,6991.93,1.1791,0.892432770481551,,195444.07182971408,39123.468164776685,22.35728957025276,0.8,0.7998226919931137,NONE
2020-01-17,6994.87,1.1839,0.895,,195509.80226105062,39123.468164776685,22.35728957025276,0.8,0.799889991640737,NONE
2020-01-20,7003.26,1.1871000000000005,0.89631480324797,,195697.37992054503,39123.468164776685,22.35728957025276,0.8,0.8000817988433919,NONE
2020-01-21,6874.51,1.3009,0.9444444444444444,,192818.87888837498,39123.468164776685,22.35728957025276,0.8,0.7970973154167871,NONE
2020-01-22,6898.58,1.2977,0.9426076107298814,,193357.01884833098,39123.468164776685,22.35728957025276,0.8,0.7976620223160087,NONE
2020-01-23,6712.04,1.4341999999999997,0.9750623441396508,,189186.49005189602,39123.468164776685,22.35728957025276,0.8,0.7932015750488067,NONE
2020-02-03,6114.12,1.9148,0.9975077881619938,0.9750623441396508,175818.6194720505,0.0,28.75616106194358,1.0,1.0,BUY
2020-02-04,6242.09,1.7901999999999996,0.99626400996264,,179498.5454031474,0.0,28.75616106194358,1.0,1.0,NONE
2020-02-05,6314.32,1.7901000000000002,0.9956440572495332,,181575.60291665158,0.0,28.75616106194358,1.0,1.0,NONE
2020-02-06,6393.5,1.7597000000000005,0.9950248756218906,,183852.51574953628,0.0,28.75616106194358,1.0,1.0,NONE
2020-02-07,6415.26,1.8071,0.9968924798011188,,184478.24981424416,0.0,28.75616106194358,1.0,1.0,NONE
2020-02-10,6512.84,1.8101,0.9968944099378882,,187284.27601066863,0.0,28.75616106194358,1.0,1.0,NONE
2020-02-11,6535.13,1.7209,0.9925512104283054,,187925.25084073935,0.0,28.75616106194358,1.0,1.0,NONE
2020-02-12,6576.75,1.7087999999999997,0.9919354838709676,,189122.08226413743,0.0,28.75616106194358,1.0,1.0,NONE
2020-02-13,6536.5,1.7409999999999997,0.9931804091754496,,187964.6467813942,0.0,28.75616106194358,1.0,1.0,NONE
2020-02-14,6585.93,1.6650999999999998,0.9894671623296158,,189386.0638226861,0.0,28.75616106194358,1.0,1.0,NONE
2020-02-17,6722.54,1.5714,0.9820433436532509,,193314.44298535818,0.0,28.75616106194358,1.0,1.0,NONE
2020-02-18,6736.45,1.6359999999999997,0.9876237623762376,,193714.4411857298,0.0,28.75616106194358,1.0,1.0,NONE
2020-02-19,6709.57,1.6216,0.9857761286332716,,192941.47557638478,0.0,28.75616106194358,1.0,1.0,NONE
2020-02-20,6804.6,1.5639000000000003,0.9802224969097652,,195674.1735621013,0.0,28.75616106194358,1.0,1.0,NONE
2020-02-21,6830.4,1.6144000000000005,0.9851760345892526,,196416.08251749942,0.0,28.75616106194358,1.0,1.0,NONE
2020-02-24,6782.86,1.6914000000000002,0.9907407407407408,,195049.01462061462,0.0,28.75616106194358,1.0,1.0,NONE
2020-02-25,6715.21,1.7171000000000003,0.9913633559531152,,193103.66032477416,0.0,28.75616106194358,1.0,1.0,NONE
2020-02-26,6712.04,1.7231000000000003,0.9919852034525276,,193012.5032942078,0.0,28.75616106194358,1.0,1.0,NONE
2020-02-27,6720.58,1.7377000000000002,0.9926062846580408,,193258.0809096768,0.0,28.75616106194358,1.0,1.0,NONE
2020-02-28,6512.1,1.8688,0.99692118226601,,187262.9964514828,0.0,28.75616106194358,1.0,1.0,NONE
2020-03-02,6768.94,1.7483000000000004,0.9926153846153846,0.99692118226601,194648.72885863236,0.0,28.75616106194358,1.0,1.0,NONE
2020-03-03,6767.69,1.7372000000000003,0.9907749077490776,,194612.78365730494,0.0,28.75616106194358,1.0,1.0,NONE
2020-03-04,6854.89,1.7862,0.993239090350338,,197120.32090190644,0.0,28.75616106194358,1.0,1.0,NONE
2020-03-05,6939.87,1.7081,0.9864864864864864,,199564.0194689504,0.0,28.75616106194358,1.0,1.0,NONE
2020-03-06,6857.53,1.8271,0.996316758747698,,197196.23716710994,0.0,28.75616106194358,1.0,1.0,NONE
2020-03-09,6645.04,2.0335,0.9993865030674848,,191085.84050305755,0.0,28.75616106194358,1.0,1.0,NONE
2020-03-10,6763.45,1.8842000000000003,0.9963212752912324,,194490.8575344023,0.0,28.75616106194358,1.0,1.0,NONE
2020-03-11,6704.34,1.9303,0.996936274509804,,192791.08085403082,0.0,28.75616106194358,1.0,1.0,NONE
2020-03-12,6584.28,1.9478,0.9975505205143906,,189338.61615693386,0.0,28.75616106194358,1.0,1.0,NONE
2020-03-13,6480.98,1.9784,0.9981640146878824,,186368.1047192351,0.0,28.75616106194358,1.0,1.0,NONE
2020-03-16,6279.92,2.0852,0.999388379204893,,180586.39097612072,0.0,28.75616106194358,1.0,1.0,NONE
2020-03-17,6257.11,2.0605,0.9987775061124694,,179930.46294229777,0.0,28.75616106194358,1.0,1.0,NONE
2020-03-18,6166.53,2.1368,1.0,,177325.72987330693,0.0,28.75616106194358,1.0,1.0,NONE
2020-03-19,6104.29,2.2356,1.0,,175535.94640881158,0.0,28.75616106194358,1.0,1.0,NONE
2020-03-20,6189.14,2.1953,0.9993898718730934,,177975.9066749175,0.0,28.75616106194358,1.0,1.0,NONE
2020-03-23,6010.26,2.3683,1.0,,172832.00458415702,0.0,28.75616106194358,1.0,1.0,NONE
2020-03-24,6158.75,2.2407000000000004,0.9993906154783668,,177102.00694024502,0.0,28.75616106194358,1.0,1.0,NONE
2020-03-25,6286.47,2.147,0.997563946406821,,180774.74383107646,0.0,28.75616106194358,1.0,1.0,NONE
2020-03-26,6224.83,2.1973,0.9981740718198416,,179002.21406321824,0.0,28.75616106194358,1.0,1.0,NONE
2020-03-27,6270.43,2.1435000000000004,0.9963503649635036,,180313.4950076429,0.0,28.75616106194358,1.0,1.0,NONE
2020-03-30,6189.73,2.1462,0.9963525835866262,,177992.87280994403,0.0,28.75616106194358,1.0,1.0,NONE
2020-03-31,6179.02,2.2077,0.9981773997569866,,177684.89432497064,0.0,28.75616106194358,1.0,1.0,NONE
2020-04-01,6141.43,2.2583,0.9993928354584092,0.9981773997569866,176603.95023065218,0.0,28.75616106194358,1.0,1.0,NONE
2020-04-02,6230.94,2.1841,0.995752427184466,,179177.91420730672,0.0,28.75616106194358,1.0,1.0,NONE
2020-04-03,6198.05,2.2001,0.996967859308672,,178232.1240699794,0.0,28.75616106194358,1.0,1.0,NONE
2020-04-07,6312.6,2.232,0.9975757575757576,,181526.14231962504,0.0,28.75616106194358,1.0,1.0,NONE
2020-04-08,6307.28,2.2827,0.9993943064809206,,181373.15954277548,0.0,28.75616106194358,1.0,1.0,NONE
2020-04-09,6324.65,2.2437,0.99818401937046,,181872.65406042145,0.0,28.75616106194358,1.0,1.0,NONE
2020-04-10,6258.73,2.2352000000000003,0.9963702359346642,,179977.04792321814,0.0,28.75616106194358,1.0,1.0,NONE
2020-04-13,6242.41,2.2132,0.9951632406287788,,179507.74737468723,0.0,28.75616106194358,1.0,1.0,NONE
2020-04-14,6321.94,2.1711,0.9915407854984896,,181794.7248639436,0.0,28.75616106194358,1.0,1.0,NONE
2020-04-15,6287.22,2.2128,0.9945652173913044,,180796.31095187293,0.0,28.75616106194358,1.0,1.0,NONE
2020-04-16,6267.94,2.2346,0.995775497887749,,180241.89216659864,0.0,28.75616106194358,1.0,1.0,NONE
2020-04-17,6286.48,2.1682999999999995,0.9897466827503016,,180775.03139268706,0.0,28.75616106194358,1.0,1.0,NONE
2020-04-20,6322.88,2.1431,0.9873417721518988,,181821.7556553418,0.0,28.75616106194358,1.0,1.0,NONE
2020-04-21,6284.59,2.1914,0.9909638554216867,,180720.68224828,0.0,28.75616106194358,1.0,1.0,NONE
2020-04-22,6312.96,2.1804,0.9897652016857316,,181536.49453760733,0.0,28.75616106194358,1.0,1.0,NONE
2020-04-23,6293.37,2.2288,0.9945848375451264,,180973.16134240385,0.0,28.75616106194358,1.0,1.0,NONE
2020-04-24,6255.34,2.2548000000000004,0.9981960312687912,,179879.56453721816,0.0,28.75616106194358,1.0,1.0,NONE
2020-04-27,6292.01,2.1742000000000004,0.9879807692307692,,180934.05296335963,0.0,28.75616106194358,1.0,1.0,NONE
2020-04-28,6253.92,2.1780000000000004,0.987987987987988,,179838.7307885102,0.0,28.75616106194358,1.0,1.0,NONE
2020-04-29,6315.14,2.15,0.985594237695078,,181599.1829687224,0.0,28.75616106194358,1.0,1.0,NONE
2020-04-30,6378.12,2.0806,0.9808038392321536,,183410.2459924036,0.0,28.75616106194358,1.0,1.0,NONE
2020-05-06,6384.47,2.0647999999999995,0.9802158273381296,0.9808038392321536,183592.84761514692,0.0,28.75616106194358,1.0,1.0,NONE
2020-05-07,6394.27,2.0293,0.9784301977231876,,183874.657993554,0.0,28.75616106194358,1.0,1.0,NONE
2020-05-08,6444.68,1.9804,0.977245508982036,,185324.25607268655,0.0,28.75616106194358,1.0,1.0,NONE
2020-05-11,6448.0,1.902,0.9730700179533214,,185419.7265274122,0.0,28.75616106194358,1.0,1.0,NONE
2020-05-12,6427.06,1.9304,0.9742822966507176,,184817.57251477512,0.0,28.75616106194358,1.0,1.0,NONE
2020-05-13,6441.42,1.8959000000000008,0.9719067543335326,,185230.5109876246,0.0,28.75616106194358,1.0,1.0,NONE
2020-05-14,6373.44,1.9402,0.974910394265233,,183275.66715863367,0.0,28.75616106194358,1.0,1.0,NONE
2020-05-15,6350.53,1.9371000000000005,0.9743283582089552,,182616.86350870455,0.0,28.75616106194358,1.0,1.0,NONE
2020-05-18,6351.68,1.8958000000000004,0.9701670644391408,,182649.9330939258,0.0,28.75616106194358,1.0,1.0,NONE
2020-05-19,6390.68,1.8646000000000005,0.9683959451401312,,183771.4233753416,0.0,28.75616106194358,1.0,1.0,NONE
2020-05-20,6342.92,1.9301,0.971990464839094,,182398.02912302318,0.0,28.75616106194358,1.0,1.0,NONE
2020-05-21,6308.23,1.9583,0.9755807027992852,,181400.47789578434,0.0,28.75616106194358,1.0,1.0,NONE
2020-05-22,6203.94,2.0924,0.981547619047619,,178401.49785863425,0.0,28.75616106194358,1.0,1.0,NONE
2020-05-25,6235.5,1.9907000000000004,0.9773944080904224,,179309.0423017492,0.0,28.75616106194358,1.0,1.0,NONE
2020-05-26,6283.95,1.9198,0.9696789536266348,,180702.27830520037,0.0,28.75616106194358,1.0,1.0,NONE
2020-05-27,6311.16,1.8936,0.9667260843731432,,181484.73344769585,0.0,28.75616106194358,1.0,1.0,NONE
2020-05-28,6311.24,1.8428,0.9643705463182898,,181487.0339405808,0.0,28.75616106194358,1.0,1.0,NONE
2020-05-29,6285.17,1.9948,0.9774480712166173,,180737.36082169594,0.0,28.75616106194358,1.0,1.0,NONE
2020-06-01,6411.97,1.6813000000000002,0.951364175563464,0.9774480712166173,184383.6420443504,0.0,28.75616106194358,1.0,1.0,NONE
2020-06-02,6430.23,1.7160999999999995,0.953764078245406,,184908.72954534146,0.0,28.75616106194358,1.0,1.0,NONE
2020-06-03,6434.87,1.3837000000000002,0.9170616113744076,,185042.15813266888,0.0,28.75616106194358,1.0,1.0,NONE
2020-06-04,6454.95,1.3534000000000006,0.9076376554174068,,185619.58184679272,0.0,28.75616106194358,1.0,1.0,NONE
2020-06-05,6434.26,1.3120000000000005,0.8994082840236687,,185024.6168744211,0.0,28.75616106194358,1.0,1.0,NONE
2020-06-08,6439.27,1.3081999999999998,0.8976936723832052,,185168.68524134145,0.0,28.75616106194358,1.0,1.0,NONE
2020-06-09,6465.34,1.3005999999999998,0.8947990543735225,,185918.3583602263,0.0,28.75616106194358,1.0,1.0,NONE
2020-06-10,6439.49,1.5324999999999998,0.9391612522150028,,185175.01159677506,0.0,28.75616106194358,1.0,1.0,NONE
2020-06-11,6387.87,1.4742000000000002,0.9327036599763872,,183690.61856275753,0.0,28.75616106194358,1.0,1.0,NONE
2020-06-12,6378.75,1.4977999999999998,0.935103244837758,,183428.3623738726,0.0,28.75616106194358,1.0,1.0,NONE
2020-06-15,6334.11,1.4755000000000005,0.9321933962264152,,182144.68734406744,0.0,28.75616106194358,1.0,1.0,NONE
2020-06-16,6442.0,1.3742000000000003,0.9104301708898056,,185247.18956104055,0.0,28.75616106194358,1.0,1.0,NONE
2020-06-17,6455.28,1.3481999999999998,0.9034157832744404,,185629.07137994314,0.0,28.75616106194358,1.0,1.0,NONE
2020-06-18,6514.08,1.4335,0.9246615656268392,,187319.93365038544,0.0,28.75616106194358,1.0,1.0,NONE
2020-06-19,6527.95,0.6313,0.5423529411764706,,187718.78160431457,0.0,28.75616106194358,1.0,1.0,NONE
2020-06-22,6484.71,0.6204000000000001,0.538506760728983,,186475.36519999616,0.0,28.75616106194358,1.0,1.0,NONE
2020-06-23,6483.85,0.6311,0.5423031727379554,,186450.6349014829,0.0,28.75616106194358,1.0,1.0,NONE
2020-06-24,6497.4,0.887,0.6764533176746917,,186840.2808838722,0.0,28.75616106194358,1.0,1.0,NONE
2020-06-29,6466.99,0.669,0.5575117370892019,,185965.8060259785,0.0,28.75616106194358,1.0,1.0,NONE
2020-06-30,6526.15,1.5467,0.9401759530791788,,187667.0205144031,0.0,28.75616106194358,1.0,1.0,NONE
2020-07-01,6643.3,1.4364,0.924970691676436,0.9401759530791788,191035.80478280978,0.0,28.75616106194358,1.0,1.0,NONE
2020-07-02,6799.87,1.4143000000000003,0.9185705916813124,,195538.1569202783,0.0,28.75616106194358,1.0,1.0,NONE
2020-07-03,6875.06,0.6833999999999998,0.5626463700234192,,197700.33267052585,0.0,28.75616106194358,1.0,1.0,NONE
2020-07-06,7238.21,0.2477,0.3358689291983616,,208143.13256017063,0.0,28.75616106194358,1.0,1.0,NONE
2020-07-07,7210.2,0.2759,0.3497076023391813,,207337.6724888256,0.0,28.75616106194358,1.0,1.0,NONE
2020-07-08,7298.81,0.2420999999999997,0.3308007013442431,,209885.75592052442,0.0,28.75616106194358,1.0,1.0,NONE
2020-07-09,7368.61,0.1338999999999996,0.2926401869158878,,211892.93596264807,0.0,28.75616106194358,1.0,1.0,NONE
2020-07-10,7220.16,1.1296,0.8114419147694104,,207624.08385300255,0.0,28.75616106194358,1.0,1.0,NONE
2020-07-13,7417.88,0.7949999999999999,0.6137689614935823,,213309.75201817005,0.0,28.75616106194358,1.0,1.0,NONE
2020-07-14,7383.28,1.0058999999999996,0.7551020408163265,,212314.78884542678,0.0,28.75616106194358,1.0,1.0,NONE
2020-07-15,7254.42,1.7468999999999997,0.9586247086247086,,208609.26993098474,0.0,28.75616106194358,1.0,1.0,NONE
2020-07-16,7025.29,1.8685,0.965055329062318,,202020.37074686162,0.0,28.75616106194358,1.0,1.0,NONE
2020-07-17,7070.54,2.0419000000000005,0.979045401629802,,203321.58703491456,0.0,28.75616106194358,1.0,1.0,NONE
2020-07-20,7377.24,1.7275,0.9552065154159396,,212141.10163261264,0.0,28.75616106194358,1.0,1.0,NONE
2020-07-21,7363.89,1.7906999999999995,0.9604651162790696,,211757.2068824357,0.0,28.75616106194358,1.0,1.0,NONE
2020-07-22,7358.26,1.7113000000000005,0.9511911679256246,,211595.30969565696,0.0,28.75616106194358,1.0,1.0,NONE
2020-07-23,7274.66,1.6671999999999998,0.9471544715447154,,209191.2946308785,0.0,28.75616106194358,1.0,1.0,NONE
2020-07-24,7002.94,1.8302,0.9628554846198492,,201377.67054712717,0.0,28.75616106194358,1.0,1.0,NONE
2020-07-27,6984.14,1.813,0.9617169373549884,,200837.05471916264,0.0,28.75616106194358,1.0,1.0,NONE
2020-07-28,7050.82,1.7496999999999998,0.9565217391304348,,202754.51553877303,0.0,28.75616106194358,1.0,1.0,NONE
2020-07-29,7170.71,1.6729999999999996,0.9461181923522596,,206202.09168848945,0.0,28.75616106194358,1.0,1.0,NONE
2020-07-30,7167.15,1.6957000000000004,0.9478865083960626,,206099.7197551089,0.0,28.75616106194358,1.0,1.0,NONE
2020-07-31,7230.28,1.6795,0.945601851851852,,207915.0962029494,0.0,28.75616106194358,1.0,1.0,NONE
2020-08-03,7370.83,1.6609999999999996,0.9421631000578368,0.945601851851852,211956.7746402056,0.0,28.75616106194358,1.0,1.0,NONE
2020-08-04,7391.51,1.6158999999999994,0.938728323699422,,212551.4520509666,0.0,28.75616106194358,1.0,1.0,NONE
2020-08-05,7387.24,1.6205999999999996,0.9387637203928364,,212428.6632432321,0.0,28.75616106194358,1.0,1.0,NONE
2020-08-06,7392.54,1.5955,0.9359122401847576,,212581.0708968604,0.0,28.75616106194358,1.0,1.0,NONE
2020-08-07,7335.98,1.6171000000000002,0.938257357184074,,210954.62242719685,0.0,28.75616106194358,1.0,1.0,NONE
2020-08-10,7431.23,1.6104000000000005,0.936562860438293,,213693.64676834698,0.0,28.75616106194358,1.0,1.0,NONE
2020-08-11,7356.38,1.6184999999999996,0.938328530259366,,211541.2481128605,0.0,28.75616106194358,1.0,1.0,NONE
2020-08-12,7309.79,1.6107,0.9360599078341014,,210201.49856898456,0.0,28.75616106194358,1.0,1.0,NONE
2020-08-13,7337.31,1.6233000000000004,0.9395509499136442,,210992.86812140926,0.0,28.75616106194358,1.0,1.0,NONE
2020-08-14,7395.1,1.6119999999999997,0.9355581127733028,,212654.68666917898,0.0,28.75616106194358,1.0,1.0,NONE
2020-08-17,7548.97,1.5239000000000005,0.926394479585969,,217079.39717178023,0.0,28.75616106194358,1.0,1.0,NONE
2020-08-18,7563.51,1.5282999999999998,0.9264367816091954,,217497.5117536209,0.0,28.75616106194358,1.0,1.0,NONE
2020-08-19,7491.43,1.5443000000000002,0.9276278001148766,,215424.767664276,0.0,28.75616106194358,1.0,1.0,NONE
2020-08-20,7434.53,1.5771999999999995,0.9293915040183696,,213788.5420998514,0.0,28.75616106194358,1.0,1.0,NONE
2020-08-21,7430.4,1.5982999999999996,0.9328743545611016,,213669.77915466556,0.0,28.75616106194358,1.0,1.0,NONE
2020-08-24,7473.14,1.5793000000000004,0.9288990825688074,,214898.81747845304,0.0,28.75616106194358,1.0,1.0,NONE
2020-08-25,7467.35,1.541,0.9255014326647564,,214732.3193059044,0.0,28.75616106194358,1.0,1.0,NONE
2020-08-26,7342.9,1.5671,0.927262313860252,,211153.6150617455,0.0,28.75616106194358,1.0,1.0,NONE
2020-08-27,7386.53,1.5605000000000002,0.9261591299370348,,212408.2463688781,0.0,28.75616106194358,1.0,1.0,NONE
2020-08-28,7516.48,1.4801999999999995,0.915903890160183,,216145.10949887766,0.0,28.75616106194358,1.0,1.0,NONE
2020-08-31,7476.65,1.5584000000000002,0.9256718124642652,,214999.75160378046,0.0,28.75616106194358,1.0,1.0,NONE
2020-09-01,7490.94,1.523,0.9211428571428572,0.9256718124642652,215410.6771453556,0.0,28.75616106194358,1.0,1.0,NONE
2020-09-02,7484.54,1.4899999999999998,0.9160479725870933,,215226.6377145592,0.0,28.75616106194358,1.0,1.0,NONE
2020-09-03,7473.05,1.4859,0.9155251141552512,,214896.22942395747,0.0,28.75616106194358,1.0,1.0,NONE
2020-09-04,7451.66,1.4927,0.9161437535653166,,214281.13513884248,0.0,28.75616106194358,1.0,1.0,NONE
2020-09-07,7366.43,1.4978000000000002,0.9173318129988598,,211830.24753153304,0.0,28.75616106194358,1.0,1.0,NONE
2020-09-08,7409.25,1.4787,0.9122507122507124,,213061.58634820546,0.0,28.75616106194358,1.0,1.0,NONE
2020-09-09,7296.94,1.5717,0.928246013667426,,209831.98189933857,0.0,28.75616106194358,1.0,1.0,NONE
2020-09-10,7229.19,1.5717000000000003,0.9282868525896414,,207883.7519873919,0.0,28.75616106194358,1.0,1.0,NONE
2020-09-11,7259.28,1.5189000000000004,0.919226393629124,,208749.02487374577,0.0,28.75616106194358,1.0,1.0,NONE
2020-09-14,7290.67,1.4817999999999998,0.9118817509948834,,209651.6807694802,0.0,28.75616106194358,1.0,1.0,NONE
2020-09-15,7324.19,1.5095999999999998,0.9181818181818182,,210615.58728827653,0.0,28.75616106194358,1.0,1.0,NONE
2020-09-16,7321.62,1.4773999999999998,0.9091425326519024,,210541.68395434736,0.0,28.75616106194358,1.0,1.0,NONE
2020-09-17,7349.81,1.3594,0.8825198637911464,,211352.32013468354,0.0,28.75616106194358,1.0,1.0,NONE
2020-09-18,7465.17,1.3045,0.8684061259217243,,214669.63087478935,0.0,28.75616106194358,1.0,1.0,NONE
2020-09-21,7419.64,1.3487,0.8781179138321995,,213360.36286163906,0.0,28.75616106194358,1.0,1.0,NONE
2020-09-22,7312.72,1.4130999999999996,0.8940509915014164,,210285.75412089608,0.0,28.75616106194358,1.0,1.0,NONE
2020-09-23,7323.21,1.4194999999999998,0.8963759909399773,,210587.40625043583,0.0,28.75616106194358,1.0,1.0,NONE
2020-09-24,7187.27,1.4846999999999997,0.912280701754386,,206678.29371567525,0.0,28.75616106194358,1.0,1.0,NONE
2020-09-25,7145.42,1.4490999999999996,0.9021493212669685,,205474.8483752329,0.0,28.75616106194358,1.0,1.0,NONE
2020-09-28,7139.23,1.4411,0.9016393442622952,,205296.84773825944,0.0,28.75616106194358,1.0,1.0,NONE
2020-09-29,7168.21,1.4394,0.9005649717514125,,206130.2012858346,0.0,28.75616106194358,1.0,1.0,NONE
2020-09-30,7132.7,1.4166,0.8932806324110671,,205109.07000652497,0.0,28.75616106194358,1.0,1.0,NONE
2020-10-09,7289.65,1.3413,0.8730248306997742,0.8932806324110671,209622.349485197,41924.46989703938,23.004928849554865,0.8,0.8,SELL
2020-10-12,7470.37,1.257,0.8465877044557247,,213779.80022688856,41924.46989703938,23.004928849554865,0.8,0.8038894701344835,NONE
2020-10-13,7485.16,1.2439000000000004,0.8416009019165727,,214120.04312457348,41924.46989703938,23.004928849554865,0.8,0.8042010953983975,NONE
2020-10-14,7483.94,1.2353000000000005,0.836056338028169,,214091.977111377,41924.46989703938,23.004928849554865,0.8,0.8041754274835389,NONE
2020-10-15,7453.85,1.2063,0.8260135135135135,,213399.75880229392,41924.46989703938,23.004928849554865,0.8,0.8035402189189882,NONE
2020-10-16,7473.64,1.1857999999999995,0.8142937535171637,,213855.02634422662,41924.46989703938,23.004928849554865,0.8,0.8039584544084708,NONE
2020-10-19,7422.2,1.2110000000000003,0.8267716535433071,,212671.65280420549,41924.46989703938,23.004928849554865,0.8,0.8028676161385889,NONE
2020-10-20,7429.25,1.2196999999999996,0.8313659359190556,,212833.83755259486,41924.46989703938,23.004928849554865,0.8,0.8030178359835328,NONE
2020-10-21,7404.71,1.1911999999999994,0.8162921348314607,,212269.2965986268,41924.46989703938,23.004928849554865,0.8,0.8024939519335526,NONE
2020-10-22,7346.96,1.2062999999999997,0.8248175182481752,,210940.761957565,41924.46989703938,23.004928849554865,0.8,0.8012500310135727,NONE
2020-10-23,7289.53,1.2577000000000005,0.8473625140291807,,209619.58889373505,41924.46989703938,23.004928849554865,0.8,0.7999973660940025,NONE
2020-10-26,7300.74,1.2710000000000004,0.8524957936062816,,209877.47414613856,41924.46989703938,23.004928849554865,0.8,0.8002431177161623,NONE
2020-10-27,7276.42,1.3302000000000005,0.8710762331838565,,209317.9942765174,41924.46989703938,23.004928849554865,0.8,0.7997091934597105,NONE
2020-10-28,7275.65,1.3274,0.8700280112044818,,209300.28048130323,41924.46989703938,23.004928849554865,0.8,0.799692242166945,NONE
2020-10-29,7313.81,1.3070000000000004,0.8639417693169092,,210178.14856620226,41924.46989703938,23.004928849554865,0.8,0.8005288837919612,NONE
2020-10-30,7202.87,1.3468999999999998,0.8746502518186905,,207625.98175963262,41924.46989703938,23.004928849554865,0.8,0.7980769577018781,NONE
2020-11-02,7273.07,1.3017999999999996,0.8612975391498882,0.8746502518186905,209240.9277648714,41848.18555297426,23.0154174525884,0.8,0.8,BUY
2020-11-03,7363.88,1.2757999999999998,0.8535494689770822,,211330.95782374093,41848.18555297426,23.0154174525884,0.8,0.8019779686614706,NONE
2020-11-04,7404.89,1.2302000000000004,0.8307262569832402,,212274.8200934716,41848.18555297426,23.0154174525884,0.8,0.8028584570956314,NONE
2020-11-05,7532.77,1.1585000000000003,0.7939698492462312,,215218.0316773086,41848.18555297426,23.0154174525884,0.8,0.8055544638763347,NONE
2020-11-06,7544.74,1.1184999999999996,0.7728794642857143,,215493.52622421607,41848.18555297426,23.0154174525884,0.8,0.8058030499281348,NONE
2020-11-09,7668.3,1.0457,0.7406581148912438,,218337.31120465792,41848.18555297426,23.0154174525884,0.8,0.8083324131726255,NONE
2020-11-10,7643.66,1.0633,0.7463768115942029,,217770.21131862613,41848.18555297426,23.0154174525884,0.8,0.8078332876678669,NONE
2020-11-11,7678.09,1.0211,0.7292479108635097,,218562.63214151876,41848.18555297426,23.0154174525884,0.8,0.8085300074265318,NONE
2020-11-12,7721.21,1.0145999999999995,0.7243875278396437,,219555.05694207436,41848.18555297426,23.0154174525884,0.8,0.8093954831383585,NONE
2020-11-13,7669.8,1.0612,0.7456872565386756,,218371.83433083678,41848.18555297426,23.0154174525884,0.8,0.8083627145359158,NONE
2020-11-16,7830.04,1.0292000000000003,0.7330367074527252,,222059.82482343956,41848.18555297426,23.0154174525884,0.8,0.811545444628501,NONE
2020-11-17,7882.73,0.9893,0.7098387993329628,,223272.50716901643,41848.18555297426,23.0154174525884,0.8,0.812569016742866,NONE
2020-11-18,7913.0,0.9194000000000004,0.6611111111111111,,223969.18385530627,41848.18555297426,23.0154174525884,0.8,0.8131520380053268,NONE
2020-11-19,7879.76,0.8733000000000004,0.6335369239311494,,223204.15137918224,41848.18555297426,23.0154174525884,0.8,0.8125116164085945,NONE
2020-11-20,7920.22,0.9205,0.6631520532741398,,224135.355169314,41848.18555297426,23.0154174525884,0.8,0.8132905648849476,NONE
2020-11-23,8031.05,0.9189000000000004,0.6605657237936772,,226686.15388558435,41848.18555297426,23.0154174525884,0.8,0.8153915233212861,NONE
2020-11-24,7999.79,0.9108999999999998,0.6557649667405765,,225966.69193601643,41848.18555297426,23.0154174525884,0.8,0.8148037430010978,NONE
2020-11-25,7890.55,0.9852,0.7091412742382271,,223452.48773349568,41848.18555297426,23.0154174525884,0.8,0.8127199836643341,NONE
2020-11-26,7859.48,0.9429999999999996,0.6810631229235881,,222737.39871324375,41848.18555297426,23.0154174525884,0.8,0.8121187290740951,NONE
2020-11-27,7914.81,0.8359000000000005,0.6059767570558937,,224010.84176089548,41848.18555297426,23.0154174525884,0.8,0.8131867849608719,NONE
2020-11-30,7828.3,0.9344,0.6736725663716814,,222019.77799707206,41848.18555297426,23.0154174525884,0.8,0.8115114521305118,NONE
2020-12-01,7934.57,0.8369999999999997,0.6064123825317855,0.6736725663716814,224465.6264097586,89786.25056390345,16.973746005877466,0.6,0.6,SELL
2020-12-02,7947.67,0.8180999999999998,0.5922651933701657,,224687.98248243562,89786.25056390345,16.973746005877466,0.6,0.6003958486256725,NONE
2020-12-03,7891.48,0.8550000000000004,0.6200993926007731,,223734.22769436534,89786.25056390345,16.973746005877466,0.6,0.5986923793950876,NONE
2020-12-04,7880.51,0.9056000000000002,0.6534216335540839,,223548.02570068088,89786.25056390345,16.973746005877466,0.6,0.5983581144030208,NONE
2020-12-07,7800.88,0.9726000000000004,0.7021511307225593,,222196.40630623285,89786.25056390345,16.973746005877466,0.6,0.5959149292443582,NONE
2020-12-08,7777.84,1.0123000000000002,0.7243660418963617,,221805.33119825745,89786.25056390345,16.973746005877466,0.6,0.5952024684039298,NONE
2020-12-09,7681.52,1.0231,0.731129476584022,,220170.41998297133,89786.25056390345,16.973746005877466,0.6,0.5921965785828641,NONE
2020-12-10,7694.41,1.0385000000000004,0.7384361233480177,,220389.21156898708,89786.25056390345,16.973746005877466,0.6,0.5926014257925769,NONE
2020-12-11,7648.15,1.0299999999999998,0.7358282883874518,,219604.0060787552,89786.25056390345,16.973746005877466,0.6,0.5911447511039303,NONE
2020-12-14,7594.98,1.4207,0.8971397139713971,,218701.51200362266,89786.25056390345,16.973746005877466,0.6,0.5894575682567015,NONE
2020-12-15,7579.83,1.4525,0.9048927982407916,,218444.35975163366,89786.25056390345,16.973746005877466,0.6,0.5889742785486043,NONE
2020-12-16,7548.75,1.4560000000000004,0.906043956043956,,217916.81572577095,89786.25056390345,16.973746005877466,0.6,0.587979246737473,NONE
2020-12-17,7625.07,1.4214000000000002,0.8962108731466227,,219212.25202093954,89786.25056390345,16.973746005877466,0.6,0.5904140861828885,NONE
2020-12-18,7658.74,1.424,0.8968166849615807,,219783.75804895745,89786.25056390345,16.973746005877466,0.6,0.591479136761765,NONE
2020-12-21,7683.44,1.4581999999999995,0.9061985737794844,,220203.0095753026,89786.25056390345,16.973746005877466,0.6,0.5922569326501447,NONE
2020-12-22,7507.58,1.5867,0.9331140350877192,,217218.006602709,89786.25056390345,16.973746005877466,0.6,0.5866537403221722,NONE
2020-12-23,7511.63,1.5860000000000003,0.9326027397260274,,217286.75027403282,89786.25056390345,16.973746005877466,0.6,0.5867845119379398,NONE
2020-12-24,7442.32,1.5745,0.9299014238773274,,216110.2999383654,89786.25056390345,16.973746005877466,0.6,0.5845350703344059,NONE
2020-12-25,7495.55,1.6000999999999994,0.937055281882868,,217013.8124382583,89786.25056390345,16.973746005877466,0.6,0.5862648116490365,NONE
2020-12-28,7445.63,1.6089999999999995,0.937089715536105,,216166.48303764488,89786.25056390345,16.973746005877466,0.6,0.5846430524186889,NONE
2020-12-29,7383.05,1.6376,0.9442318206670312,,215104.26601259707,89786.25056390345,16.973746005877466,0.6,0.582591957712985,NONE
2020-12-30,7412.91,1.6631,0.9459016393442624,,215611.10206833258,89786.25056390345,16.973746005877466,0.6,0.5835731569358246,NONE
2020-12-31,7467.49,1.6014999999999997,0.9355543418896778,,216537.52912533336,89786.25056390345,16.973746005877466,0.6,0.5853547838724318,NONE
2021-01-04,7493.02,1.5964999999999998,0.9328602620087336,0.9355543418896778,216970.8688608634,0.0,28.956397935794033,1.0,1.0,BUY
2021-01-05,7509.62,1.6664,0.9465357337697764,,217451.54506659758,0.0,28.956397935794033,1.0,1.0,NONE
2021-01-06,7526.97,1.6103,0.935659760087241,,217953.93857078362,0.0,28.956397935794033,1.0,1.0,NONE
2021-01-07,7475.91,1.5753999999999997,0.9258855585831064,,216475.42489218197,0.0,28.956397935794033,1.0,1.0,NONE
2021-01-08,7497.69,1.5128000000000004,0.915032679738562,,217106.09523922356,0.0,28.956397935794033,1.0,1.0,NONE
2021-01-11,7414.52,1.4951,0.9101796407185628,,214697.79162290358,0.0,28.956397935794033,1.0,1.0,NONE
2021-01-12,7474.99,1.4715000000000005,0.9020674646354734,,216448.78500608105,0.0,28.956397935794033,1.0,1.0,NONE
2021-01-13,7463.91,1.4728999999999997,0.9021207177814028,,216127.94811695244,0.0,28.956397935794033,1.0,1.0,NONE
2021-01-14,7437.13,1.4841999999999995,0.907608695652174,,215352.49578023187,0.0,28.956397935794033,1.0,1.0,NONE
2021-01-15,7480.69,1.3898000000000006,0.8804997284084737,,216613.83647431506,0.0,28.956397935794033,1.0,1.0,NONE
2021-01-18,7537.5,1.3556999999999997,0.8697068403908795,,218258.84944104753,0.0,28.956397935794033,1.0,1.0,NONE
2021-01-19,7577.54,1.3489000000000004,0.865979381443299,,219418.2636143967,0.0,28.956397935794033,1.0,1.0,NONE
2021-01-20,7566.52,1.3844,0.8779826464208242,,219099.16410914427,0.0,28.956397935794033,1.0,1.0,NONE
2021-01-21,7599.69,1.4023,0.8807588075880759,,220059.64782867456,0.0,28.956397935794033,1.0,1.0,NONE
2021-01-22,7517.23,1.4841999999999995,0.9079089924160346,,217671.90325488898,0.0,28.956397935794033,1.0,1.0,NONE
2021-01-25,7408.8,1.4733,0.902003248511099,,214532.16102671085,0.0,28.956397935794033,1.0,1.0,NONE
2021-01-26,7361.35,1.4732000000000005,0.9015151515151516,,213158.17994465743,0.0,28.956397935794033,1.0,1.0,NONE
2021-01-27,7367.25,1.4359999999999995,0.8907517577068685,,213329.02269247858,0.0,28.956397935794033,1.0,1.0,NONE
2021-01-28,7262.89,1.4521000000000002,0.894054054054054,,210307.13300389913,0.0,28.956397935794033,1.0,1.0,NONE
2021-01-29,7201.04,1.4895,0.9092382495948136,,208516.17979157026,0.0,28.956397935794033,1.0,1.0,NONE
2021-02-01,7283.07,1.4503000000000004,0.8930885529157667,0.9092382495948136,210891.47311424345,0.0,28.956397935794033,1.0,1.0,NONE
2021-02-02,7332.19,1.4282,0.8866702644360497,,212313.81138084963,0.0,28.956397935794033,1.0,1.0,NONE
2021-02-03,7272.74,1.4060000000000006,0.877562028047465,,210592.35352356668,0.0,28.956397935794033,1.0,1.0,NONE
2021-02-04,7200.53,1.3872,0.8749326145552561,,208501.41202862302,0.0,28.956397935794033,1.0,1.0,NONE
2021-02-05,7226.44,1.3445,0.8577586206896551,,209251.67229913943,0.0,28.956397935794033,1.0,1.0,NONE
2021-02-08,7299.46,1.2919999999999998,0.8411416262789445,,211366.0684764111,0.0,28.956397935794033,1.0,1.0,NONE
2021-02-09,7390.91,1.2879999999999998,0.8406889128094726,,214014.13106763948,0.0,28.956397935794033,1.0,1.0,NONE
2021-02-10,7444.21,1.2399,0.8197955890263583,,215557.5070776173,0.0,28.956397935794033,1.0,1.0,NONE
2021-02-18,7624.87,1.1364999999999998,0.7677419354838709,,220788.76992869785,0.0,28.956397935794033,1.0,1.0,NONE
2021-02-19,7758.11,1.1443999999999996,0.7737775389575497,,224646.92038966305,0.0,28.956397935794033,1.0,1.0,NONE
2021-02-22,7842.02,1.1104000000000005,0.7534908700322234,,227076.65174045553,0.0,28.956397935794033,1.0,1.0,NONE
2021-02-23,7783.32,1.113,0.7552334943639292,,225376.9111816244,0.0,28.956397935794033,1.0,1.0,NONE
2021-02-24,7698.5,1.1862,0.7934549356223176,,222920.82950871036,0.0,28.956397935794033,1.0,1.0,NONE
2021-02-25,7808.09,1.0783,0.7372654155495979,,226094.16115849404,0.0,28.956397935794033,1.0,1.0,NONE
2021-02-26,7646.28,1.1776,0.7883172561629154,,221408.7264085032,0.0,28.956397935794033,1.0,1.0,NONE
2021-03-01,7801.58,1.1929000000000003,0.7970005356186395,0.7883172561629154,225905.65500793201,90362.2620031728,17.37383876147642,0.6,0.6,SELL
2021-03-02,7733.79,1.2246000000000006,0.8120985010706638,,224727.88247829152,90362.2620031728,17.37383876147642,0.6,0.5979036468164928,NONE
2021-03-03,7913.83,1.0983999999999998,0.7463884430176565,,227855.86840890773,90362.2620031728,17.37383876147642,0.6,0.6034235912633611,NONE
2021-03-04,7853.12,1.1238000000000006,0.7588235294117647,,226801.1026576985,90362.2620031728,17.37383876147642,0.6,0.6015792650728299,NONE
2021-03-05,7803.51,1.1591,0.7781934794227686,,225939.18651674167,90362.2620031728,17.37383876147642,0.6,0.6000593637771767,NONE
2021-03-08,7735.3,1.2093999999999996,0.8060897435897436,,224754.11697482137,90362.2620031728,17.37383876147642,0.6,0.597950581642534,NONE
2021-03-09,7671.81,1.2484000000000002,0.8243459690336359,,223651.05195185522,90362.2620031728,17.37383876147642,0.6,0.595967641490795,NONE
2021-03-10,7630.72,1.2780999999999998,0.8393810032017076,,222937.16091714616,90362.2620031728,17.37383876147642,0.6,0.594673846067522,NONE
2021-03-11,7805.0,1.1740999999999997,0.7850666666666667,,225965.07353649626,90362.2620031728,17.37383876147642,0.6,0.6001051817922731,NONE
2021-03-12,7869.7,1.1168999999999998,0.7531982942430704,,227089.1609043638,90362.2620031728,17.37383876147642,0.6,0.6020846541362319,NONE
2021-03-15,7888.27,1.0871000000000004,0.7362812999467235,,227411.7930901644,90362.2620031728,17.37383876147642,0.6,0.6026491820178125,NONE
2021-03-16,7940.08,1.0625,0.7247071352502662,,228311.9316763965,90362.2620031728,17.37383876147642,0.6,0.6042157703292969,NONE
2021-03-17,7902.45,1.1148999999999996,0.7525279403938265,,227658.15412380215,90362.2620031728,17.37383876147642,0.6,0.6030791765357407,NONE
2021-03-18,7931.2,1.1145000000000005,0.752127659574468,,228157.6519881946,90362.2620031728,17.37383876147642,0.6,0.6039481419284226,NONE
2021-03-19,7852.24,1.2350999999999996,0.8171185539606592,,226785.8136795884,90362.2620031728,17.37383876147642,0.6,0.6015524051656951,NONE
2021-03-22,7959.8,1.1719,0.7826780021253985,,228654.54377677283,90362.2620031728,17.37383876147642,0.6,0.6048088067237789,NONE
2021-03-23,7845.69,1.2273999999999998,0.813595326606479,,226672.01503570072,90362.2620031728,17.37383876147642,0.6,0.6013523681388688,NONE
2021-03-24,7723.58,1.2979999999999996,0.8450106157112527,,224550.49558453684,90362.2620031728,17.37383876147642,0.6,0.59758600501884,NONE
2021-03-25,7695.02,1.3236,0.8546419098143236,,224054.2987495091,90362.2620031728,17.37383876147642,0.6,0.5966948078769196,NONE
2021-03-26,7790.76,1.2866,0.8409331919406151,,225717.67007253284,90362.2620031728,17.37383876147642,0.6,0.5996668671347906,NONE
2021-03-29,7877.95,1.2375999999999996,0.8182299947005829,,227232.49507414596,90362.2620031728,17.37383876147642,0.6,0.602335651977559,NONE
2021-03-30,7867.46,1.2064999999999997,0.8029661016949152,,227050.2435055381,90362.2620031728,17.37383876147642,0.6,0.6020164497160351,NONE
2021-03-31,7843.83,1.2256,0.8099523557437798,,226639.6996956044,90362.2620031728,17.37383876147642,0.6,0.6012955271096074,NONE
2021-04-01,7905.43,1.2206999999999997,0.808994708994709,0.8099523557437798,227709.92816331136,45541.985632662254,23.043394544085405,0.8,0.8,BUY
2021-04-02,7859.49,1.2496,0.8244315177154945,,226651.31461795606,45541.985632662254,23.043394544085405,0.8,0.7990658659561365,NONE
2021-04-06,7893.71,1.2467,0.822938689217759,,227439.85957925467,45541.985632662254,23.043394544085405,0.8,0.7997625142887828,NONE
2021-04-07,7961.39,1.229,0.8124669836238775,,228999.43652199837,45541.985632662254,23.043394544085405,0.8,0.8011262109446835,NONE
2021-04-08,7944.0,1.2408,0.8194297782470961,,228598.7118908767,45541.985632662254,23.043394544085405,0.8,0.8007775929446092,NONE
2021-04-09,7951.63,1.2611000000000003,0.8321899736147758,,228774.5329912481,45541.985632662254,23.043394544085405,0.8,0.8009307022193572,NONE
2021-04-12,7915.24,1.2728000000000002,0.8370253164556962,,227935.9838637888,45541.985632662254,23.043394544085405,0.8,0.8001983501653803,NONE
2021-04-13,7846.44,1.3237,0.8560885608856088,,226350.59831915575,45541.985632662254,23.043394544085405,0.8,0.7987989165001111,NONE
2021-04-14,7905.05,1.3346,0.8582718651211801,,227701.17167338458,45541.985632662254,23.043394544085405,0.8,0.7999923087879941,NONE
2021-04-15,7913.55,1.3477,0.8620326487625066,,227897.04052700932,45541.985632662254,23.043394544085405,0.8,0.8001642078047748,NONE
2021-04-16,8009.52,1.3289,0.8563157894736843,,230108.5151014052,45541.985632662254,23.043394544085405,0.8,0.8020847441799682,NONE
2021-04-19,8058.14,1.3007,0.8453445554971067,,231228.88494413864,45541.985632662254,23.043394544085405,0.8,0.803043699995939,NONE
2021-04-20,8054.16,1.3159,0.8517350157728707,,231137.17223385317,45541.985632662254,23.043394544085405,0.8,0.8029655498831442,NONE
2021-04-21,8045.68,1.3214,0.8528638991066737,,230941.76424811932,45541.985632662254,23.043394544085405,0.8,0.8027988320738174,NONE
2021-04-22,8079.62,1.3228000000000004,0.8534663865546218,,231723.85705894558,45541.985632662254,23.043394544085405,0.8,0.8034644071150717,NONE
2021-04-23,8055.49,1.3228999999999995,0.8535433070866142,,231167.8199485968,45541.985632662254,23.043394544085405,0.8,0.8029916722717326,NONE
2021-04-26,7998.74,1.3361999999999998,0.8588667366211962,,229860.10730821994,45541.985632662254,23.043394544085405,0.8,0.8018708589063916,NONE
2021-04-27,8001.03,1.3384999999999994,0.859465128474043,,229912.8766817259,45541.985632662254,23.043394544085405,0.8,0.8019163333086944,NONE
2021-04-28,8052.66,1.3521999999999994,0.8647798742138365,,231102.60714203704,45541.985632662254,23.043394544085405,0.8,0.802936080229195,NONE
2021-04-29,8099.34,1.3209,0.8501833420639078,,232178.27279935495,45541.985632662254,23.043394544085405,0.8,0.8038490635511835,NONE
2021-04-30,8061.48,1.3874999999999995,0.8785340314136125,,231305.84988191587,45541.985632662254,23.043394544085405,0.8,0.8031092354304401,NONE
2021-05-06,8180.06,1.3688999999999996,0.8702250130821559,0.8785340314136125,234038.33560695354,46807.667121390696,22.88866689065396,0.8,0.8,SELL
2021-05-07,8196.55,1.3299000000000003,0.854602510460251,,234415.76972398037,46807.667121390696,22.88866689065396,0.8,0.8003220210973616,NONE
2021-05-10,8266.56,1.3395,0.8588604286461056,,236018.20529299506,46807.667121390696,22.88866689065396,0.8,0.8016777262445359,NONE
2021-05-11,8189.85,1.3552,0.8657262277951933,,234262.41565581303,46807.667121390696,22.88866689065396,0.8,0.8001913068711703,NONE
2021-05-12,8265.71,1.3432,0.8590078328981723,,235998.749926138,46807.667121390696,22.88866689065396,0.8,0.8016613768672911,NONE
2021-05-13,8171.44,1.3787999999999996,0.8736951983298539,,233841.03529835606,46807.667121390696,22.88866689065396,0.8,0.7998312526213839,NONE
2021-05-14,8227.97,1.3306000000000004,0.8534167970787689,,235134.93163768473,46807.667121390696,22.88866689065396,0.8,0.8009327376609623,NONE
2021-05-17,8216.71,1.3102,0.8425443169968717,,234877.20524849597,46807.667121390696,22.88866689065396,0.8,0.8007143048561524,NONE
2021-05-18,8262.06,1.2976999999999994,0.8348097967691506,,235915.20629198712,46807.667121390696,22.88866689065396,0.8,0.8015911400664107,NONE
2021-05-19,8258.8,1.3595000000000002,0.8682291666666667,,235840.5892379236,46807.667121390696,22.88866689065396,0.8,0.8015283659498933,NONE
2021-05-20,8139.75,1.3748,0.8719416970327954,,233115.69344459125,46807.667121390696,22.88866689065396,0.8,0.7992084255257731,NONE
2021-05-21,8175.72,1.4592,0.9001040582726326,,233938.99879264808,46807.667121390696,22.88866689065396,0.8,0.7999150746007992,NONE
2021-05-24,8229.13,1.4425999999999997,0.8954758190327613,,235161.4824912779,46807.667121390696,22.88866689065396,0.8,0.8009552133048541,NONE
2021-05-25,8332.61,1.3463000000000005,0.8581081081081081,,237530.00174112277,46807.667121390696,22.88866689065396,0.8,0.8029399790414474,NONE
2021-05-26,8392.66,1.3530000000000002,0.8623376623376623,,238904.46618790654,46807.667121390696,22.88866689065396,0.8,0.8040737041534634,NONE
2021-05-27,8432.93,1.3459000000000003,0.8566978193146417,,239826.19280359318,46807.667121390696,22.88866689065396,0.8,0.8048267098176217,NONE
2021-05-28,8450.45,1.3062,0.8375713544369486,,240227.20224751745,46807.667121390696,22.88866689065396,0.8,0.8051525111083693,NONE
2021-05-31,8527.18,1.2647000000000004,0.8189834024896265,,241983.4496580373,46807.667121390696,22.88866689065396,0.8,0.8065666590523539,NONE
2021-06-01,8588.18,1.2935999999999996,0.8304821150855366,0.8189834024896265,243379.6583383672,48675.93166767343,22.671127837410694,0.8,0.8,SELL
2021-06-02,8545.0,1.2623000000000002,0.8176165803108808,,242400.7190383478,48675.93166767343,22.671127837410694,0.8,0.7991922967028291,NONE
2021-06-03,8538.41,1.2312999999999996,0.797514241325738,,242251.31630589926,48675.93166767343,22.671127837410694,0.8,0.799068453332123,NONE
2021-06-04,8513.58,1.2080000000000006,0.7851966873706004,,241688.39220169638,48675.93166767343,22.671127837410694,0.8,0.7986004572902621,NONE
2021-06-07,8498.36,1.1942999999999997,0.7765131919296431,,241343.33763601098,48675.93166767343,22.671127837410694,0.8,0.7983125113605354,NONE
2021-06-08,8452.99,1.1899000000000002,0.7735263702171665,,240314.74856602764,48675.93166767343,22.671127837410694,0.8,0.7974492537052944,NONE
2021-06-09,8481.99,1.1906,0.7736434108527132,,240972.21127331257,48675.93166767343,22.671127837410694,0.8,0.7980018882240957,NONE
2021-06-10,8502.24,1.0326,0.6921487603305785,,241431.30161202012,48675.93166767343,22.671127837410694,0.8,0.7983859949282981,NONE
2021-06-11,8474.48,0.9304999999999994,0.6272586473928756,,240801.9511032536,48675.93166767343,22.671127837410694,0.8,0.7978590644940345,NONE
2021-06-15,8405.03,0.7761,0.5361197110423117,,239227.44127494545,48675.93166767343,22.671127837410694,0.8,0.796528644839996,NONE
2021-06-16,8295.22,0.7628999999999997,0.5322331098504384,,236737.92472711936,48675.93166767343,22.671127837410694,0.8,0.7943889568019965,NONE
2021-06-17,8292.24,0.9388,0.6360824742268041,,236670.36476616387,48675.93166767343,22.671127837410694,0.8,0.7943302630400454,NONE
2021-06-18,8287.5,1.0924999999999998,0.7192168985059247,,236562.90362021455,48675.93166767343,22.671127837410694,0.8,0.7942368354346069,NONE
2021-06-21,8331.63,1.1509999999999998,0.7507723995880535,,237563.38049167948,48675.93166767343,22.671127837410694,0.8,0.7951033885486476,NONE
2021-06-22,8430.2,1.1059,0.7256819351518271,,239798.07356261308,48675.93166767343,22.671127837410694,0.8,0.797012832736691,NONE
2021-06-23,8550.2,1.0950999999999995,0.720679012345679,,242518.60890310237,48675.93166767343,22.671127837410694,0.8,0.7992899106265212,NONE
2021-06-24,8544.33,0.8691,0.587146529562982,,242385.52938269675,48675.93166767343,22.671127837410694,0.8,0.7991797126188166,NONE
2021-06-25,8586.02,0.8410000000000002,0.5683453237410072,,243330.6887022384,48675.93166767343,22.671127837410694,0.8,0.7999597505465588,NONE
2021-06-28,8516.8,0.8736000000000002,0.5906522855675398,,241761.3932333328,48675.93166767343,22.671127837410694,0.8,0.7986612708643084,NONE
2021-06-29,8508.73,0.9129,0.6139630390143738,,241578.43723168492,48675.93166767343,22.671127837410694,0.8,0.7985087898346203,NONE
2021-06-30,8539.4,0.2804999999999999,0.310415597742432,,242273.7607224583,48675.93166767343,22.671127837410694,0.8,0.7990870677760472,NONE
2021-07-01,8501.22,0.2393,0.2882051282051282,0.310415597742432,241408.17706162596,144844.90623697557,11.358754487550069,0.4,0.4,SELL
2021-07-02,8443.72,0.2240999999999999,0.2839569451563301,,240755.04867859185,144844.90623697557,11.358754487550069,0.4,0.39837229984595823,NONE
2021-07-05,8462.06,0.2115999999999998,0.2781762295081967,,240963.3682358935,144844.90623697557,11.358754487550069,0.4,0.3988924237846053,NONE
2021-07-06,8453.69,0.9184,0.6175115207373272,,240868.2954608327,144844.90623697557,11.358754487550069,0.4,0.3986551614862546,NONE
2021-07-07,8473.66,0.9899999999999998,0.6678607983623337,,241095.1297879491,144844.90623697557,11.358754487550069,0.4,0.39922093671335745,NONE
2021-07-08,8323.08,1.2139000000000002,0.7913043478260869,,239384.7285372138,144844.90623697557,11.358754487550069,0.4,0.3949283769183356,NONE
2021-07-09,8408.27,1.2181000000000002,0.7934560327198364,,240352.3808320082,144844.90623697557,11.358754487550069,0.4,0.3973643791853536,NONE
2021-07-12,8478.09,1.2712,0.8226877874297394,,241145.44907032893,144844.90623697557,11.358754487550069,0.4,0.3993462999389541,NONE
2021-07-13,8542.62,1.5580999999999996,0.9259448416751788,,241878.42949741054,144844.90623697557,11.358754487550069,0.4,0.40116650113057634,NONE
2021-07-14,8495.12,1.6109,0.940786115364982,,241338.8886592519,144844.90623697557,11.358754487550069,0.4,0.39982773998150334,NONE
2021-07-15,8547.57,1.4218000000000002,0.8877551020408163,,241934.65533212392,144844.90623697557,11.358754487550069,0.4,0.4013056705822699,NONE
2021-07-16,8567.03,1.5244999999999995,0.9219785823559408,,242155.69669445165,144844.90623697557,11.358754487550069,0.4,0.4018521628267178,NONE
2021-07-19,8548.09,1.4872,0.9123343527013252,,241940.56188445742,144844.90623697557,11.358754487550069,0.4,0.401320286648964,NONE
2021-07-20,8523.77,1.5547,0.9251146204788588,,241664.31697532022,144844.90623697557,11.358754487550069,0.4,0.4006359397619809,NONE
2021-07-21,8526.4,1.6787999999999998,0.9516293279022404,,241694.1904996225,144844.90623697557,11.358754487550069,0.4,0.4007100214632514,NONE
2021-07-22,8619.74,1.6329000000000002,0.9455470737913486,,242754.4166434904,144844.90623697557,11.358754487550069,0.4,0.40332741113544773,NONE
2021-07-23,8504.09,1.7184,0.95676500508647,,241440.77668700524,144844.90623697557,11.358754487550069,0.4,0.40008101272492563,NONE
2021-07-26,8335.93,1.8744999999999996,0.9694966954753432,,239530.68853237882,144844.90623697557,11.358754487550069,0.4,0.3952970822884935,NONE
2021-07-27,8092.82,1.9374,0.975609756097561,,236769.2617289105,144844.90623697557,11.358754487550069,0.4,0.38824446560628273,NONE
2021-07-28,8002.84,1.8977,0.9710512950736414,,235747.20100012078,144844.90623697557,11.358754487550069,0.4,0.385592254658831,NONE
2021-07-29,8093.08,2.0611,0.9822335025380712,,236772.21500507728,144844.90623697557,11.358754487550069,0.4,0.3882520960752529,NONE
2021-07-30,8196.47,2.2291000000000003,0.9949264332825976,,237946.59663154508,144844.90623697557,11.358754487550069,0.4,0.3912713680823743,NONE
2021-08-02,8219.1,2.1918,0.9908722109533468,0.9949264332825976,238203.64524559834,0.0,28.981718831210028,1.0,1.0,BUY
2021-08-03,8120.75,2.1995,0.9918905220476432,,235353.29319854884,0.0,28.981718831210028,1.0,1.0,NONE
2021-08-04,8246.07,2.2021999999999995,0.9924012158054712,,238985.28220247605,0.0,28.981718831210028,1.0,1.0,NONE
2021-08-05,8195.77,2.2350000000000003,0.9959493670886076,,237527.50174526623,0.0,28.981718831210028,1.0,1.0,NONE
2021-08-06,8239.09,2.2091,0.9924089068825912,,238782.98980503425,0.0,28.981718831210028,1.0,1.0,NONE
2021-08-09,8354.1,2.0715,0.9797673242286292,,242116.1772878117,0.0,28.981718831210028,1.0,1.0,NONE
2021-08-10,8373.5,2.0501000000000005,0.9777553083923156,,242678.42263313718,0.0,28.981718831210028,1.0,1.0,NONE
2021-08-11,8504.42,1.9826,0.9742294087923192,,246472.70926251917,0.0,28.981718831210028,1.0,1.0,NONE
2021-08-12,8615.04,2.0172000000000003,0.9757575757575756,,249678.66699962766,0.0,28.981718831210028,1.0,1.0,NONE
2021-08-13,8626.06,2.0007,0.9752650176678446,,249998.04554114756,0.0,28.981718831210028,1.0,1.0,NONE
2021-08-16,8629.4,1.9393,0.9697275479313824,,250094.84448204382,0.0,28.981718831210028,1.0,1.0,NONE
2021-08-17,8466.05,1.9975000000000005,0.9747856782652546,,245360.68071096562,0.0,28.981718831210028,1.0,1.0,NONE
2021-08-18,8521.37,1.9609999999999996,0.9712701612903226,,246963.94939670822,0.0,28.981718831210028,1.0,1.0,NONE
2021-08-19,8472.8,2.0344999999999995,0.9768261964735516,,245556.3073130763,0.0,28.981718831210028,1.0,1.0,NONE
2021-08-20,8484.9,2.0284,0.9753272910372608,,245906.98611093394,0.0,28.981718831210028,1.0,1.0,NONE
2021-08-23,8583.12,1.9970000000000003,0.973326623049824,,248753.57053453545,0.0,28.981718831210028,1.0,1.0,NONE
2021-08-24,8654.76,1.9998000000000005,0.9738430583501008,,250829.8208716033,0.0,28.981718831210028,1.0,1.0,NONE
2021-08-25,8762.12,2.1408,0.9824032176973352,,253941.29820532203,0.0,28.981718831210028,1.0,1.0,NONE
2021-08-26,8796.58,2.1404,0.9819095477386934,,254940.0082362455,0.0,28.981718831210028,1.0,1.0,NONE
2021-08-27,8857.11,2.1352999999999995,0.9809141135107986,,256694.27167709867,0.0,28.981718831210028,1.0,1.0,NONE
2021-08-30,8909.29,2.1876,0.9879518072289156,,258206.53776571123,0.0,28.981718831210028,1.0,1.0,NONE
2021-08-31,9102.74,2.1089999999999995,0.9794279979929754,,263813.05127360875,0.0,28.981718831210028,1.0,1.0,NONE
2021-09-01,9060.56,2.0487,0.9749247743229688,0.9794279979929754,262590.6023733083,0.0,28.981718831210028,1.0,1.0,NONE
2021-09-02,9207.77,1.9991000000000003,0.9704260651629072,,266857.0012024508,0.0,28.981718831210028,1.0,1.0,NONE
2021-09-03,9180.4,1.9918,0.968436873747495,,266063.7715580405,0.0,28.981718831210028,1.0,1.0,NONE
2021-09-06,9266.22,1.9705000000000004,0.9654481722583876,,268550.98266813497,0.0,28.981718831210028,1.0,1.0,NONE
2021-09-07,9451.87,1.8745,0.954954954954955,,273931.4387691491,0.0,28.981718831210028,1.0,1.0,NONE
2021-09-08,9531.42,1.8556,0.9524762381190596,,276236.9345021719,0.0,28.981718831210028,1.0,1.0,NONE
2021-09-09,9712.07,1.811,0.95,,281472.48200902995,0.0,28.981718831210028,1.0,1.0,NONE
2021-09-10,9580.7,1.8113999999999997,0.9500249875062468,,277665.15360617393,0.0,28.981718831210028,1.0,1.0,NONE
2021-09-13,9756.02,1.7426,0.9435564435564436,,282746.22855166165,0.0,28.981718831210028,1.0,1.0,NONE
2021-09-14,9584.36,1.8502,0.9520718921617574,,277771.22669709614,0.0,28.981718831210028,1.0,1.0,NONE
2021-09-15,9612.02,1.8678,0.9530938123752496,,278572.86103996745,0.0,28.981718831210028,1.0,1.0,NONE
2021-09-16,9467.07,1.9234,0.9591022443890276,,274371.9608953835,0.0,28.981718831210028,1.0,1.0,NONE
2021-09-17,9292.48,2.0341000000000005,0.97357926221336,,269312.0426046426,0.0,28.981718831210028,1.0,1.0,NONE
2021-09-22,9424.62,2.0315000000000003,0.9725959142999502,,273141.6869309987,0.0,28.981718831210028,1.0,1.0,NONE
2021-09-23,9437.1,2.0309000000000004,0.9721115537848606,,273503.37878201215,0.0,28.981718831210028,1.0,1.0,NONE
2021-09-24,9138.68,2.0902000000000003,0.9785963165754108,,264854.65424840245,0.0,28.981718831210028,1.0,1.0,NONE
2021-09-27,8879.89,2.1153,0.9796019900497512,,257354.4752320736,0.0,28.981718831210028,1.0,1.0,NONE
2021-09-28,9020.42,2.0356,0.9731476877175534,,261427.27617942356,0.0,28.981718831210028,1.0,1.0,NONE
2021-09-29,8734.6,2.0831000000000004,0.9771371769383698,,253143.7213030871,0.0,28.981718831210028,1.0,1.0,NONE
2021-09-30,8878.05,2.0813999999999995,0.9766517635370094,,257301.14886942416,0.0,28.981718831210028,1.0,1.0,NONE
2021-10-08,8876.52,2.0161,0.96772591857001,0.9766517635370094,257256.80683961246,0.0,28.981718831210028,1.0,1.0,NONE
2021-10-11,8928.62,1.911,0.9533498759305212,,258766.7543907185,0.0,28.981718831210028,1.0,1.0,NONE
2021-10-12,8780.37,1.9325,0.9563492063492064,,254470.2145739916,0.0,28.981718831210028,1.0,1.0,NONE
2021-10-13,8718.58,1.9763,0.9613287059990084,,252679.43416741112,0.0,28.981718831210028,1.0,1.0,NONE
2021-10-14,8684.35,2.0069,0.9672943508424182,,251687.38993181882,0.0,28.981718831210028,1.0,1.0,NONE
2021-10-15,8711.3,2.0461,0.9727587914809313,,252468.4472543199,0.0,28.981718831210028,1.0,1.0,NONE
2021-10-18,8841.36,1.9517,0.957920792079208,,256237.80960550712,0.0,28.981718831210028,1.0,1.0,NONE
2021-10-19,8903.84,1.9618,0.9594260267194458,,258048.5873980811,0.0,28.981718831210028,1.0,1.0,NONE
2021-10-20,8816.33,2.0173000000000005,0.9678536102868448,,255512.3971831619,0.0,28.981718831210028,1.0,1.0,NONE
2021-10-21,8880.34,1.9834,0.9614434008897677,,257367.51700554765,0.0,28.981718831210028,1.0,1.0,NONE
2021-10-22,8722.28,1.9938,0.9629446640316206,,252786.6665270866,0.0,28.981718831210028,1.0,1.0,NONE
2021-10-25,8731.51,1.9985,0.9644444444444444,,253054.16779189868,0.0,28.981718831210028,1.0,1.0,NONE
2021-10-26,8692.37,2.0338,0.970384995064166,,251919.82331684514,0.0,28.981718831210028,1.0,1.0,NONE
2021-10-27,8560.98,2.0634,0.9748396645288604,,248111.9152796124,0.0,28.981718831210028,1.0,1.0,NONE
2021-10-28,8366.86,2.1325,0.9797830374753452,,242485.98402009794,0.0,28.981718831210028,1.0,1.0,NONE
2021-10-29,8408.64,2.1427,0.9822572695909316,,243696.84023286588,0.0,28.981718831210028,1.0,1.0,NONE
2021-11-01,8451.95,2.144000000000001,0.9832512315270936,0.9822572695909316,244952.03847544562,0.0,28.981718831210028,1.0,1.0,NONE
2021-11-02,8279.75,2.2603000000000004,0.999015263417036,,239961.38649271123,0.0,28.981718831210028,1.0,1.0,NONE
2021-11-03,8388.37,2.2205,0.9931102362204725,,243109.3807921573,0.0,28.981718831210028,1.0,1.0,NONE
2021-11-04,8390.62,2.2322,0.9945892769306444,,243174.5896595275,0.0,28.981718831210028,1.0,1.0,NONE
2021-11-05,8268.52,2.2956000000000003,0.9995083579154376,,239635.92179023675,0.0,28.981718831210028,1.0,1.0,NONE
2021-11-08,8319.45,2.2857000000000003,0.999017199017199,,241111.9607303103,0.0,28.981718831210028,1.0,1.0,NONE
2021-11-09,8362.64,2.3011000000000004,0.99950884086444,,242363.6811666302,0.0,28.981718831210028,1.0,1.0,NONE
2021-11-10,8354.03,2.3049,0.9995090819833088,,242114.14856749354,0.0,28.981718831210028,1.0,1.0,NONE
2021-11-11,8477.22,2.1789,0.9833169774288518,,245684.40651031025,0.0,28.981718831210028,1.0,1.0,NONE
2021-11-12,8419.29,2.2094000000000005,0.9892103972535556,,244005.4955384183,0.0,28.981718831210028,1.0,1.0,NONE
2021-11-15,8432.9,2.2062,0.9877450980392156,,244399.93673171103,0.0,28.981718831210028,1.0,1.0,NONE
2021-11-16,8386.54,2.2396,0.994610485056345,,243056.3442466962,0.0,28.981718831210028,1.0,1.0,NONE
2021-11-17,8456.54,2.2367,0.9941234084231146,,245085.0645648809,0.0,28.981718831210028,1.0,1.0,NONE
2021-11-18,8450.33,2.2764,0.9970631424375918,,244905.08809093904,0.0,28.981718831210028,1.0,1.0,NONE
2021-11-19,8569.74,2.199,0.9843444227005872,,248365.7951365738,0.0,28.981718831210028,1.0,1.0,NONE
2021-11-22,8583.29,2.2763,0.9965770171149144,,248758.49742673675,0.0,28.981718831210028,1.0,1.0,NONE
2021-11-23,8632.31,2.266,0.9960899315738024,,250179.18128384263,0.0,28.981718831210028,1.0,1.0,NONE
2021-11-24,8673.88,2.2808,0.9970688812896922,,251383.95133565602,0.0,28.981718831210028,1.0,1.0,NONE
2021-11-25,8636.33,2.2802,0.99658203125,,250295.6877935441,0.0,28.981718831210028,1.0,1.0,NONE
2021-11-26,8573.86,2.3662000000000005,0.9995119570522206,,248485.19981815843,0.0,28.981718831210028,1.0,1.0,NONE
2021-11-29,8519.97,2.389,1.0,,246923.37499034448,0.0,28.981718831210028,1.0,1.0,NONE
2021-11-30,8545.09,2.4025,1.0,,247651.3957673845,0.0,28.981718831210028,1.0,1.0,NONE
2021-12-01,8645.65,2.3343000000000003,0.9980506822612084,1.0,250565.79741305095,0.0,28.981718831210028,1.0,1.0,NONE
2021-12-02,8664.03,2.2665,0.9931807111544082,,251098.48140516863,0.0,28.981718831210028,1.0,1.0,NONE
2021-12-03,8724.55,2.2215,0.9849074975657254,,252852.4550288334,0.0,28.981718831210028,1.0,1.0,NONE
2021-12-06,8627.77,2.2689,0.9931873479318736,,250047.60428034895,0.0,28.981718831210028,1.0,1.0,NONE
2021-12-07,8672.96,2.1942,0.9776264591439688,,251357.2881543313,0.0,28.981718831210028,1.0,1.0,NONE
2021-12-08,8680.77,2.1918999999999995,0.9771511910549344,,251583.6353784031,0.0,28.981718831210028,1.0,1.0,NONE
2021-12-09,8691.85,2.1512,0.9718172983479106,,251904.7528230529,0.0,28.981718831210028,1.0,1.0,NONE
2021-12-10,8671.21,2.1802,0.97425934919864,,251306.57014637667,0.0,28.981718831210028,1.0,1.0,NONE
2021-12-13,8668.71,2.7204,1.0,,251234.11584929866,0.0,28.981718831210028,1.0,1.0,NONE
2021-12-14,8579.78,2.7747,1.0,,248656.7715936392,0.0,28.981718831210028,1.0,1.0,NONE
2021-12-15,8618.4,2.7585,0.9995150339476236,,249776.0455749005,0.0,28.981718831210028,1.0,1.0,NONE
2021-12-16,8746.26,2.6786,0.9985458070770722,,253481.64814465903,0.0,28.981718831210028,1.0,1.0,NONE
2021-12-17,8690.14,2.717,0.998546511627907,,251855.1940838515,0.0,28.981718831210028,1.0,1.0,NONE
2021-12-20,8612.89,2.7402,0.9990314769975788,,249616.35630414053,0.0,28.981718831210028,1.0,1.0,NONE
2021-12-21,8786.27,2.6793,0.9975798644724104,,254641.20671509573,0.0,28.981718831210028,1.0,1.0,NONE
2021-12-22,8753.01,2.7223,0.9985486211901308,,253677.2747467697,0.0,28.981718831210028,1.0,1.0,NONE
2021-12-23,8787.0,2.7043000000000004,0.9970986460348162,,254662.36336984253,0.0,28.981718831210028,1.0,1.0,NONE
2021-12-24,8734.74,2.7195,0.9975833736104398,,253147.77874372347,0.0,28.981718831210028,1.0,1.0,NONE
2021-12-27,8786.42,2.7096,0.9966183574879228,,254645.5539729204,0.0,28.981718831210028,1.0,1.0,NONE
2021-12-28,8742.46,2.7305,0.9985514244326412,,253371.51761310038,0.0,28.981718831210028,1.0,1.0,NONE
2021-12-29,8716.05,2.7757,1.0,,252606.11041876813,0.0,28.981718831210028,1.0,1.0,NONE
2021-12-30,8738.62,2.7975,1.0,,253260.2278127886,0.0,28.981718831210028,1.0,1.0,NONE
2021-12-31,8825.94,2.7547,0.9980713596914176,,255790.91150112986,0.0,28.981718831210028,1.0,1.0,NONE
2022-01-04,8932.42,2.7079000000000004,0.9942168674698796,0.9980713596914176,258876.88492227707,0.0,28.981718831210028,1.0,1.0,NONE
2022-01-05,8907.44,2.6599000000000004,0.9922928709055876,,258152.92158587347,0.0,28.981718831210028,1.0,1.0,NONE
2022-01-06,8947.43,2.66,0.9922965816080884,,259311.90052193354,0.0,28.981718831210028,1.0,1.0,NONE
2022-01-07,8972.28,2.5973,0.9913378248315688,,260032.09623488912,0.0,28.981718831210028,1.0,1.0,NONE
2022-01-10,9059.6,2.5783,0.9908609908609908,,262562.77992323035,0.0,28.981718831210028,1.0,1.0,NONE
2022-01-11,9100.38,2.5831,0.9908653846153846,,263744.65441716707,0.0,28.981718831210028,1.0,1.0,NONE
2022-01-12,9059.41,2.6118,0.9913503123498318,,262557.2733966524,0.0,28.981718831210028,1.0,1.0,NONE
2022-01-13,9031.93,2.6202,0.9913544668587896,,261760.85576317078,0.0,28.981718831210028,1.0,1.0,NONE
2022-01-14,8870.12,2.7141,0.9947191550648103,,257071.3238390927,0.0,28.981718831210028,1.0,1.0,NONE
2022-01-17,8895.84,2.7213,0.9961612284069098,,257816.73364743142,0.0,28.981718831210028,1.0,1.0,NONE
2022-01-18,8983.96,2.6626,0.9913669064748202,,260370.60271083761,0.0,28.981718831210028,1.0,1.0,NONE
2022-01-19,9043.52,2.6458000000000004,0.9899328859060402,,262096.7538844245,0.0,28.981718831210028,1.0,1.0,NONE
2022-01-20,9009.3,2.6188,0.988979396262578,,261104.99946602047,0.0,28.981718831210028,1.0,1.0,NONE
2022-01-21,8939.15,2.6783,0.9913793103448276,,259071.9318900111,0.0,28.981718831210028,1.0,1.0,NONE
2022-01-24,8897.92,2.7125,0.9937769267592148,,257877.01562260033,0.0,28.981718831210028,1.0,1.0,NONE
2022-01-25,8590.18,2.8065,1.0,,248958.18146948377,0.0,28.981718831210028,1.0,1.0,NONE
2022-01-26,8644.26,2.7699,0.9980870396939264,,250525.51282387562,0.0,28.981718831210028,1.0,1.0,NONE
2022-01-27,8527.77,2.7785,0.9990439770554492,,247149.43239722794,0.0,28.981718831210028,1.0,1.0,NONE
2022-01-28,8486.86,2.8681,1.0,,245963.79027984315,0.0,28.981718831210028,1.0,1.0,NONE
2022-02-07,8708.55,2.7025,0.9899713467048712,1.0,252388.74752753405,0.0,28.981718831210028,1.0,1.0,NONE
2022-02-08,8901.55,2.5939,0.9842482100238664,,257982.2192619576,0.0,28.981718831210028,1.0,1.0,NONE
2022-02-09,8942.88,2.5958,0.9842557251908396,,259180.03370125152,0.0,28.981718831210028,1.0,1.0,NONE
2022-02-10,9039.89,2.5267,0.9823557463042442,,261991.5502450672,0.0,28.981718831210028,1.0,1.0,NONE
2022-02-11,9021.44,2.4491,0.9818875119161106,,261456.8375326314,0.0,28.981718831210028,1.0,1.0,NONE
2022-02-14,8881.85,2.5366,0.9823725583611244,,257411.2794009828,0.0,28.981718831210028,1.0,1.0,NONE
2022-02-15,8844.9,2.5907,0.9833333333333332,,256340.40489016956,0.0,28.981718831210028,1.0,1.0,NONE
2022-02-16,8924.66,2.56,0.9819133745835316,,258651.9867841469,0.0,28.981718831210028,1.0,1.0,NONE
2022-02-17,8884.73,2.575,0.9819219790675549,,257494.74675121665,0.0,28.981718831210028,1.0,1.0,NONE
2022-02-18,9055.08,2.4876,0.9800285306704708,,262431.7825541133,0.0,28.981718831210028,1.0,1.0,NONE
2022-02-21,9113.32,2.4573,0.9795627376425856,,264119.67785884294,0.0,28.981718831210028,1.0,1.0,NONE
2022-02-22,9036.47,2.4947000000000004,0.9800475059382424,,261892.43276666445,0.0,28.981718831210028,1.0,1.0,NONE
2022-02-23,9011.52,2.5657,0.9814814814814816,,261169.3388818258,0.0,28.981718831210028,1.0,1.0,NONE
2022-02-24,8837.11,2.6422000000000003,0.9862363550071191,,256114.63730047445,0.0,28.981718831210028,1.0,1.0,NONE
2022-02-25,8834.91,2.6806,0.9895635673624288,,256050.87751904578,0.0,28.981718831210028,1.0,1.0,NONE
2022-02-28,8841.6,2.6679,0.9876718824087244,,256244.7652180266,0.0,28.981718831210028,1.0,1.0,NONE
2022-03-01,8916.87,2.5945,0.9824644549763032,0.9876718824087244,258426.21919445178,0.0,28.981718831210028,1.0,1.0,NONE
2022-03-02,8976.29,2.5569,0.9786830885836096,,260148.3129274023,0.0,28.981718831210028,1.0,1.0,NONE
2022-03-03,9071.77,2.4841999999999995,0.9763257575757576,,262915.4874414062,0.0,28.981718831210028,1.0,1.0,NONE
2022-03-04,9028.08,2.5252,0.9772834831992429,,261649.27614567062,0.0,28.981718831210028,1.0,1.0,NONE
2022-03-07,8930.33,2.5811999999999995,0.9806054872280038,,258816.31312991984,0.0,28.981718831210028,1.0,1.0,NONE
2022-03-08,8622.97,2.6935,0.9895981087470448,,249908.4920299591,0.0,28.981718831210028,1.0,1.0,NONE
2022-03-09,8512.39,2.7349,0.995274102079395,,246703.6935616039,0.0,28.981718831210028,1.0,1.0,NONE
2022-03-10,8618.34,2.7146,0.9919697685403872,,249774.30667177064,0.0,28.981718831210028,1.0,1.0,NONE
2022-03-11,8674.16,2.7474000000000003,0.9957507082152974,,251392.06621692877,0.0,28.981718831210028,1.0,1.0,NONE
2022-03-14,8486.13,2.8431,0.9995280792826804,,245942.63362509632,0.0,28.981718831210028,1.0,1.0,NONE
2022-03-15,7961.91,3.067,1.0,,230749.83697939944,0.0,28.981718831210028,1.0,1.0,NONE
2022-03-16,8151.1,2.9639,0.9995285242809996,,236232.88836507607,0.0,28.981718831210028,1.0,1.0,NONE
2022-03-17,8295.15,2.9428000000000005,0.9990574929311968,,240407.70496271184,0.0,28.981718831210028,1.0,1.0,NONE
2022-03-18,8513.55,2.8306000000000004,0.9976448422044276,,246737.3123554481,0.0,28.981718831210028,1.0,1.0,NONE
2022-03-21,8549.05,2.8281,0.9971751412429378,,247766.16337395608,0.0,28.981718831210028,1.0,1.0,NONE
2022-03-22,8693.85,2.7123000000000004,0.9872941176470588,,251962.7162607153,0.0,28.981718831210028,1.0,1.0,NONE
2022-03-23,8717.27,2.7322,0.991533396048918,,252641.46811574226,0.0,28.981718831210028,1.0,1.0,NONE
2022-03-24,8687.94,2.7585999999999995,0.9938881053126468,,251791.43430242286,0.0,28.981718831210028,1.0,1.0,NONE
2022-03-25,8680.91,2.7650999999999994,0.993890977443609,,251587.69281903942,0.0,28.981718831210028,1.0,1.0,NONE
2022-03-28,8787.43,2.6836000000000007,0.98309065288868,,254674.82550893995,0.0,28.981718831210028,1.0,1.0,NONE
2022-03-29,8771.41,2.6687,0.9807511737089202,,254210.53837326393,0.0,28.981718831210028,1.0,1.0,NONE
2022-03-30,8884.37,2.6378,0.977475363679024,,257484.31333243745,0.0,28.981718831210028,1.0,1.0,NONE
2022-03-31,8984.14,2.5663,0.9713883677298312,,260375.81942022723,0.0,28.981718831210028,1.0,1.0,NONE
2022-04-01,9075.86,2.5251,0.9681200187529302,0.9713883677298312,263034.02267142583,0.0,28.981718831210028,1.0,1.0,NONE
2022-04-06,9228.91,2.4777,0.9662605435801312,,267469.6747385425,0.0,28.981718831210028,1.0,1.0,NONE
2022-04-07,9050.61,2.5410000000000004,0.9695550351288056,,262302.2342709378,0.0,28.981718831210028,1.0,1.0,NONE
2022-04-08,9147.2,2.4673000000000003,0.9653558052434456,,265101.57849284436,0.0,28.981718831210028,1.0,1.0,NONE
2022-04-11,8944.7,2.5122,0.9672437997192326,,259232.78042952437,0.0,28.981718831210028,1.0,1.0,NONE
2022-04-12,8918.97,2.5203,0.9672591206735268,,258487.0808039973,0.0,28.981718831210028,1.0,1.0,NONE
2022-04-13,8901.44,2.5153000000000003,0.9668069191210846,,257979.0312728862,0.0,28.981718831210028,1.0,1.0,NONE
2022-04-14,9113.74,2.4636,0.9635514018691588,,264131.85018075205,0.0,28.981718831210028,1.0,1.0,NONE
2022-04-15,9059.72,2.4752,0.964035497431107,,262566.2577294901,0.0,28.981718831210028,1.0,1.0,NONE
2022-04-18,8938.87,2.5072,0.9659197012138188,,259063.8170087384,0.0,28.981718831210028,1.0,1.0,NONE
2022-04-19,9043.84,2.4586,0.9622025198320112,,262106.02803445052,0.0,28.981718831210028,1.0,1.0,NONE
2022-04-20,8781.69,2.5318,0.96875,,254508.4704428488,0.0,28.981718831210028,1.0,1.0,NONE
2022-04-21,8578.26,2.5724,0.9715617715617716,,248612.71938101575,0.0,28.981718831210028,1.0,1.0,NONE
2022-04-22,8689.32,2.488,0.9641192917054986,,251831.4290744099,0.0,28.981718831210028,1.0,1.0,NONE
2022-04-25,8233.13,2.6899,0.983232417326502,,238610.2587608002,0.0,28.981718831210028,1.0,1.0,NONE
2022-04-26,8076.49,2.6897999999999995,0.9827746741154564,,234070.56232307947,0.0,28.981718831210028,1.0,1.0,NONE
2022-04-27,8167.79,2.6787,0.9809213587715216,,236716.59325236894,0.0,28.981718831210028,1.0,1.0,NONE
2022-04-28,8273.82,2.5608,0.9688372093023256,,239789.52490004213,0.0,28.981718831210028,1.0,1.0,NONE
2022-04-29,8512.35,2.5314,0.9660622966062296,,246702.5342928507,0.0,28.981718831210028,1.0,1.0,NONE
2022-05-05,8567.94,2.5458,0.9674721189591078,0.9660622966062296,248313.62804267765,0.0,28.981718831210028,1.0,1.0,NONE
2022-05-06,8347.17,2.6475,0.9772410589874594,,241915.3339763114,0.0,28.981718831210028,1.0,1.0,NONE
2022-05-09,8370.78,2.6692000000000005,0.979572887650882,,242599.5923579163,0.0,28.981718831210028,1.0,1.0,NONE
2022-05-10,8374.9,2.6737,0.9795823665893272,,242718.99703950086,0.0,28.981718831210028,1.0,1.0,NONE
2022-05-11,8368.13,2.694500000000001,0.9837662337662336,,242522.79080301354,0.0,28.981718831210028,1.0,1.0,NONE
2022-05-12,8348.17,2.7479,0.9921186833565137,,241944.3156951426,0.0,28.981718831210028,1.0,1.0,NONE
2022-05-13,8562.97,2.6283000000000003,0.9735866543095458,,248169.5889000865,0.0,28.981718831210028,1.0,1.0,NONE
2022-05-16,8651.37,2.6291,0.9735988883742474,,250731.57284476553,0.0,28.981718831210028,1.0,1.0,NONE
2022-05-17,8593.87,2.6303,0.9736111111111112,,249065.12401197094,0.0,28.981718831210028,1.0,1.0,NONE
2022-05-18,8534.82,2.7083000000000004,0.984729291994447,,247353.75351498797,0.0,28.981718831210028,1.0,1.0,NONE
2022-05-19,8571.36,2.6987,0.982886216466235,,248412.7455210804,0.0,28.981718831210028,1.0,1.0,NONE
2022-05-20,8663.43,2.6429,0.9736477115117892,,251081.0923738699,0.0,28.981718831210028,1.0,1.0,NONE
2022-05-23,8687.91,2.653,0.9745841035120149,,251790.56485085792,0.0,28.981718831210028,1.0,1.0,NONE
2022-05-24,8463.58,2.6839,0.9806004618937644,,245289.09586545257,0.0,28.981718831210028,1.0,1.0,NONE
2022-05-25,8603.78,2.6616000000000004,0.9750692520775625,,249352.33284558824,0.0,28.981718831210028,1.0,1.0,NONE
2022-05-26,8710.75,2.6649000000000003,0.9755422242731888,,252452.50730896275,0.0,28.981718831210028,1.0,1.0,NONE
2022-05-27,8704.24,2.6797000000000004,0.9792435424354244,,252263.83631937156,0.0,28.981718831210028,1.0,1.0,NONE
2022-05-30,8706.55,2.7,0.982941447671738,,252330.78408987165,0.0,28.981718831210028,1.0,1.0,NONE
2022-05-31,8712.26,2.6808,0.97926267281106,,252496.26970439788,0.0,28.981718831210028,1.0,1.0,NONE
2022-06-01,8756.9,2.6644,0.9737448180561952,0.97926267281106,253790.01363302307,0.0,28.981718831210028,1.0,1.0,NONE
2022-06-02,8693.28,2.6871,0.9802025782688766,,251946.19668098152,0.0,28.981718831210028,1.0,1.0,NONE
2022-06-06,8725.77,2.149,0.9199263690750116,,252887.81272580754,0.0,28.981718831210028,1.0,1.0,NONE
2022-06-07,8761.04,2.1695,0.921343146274149,,253909.99794898432,0.0,28.981718831210028,1.0,1.0,NONE
2022-06-08,8831.97,2.1142000000000003,0.913103448275862,,255965.671265682,0.0,28.981718831210028,1.0,1.0,NONE
2022-06-09,8789.9,2.0870999999999995,0.9113051470588236,,254746.41035445302,0.0,28.981718831210028,1.0,1.0,NONE
2022-06-10,8870.75,2.2829,0.9439595774000918,,257089.58232195635,0.0,28.981718831210028,1.0,1.0,NONE
2022-06-13,8762.79,2.3389999999999995,0.9462809917355371,,253960.71595693895,0.0,28.981718831210028,1.0,1.0,NONE
2022-06-14,8886.59,2.257,0.9385039008719596,,257548.65274824272,0.0,28.981718831210028,1.0,1.0,NONE
2022-06-15,8884.63,2.2301,0.9330275229357798,,257491.8485793335,0.0,28.981718831210028,1.0,1.0,NONE
2022-06-16,8760.09,2.3838,0.9472718936267768,,253882.46531609466,0.0,28.981718831210028,1.0,1.0,NONE
2022-06-17,8761.32,1.6542000000000003,0.8533455545371219,,253918.11283025704,0.0,28.981718831210028,1.0,1.0,NONE
2022-06-20,8723.59,1.6067000000000005,0.8442510306917087,,252824.6325787555,0.0,28.981718831210028,1.0,1.0,NONE
2022-06-21,8738.33,1.6918000000000002,0.8594322344322345,,253251.82311432753,0.0,28.981718831210028,1.0,1.0,NONE
2022-06-22,8622.29,1.7392,0.8654462242562929,,249888.78446115393,0.0,28.981718831210028,1.0,1.0,NONE
2022-06-23,8742.62,1.6891000000000005,0.8581884720951509,,253376.15468811343,0.0,28.981718831210028,1.0,1.0,NONE
2022-06-24,8738.73,1.6892,0.8582533150434385,,253263.41580185998,0.0,28.981718831210028,1.0,1.0,NONE
2022-06-27,8817.89,1.6157999999999997,0.8459780621572212,,255557.60866453857,0.0,28.981718831210028,1.0,1.0,NONE
2022-06-28,8897.01,1.5912999999999995,0.8387391502969392,,257850.64225846392,0.0,28.981718831210028,1.0,1.0,NONE
2022-06-29,8865.6,1.6347,0.8502283105022831,,256940.32646997564,0.0,28.981718831210028,1.0,1.0,NONE
2022-06-30,8903.19,1.6185999999999998,0.8471017800091283,,258029.74928084083,0.0,28.981718831210028,1.0,1.0,NONE
2022-07-01,8937.14,1.5966000000000005,0.8389598540145985,0.8471017800091283,259013.67863516038,51802.735727032064,23.185375064968024,0.8,0.8,SELL
2022-07-04,8968.29,1.5694999999999997,0.8308253533971728,,259735.90306843416,51802.735727032064,23.185375064968024,0.8,0.8005561221415612,NONE
2022-07-05,8981.21,1.5616999999999996,0.8295350957155879,,260035.45811427353,51802.735727032064,23.185375064968024,0.8,0.8007858770388646,NONE
2022-07-06,8811.01,0.7688999999999999,0.474259681093394,,256089.30727821597,51802.735727032064,23.185375064968024,0.8,0.7977161316198436,NONE
2022-07-07,8879.0,0.7438000000000002,0.4658469945355191,,257665.68092888314,51802.735727032064,23.185375064968024,0.8,0.7989536847115862,NONE
2022-07-08,8890.52,0.8226999999999998,0.4961310878470641,,257932.7764496316,51802.735727032064,23.185375064968024,0.8,0.7991618729496832,NONE
2022-07-11,8780.22,1.0198,0.6101000909918107,,255375.4295799656,51802.735727032064,23.185375064968024,0.8,0.7971506663259039,NONE
2022-07-12,8796.36,1.9595,0.8885857207821737,,255749.64153351422,51802.735727032064,23.185375064968024,0.8,0.7974474747396911,NONE
2022-07-13,8810.95,2.0192,0.8995454545454545,,256087.9161557121,51802.735727032064,23.185375064968024,0.8,0.7977150327720507,NONE
2022-07-14,8714.6,2.1352,0.9132212630622444,,253854.00526820243,51802.735727032064,23.185375064968024,0.8,0.7959349285338189,NONE
2022-07-15,8537.79,3.6521,1.0,,249754.59910296544,51802.735727032064,23.185375064968024,0.8,0.7925854582334416,NONE
2022-07-18,8751.4,3.3036,0.9995460735360872,,254707.22707059322,51802.735727032064,23.185375064968024,0.8,0.7966185085408876,NONE
2022-07-19,8785.61,3.2911,0.999092558983666,,255500.3987515658,51802.735727032064,23.185375064968024,0.8,0.7972498830524248,NONE
2022-07-20,8815.47,3.2479000000000005,0.998639455782313,,256192.71405100572,51802.735727032064,23.185375064968024,0.8,0.7977977792267793,NONE
2022-07-21,8697.88,3.6252,0.9995466908431552,,253466.3457971161,51802.735727032064,23.185375064968024,0.8,0.7956228249390674,NONE
2022-07-22,8658.96,3.5905000000000005,0.9990937924784776,,252563.97099958756,51802.735727032064,23.185375064968024,0.8,0.7948926146432951,NONE
2022-07-25,8651.04,3.5424,0.998641304347826,,252380.34282907305,51802.735727032064,23.185375064968024,0.8,0.7947433815710602,NONE
2022-07-26,8778.8,3.5009,0.9981892258940696,,255342.50634737333,51802.735727032064,23.185375064968024,0.8,0.7971245114334449,NONE
2022-07-27,8786.7,3.5299,0.9981900452488688,,255525.67081038663,51802.735727032064,23.185375064968024,0.8,0.797269935491247,NONE
2022-07-28,8833.0,3.5700000000000003,0.9986431478968792,,256599.15367589463,51802.735727032064,23.185375064968024,0.8,0.7981180569579622,NONE
2022-07-29,8760.51,3.6309,0.9995479204339964,,254918.4458374351,51802.735727032064,23.185375064968024,0.8,0.7967870251332563,NONE
2022-08-01,8789.28,3.6683,1.0,0.9995479204339964,255585.48907805423,0.0,29.07922936555147,1.0,1.0,BUY
2022-08-02,8541.68,3.7564,1.0,,248385.47188714368,0.0,29.07922936555147,1.0,1.0,NONE
2022-08-03,8430.13,3.8267,1.0,,245141.6838514164,0.0,29.07922936555147,1.0,1.0,NONE
2022-08-04,8476.72,3.7766,0.999548736462094,,246496.48514755743,0.0,29.07922936555147,1.0,1.0,NONE
2022-08-05,8542.97,3.7558,0.9986468200270636,,248422.9840930252,0.0,29.07922936555147,1.0,1.0,NONE
2022-08-08,8678.47,3.725000000000001,0.9981965734896304,,252363.21967205746,0.0,29.07922936555147,1.0,1.0,NONE
2022-08-09,8697.03,3.7244,0.9977467327625056,,252902.93016908213,0.0,29.07922936555147,1.0,1.0,NONE
2022-08-10,8659.57,3.7555,0.9981981981981982,,251813.62223704852,0.0,29.07922936555147,1.0,1.0,NONE
2022-08-11,8768.39,3.6926,0.9968482665466006,,254978.02397660783,0.0,29.07922936555147,1.0,1.0,NONE
2022-08-12,8828.28,3.6596,0.995949594959496,,256719.57902331074,0.0,29.07922936555147,1.0,1.0,NONE
2022-08-15,8850.53,3.7464,0.9977507872244714,,257366.59187669426,0.0,29.07922936555147,1.0,1.0,NONE
2022-08-16,8898.71,3.7722,0.9991007194244604,,258767.6291475265,0.0,29.07922936555147,1.0,1.0,NONE
2022-08-17,8927.11,3.7673,0.9986516853932584,,259593.4792615082,0.0,29.07922936555147,1.0,1.0,NONE
2022-08-18,8851.03,3.8518,1.0,,257381.13149137705,0.0,29.07922936555147,1.0,1.0,NONE
2022-08-19,8918.11,3.7939,0.9991019308486754,,259331.76619721824,0.0,29.07922936555147,1.0,1.0,NONE
2022-08-22,8996.34,3.7686000000000006,0.9977558348294434,,261606.6343104853,0.0,29.07922936555147,1.0,1.0,NONE
2022-08-23,9040.35,3.7572,0.996859578286227,,262886.41119486326,0.0,29.07922936555147,1.0,1.0,NONE
2022-08-24,8877.97,3.7943,0.9991031390134528,,258164.52593048496,0.0,29.07922936555147,1.0,1.0,NONE
2022-08-25,9040.22,3.6355,0.9914836396234872,,262882.6308950457,0.0,29.07922936555147,1.0,1.0,NONE
2022-08-26,9000.3,3.666300000000001,0.9923835125448028,,261721.78805877286,0.0,29.07922936555147,1.0,1.0,NONE
2022-08-29,9070.91,3.6941,0.993282579489476,,263775.0724442745,0.0,29.07922936555147,1.0,1.0,NONE
2022-08-30,9017.48,3.7252,0.9941808415398388,,262221.36921927304,0.0,29.07922936555147,1.0,1.0,NONE
2022-08-31,8926.18,3.6863,0.9919463087248322,,259566.43557819823,0.0,29.07922936555147,1.0,1.0,NONE
2022-09-01,8985.71,3.679,0.9915026833631484,0.9919463087248322,261297.52210232947,0.0,29.07922936555147,1.0,1.0,NONE
2022-09-02,8980.53,3.688600000000001,0.991953509164059,,261146.89169421597,0.0,29.07922936555147,1.0,1.0,NONE
2022-09-05,9115.43,3.6154,0.9874888293118856,,265069.67973562883,0.0,29.07922936555147,1.0,1.0,NONE
2022-09-06,9268.5,3.5663,0.9861545332737828,,269520.8373746138,0.0,29.07922936555147,1.0,1.0,NONE
2022-09-07,9242.44,3.5790999999999995,0.9866071428571428,,268763.03265734756,0.0,29.07922936555147,1.0,1.0,NONE
2022-09-08,9209.21,3.5835000000000004,0.9866131191432396,,267796.7298655302,0.0,29.07922936555147,1.0,1.0,NONE
2022-09-09,9306.12,3.5054,0.983942908117752,,270614.79798334587,0.0,29.07922936555147,1.0,1.0,NONE
2022-09-13,9243.35,3.5105,0.9839500668747212,,268789.4947560702,0.0,29.07922936555147,1.0,1.0,NONE
2022-09-14,9166.68,3.5308999999999995,0.9844028520499108,,266559.99024061335,0.0,29.07922936555147,1.0,1.0,NONE
2022-09-15,9149.68,3.522,0.9835189309576836,,266065.643341399,0.0,29.07922936555147,1.0,1.0,NONE
2022-09-16,8866.12,3.6551,0.9893143365983972,,257819.93706250322,0.0,29.07922936555147,1.0,1.0,NONE
2022-09-19,8871.17,3.6297000000000006,0.9875389408099688,,257966.78717079925,0.0,29.07922936555147,1.0,1.0,NONE
2022-09-20,8879.4,3.6788,0.990658362989324,,258206.1092284777,0.0,29.07922936555147,1.0,1.0,NONE
2022-09-21,8951.13,3.672,0.9902178746109382,,260291.9623508687,0.0,29.07922936555147,1.0,1.0,NONE
2022-09-22,8941.2,3.6502,0.9875555555555556,,260003.2056032688,0.0,29.07922936555147,1.0,1.0,NONE
2022-09-23,8846.99,3.6265,0.9857840959573524,,257263.6514047402,0.0,29.07922936555147,1.0,1.0,NONE
2022-09-26,8687.03,3.6966,0.9928952042628776,,252612.1378754266,0.0,29.07922936555147,1.0,1.0,NONE
2022-09-27,8790.21,3.697,0.9928983577452286,,255612.53276136416,0.0,29.07922936555147,1.0,1.0,NONE
2022-09-28,8681.95,3.6752,0.989352262644188,,252464.4153902496,0.0,29.07922936555147,1.0,1.0,NONE
2022-09-29,8640.85,3.6956,0.9920177383592018,,251269.25906332541,0.0,29.07922936555147,1.0,1.0,NONE
2022-09-30,8690.34,3.6293,0.9840425531914894,,252708.39012462657,0.0,29.07922936555147,1.0,1.0,NONE
2022-10-10,8665.41,3.6311,0.9849357554275588,0.9840425531914894,251983.44493654335,0.0,29.07922936555147,1.0,1.0,NONE
2022-10-11,8666.56,3.65,0.9853852967227636,,252016.88605031374,0.0,29.07922936555147,1.0,1.0,NONE
2022-10-12,8787.91,3.609900000000001,0.9814077025232404,,255545.6505338234,0.0,29.07922936555147,1.0,1.0,NONE
2022-10-13,8708.01,3.6468,0.9849557522123894,,253222.22010751587,0.0,29.07922936555147,1.0,1.0,NONE
2022-10-14,8808.35,3.6419,0.9845201238390092,,256140.0299820553,0.0,29.07922936555147,1.0,1.0,NONE
2022-10-17,8810.84,3.6585,0.986737400530504,,256212.43726317553,0.0,29.07922936555147,1.0,1.0,NONE
2022-10-18,8820.49,3.6737,0.9885108263367212,,256493.05182655307,0.0,29.07922936555147,1.0,1.0,NONE
2022-10-19,8749.86,3.707,0.9929328621908128,,254439.1858564642,0.0,29.07922936555147,1.0,1.0,NONE
2022-10-20,8667.31,3.7254,0.9942604856512142,,252038.6954723379,0.0,29.07922936555147,1.0,1.0,NONE
2022-10-21,8708.32,3.6874,0.9894086496028244,,253231.23466861917,0.0,29.07922936555147,1.0,1.0,NONE
2022-10-24,8519.88,3.8118,0.9991177767975298,,247751.54468697464,0.0,29.07922936555147,1.0,1.0,NONE
2022-10-25,8485.35,3.8109000000000006,0.9986772486772488,,246747.43889698217,0.0,29.07922936555147,1.0,1.0,NONE
2022-10-26,8464.27,3.9012,1.0,,246134.44874195635,0.0,29.07922936555147,1.0,1.0,NONE
2022-10-27,8487.01,3.9287,1.0,,246795.710417729,0.0,29.07922936555147,1.0,1.0,NONE
2022-10-28,8262.69,4.021599999999999,1.0,,240272.65768644848,0.0,29.07922936555147,1.0,1.0,NONE
2022-10-31,8143.4,4.1969,1.0,,236803.79641543183,0.0,29.07922936555147,1.0,1.0,NONE
2022-11-01,8250.76,4.1374,0.9995600527936648,1.0,239925.74248011745,0.0,29.07922936555147,1.0,1.0,NONE
2022-11-02,8353.2,4.0863,0.9991204925241864,,242904.61873632457,0.0,29.07922936555147,1.0,1.0,NONE
2022-11-03,8308.22,4.1296,0.9991208791208792,,241596.63499946203,0.0,29.07922936555147,1.0,1.0,NONE
2022-11-04,8479.96,3.991,0.9978031634446396,,246590.70185070182,0.0,29.07922936555147,1.0,1.0,NONE
2022-11-07,8541.33,3.9649,0.997364953886693,,248375.29415686574,0.0,29.07922936555147,1.0,1.0,NONE
2022-11-08,8550.42,3.992,0.9978050921861282,,248639.6243517986,0.0,29.07922936555147,1.0,1.0,NONE
2022-11-09,8559.73,3.9813,0.9969284774023696,,248910.35197719187,0.0,29.07922936555147,1.0,1.0,NONE
2022-11-10,8556.58,3.9682,0.9964912280701754,,248818.7524046904,0.0,29.07922936555147,1.0,1.0,NONE
2022-11-11,8746.79,3.7968,0.9929855326611136,,254349.91262231197,0.0,29.07922936555147,1.0,1.0,NONE
2022-11-14,8772.16,3.6906,0.9833479404031552,,255087.65267131597,0.0,29.07922936555147,1.0,1.0,NONE
2022-11-15,8857.21,3.671,0.979413053000438,,257560.84112885612,0.0,29.07922936555147,1.0,1.0,NONE
2022-11-16,8824.82,3.6793,0.9816112084063048,,256618.9648897059,0.0,29.07922936555147,1.0,1.0,NONE
2022-11-17,8789.94,3.7324,0.987746170678337,,255604.6813694355,0.0,29.07922936555147,1.0,1.0,NONE
2022-11-18,8732.25,3.7395,0.9877515310586176,,253927.10062733683,0.0,29.07922936555147,1.0,1.0,NONE
2022-11-21,8736.92,3.7533,0.9881941407958024,,254062.90062847396,0.0,29.07922936555147,1.0,1.0,NONE
2022-11-22,8745.89,3.6639,0.9763986013986014,,254323.74131588291,0.0,29.07922936555147,1.0,1.0,NONE
2022-11-23,8766.57,3.6416,0.9724770642201837,,254925.09977916253,0.0,29.07922936555147,1.0,1.0,NONE
2022-11-24,8829.42,3.6399,0.9720524017467248,,256752.72934478745,0.0,29.07922936555147,1.0,1.0,NONE
2022-11-25,8939.46,3.4711,0.962461807071148,,259952.6077441727,0.0,29.07922936555147,1.0,1.0,NONE
2022-11-28,8901.56,3.4975,0.962478184991274,,258850.50495121832,0.0,29.07922936555147,1.0,1.0,NONE
2022-11-29,9157.27,3.3374,0.9616223288268644,,266286.3546922835,0.0,29.07922936555147,1.0,1.0,NONE
2022-11-30,9140.18,3.3472,0.961639058413252,,265789.39066242625,0.0,29.07922936555147,1.0,1.0,NONE
2022-12-01,9092.91,3.4230000000000005,0.9616557734204793,0.961639058413252,264414.8154903166,0.0,29.07922936555147,1.0,1.0,NONE
2022-12-02,9063.72,3.45,0.9616724738675958,,263565.99278513616,0.0,29.07922936555147,1.0,1.0,NONE
2022-12-05,9195.68,3.3052,0.959947757945146,,267403.2878922144,0.0,29.07922936555147,1.0,1.0,NONE
2022-12-06,9150.03,3.2849,0.9586597040905136,,266075.8210716769,0.0,29.07922936555147,1.0,1.0,NONE
2022-12-07,9097.16,3.393,0.960852544584602,,264538.4022151202,0.0,29.07922936555147,1.0,1.0,NONE
2022-12-08,9116.37,3.3566000000000003,0.9604347826086956,,265097.0142112325,0.0,29.07922936555147,1.0,1.0,NONE
2022-12-09,9196.41,3.3234000000000004,0.959148196436332,,267424.5157296512,0.0,29.07922936555147,1.0,1.0,NONE
2022-12-12,9064.85,3.5729999999999995,0.966550825369244,,263598.8523143192,0.0,29.07922936555147,1.0,1.0,NONE
2022-12-13,9107.23,3.5309,0.9648284845853234,,264831.2300548313,0.0,29.07922936555147,1.0,1.0,NONE
2022-12-14,9072.69,3.5665000000000004,0.9657118055555556,,263826.8334725452,0.0,29.07922936555147,1.0,1.0,NONE
2022-12-15,8980.51,3.6094,0.9678958785249456,,261146.31010962863,0.0,29.07922936555147,1.0,1.0,NONE
2022-12-16,9074.64,3.5373,0.9640069384215092,,263883.537969808,0.0,29.07922936555147,1.0,1.0,NONE
2022-12-19,8888.25,3.6645,0.976592977893368,,258463.46040836285,0.0,29.07922936555147,1.0,1.0,NONE
2022-12-20,8798.64,3.7212,0.984835355285962,,255857.67066491576,0.0,29.07922936555147,1.0,1.0,NONE
2022-12-21,8802.51,3.7247,0.985275010827198,,255970.20728256047,0.0,29.07922936555147,1.0,1.0,NONE
2022-12-22,8740.52,3.7393,0.987012987012987,,254167.58585418994,0.0,29.07922936555147,1.0,1.0,NONE
2022-12-23,8729.51,3.7722,0.9913457377758548,,253847.4235388752,0.0,29.07922936555147,1.0,1.0,NONE
2022-12-26,8708.01,3.7862,0.9917820069204152,,253222.22010751587,0.0,29.07922936555147,1.0,1.0,NONE
2022-12-27,8798.6,3.6819,0.9783830523130134,,255856.50749574119,0.0,29.07922936555147,1.0,1.0,NONE
2022-12-28,8813.21,3.672800000000001,0.975799481417459,,256281.35503677186,0.0,29.07922936555147,1.0,1.0,NONE
2022-12-29,8734.48,3.7443,0.986609071274298,,253991.94730882198,0.0,29.07922936555147,1.0,1.0,NONE
2022-12-30,8793.51,3.699,0.9818652849740932,,255708.4942182705,0.0,29.07922936555147,1.0,1.0,NONE
2023-01-03,8850.5,3.6993,0.9818731117824774,0.9818652849740932,257365.71949981328,0.0,29.07922936555147,1.0,1.0,NONE
2023-01-04,8920.35,3.6499000000000006,0.9689387402933564,,259396.90367099707,0.0,29.07922936555147,1.0,1.0,NONE
2023-01-05,8944.62,3.6213,0.963777490297542,,260102.656567699,0.0,29.07922936555147,1.0,1.0,NONE
2023-01-06,8926.06,3.6183,0.9633620689655172,,259562.94607067434,0.0,29.07922936555147,1.0,1.0,NONE
2023-01-09,8921.06,3.6197,0.9633778543731152,,259417.54992384659,0.0,29.07922936555147,1.0,1.0,NONE
2023-01-10,8870.52,3.6463,0.9681309216192936,,257947.88567171164,0.0,29.07922936555147,1.0,1.0,NONE
2023-01-11,8918.45,3.5923000000000003,0.960826517434352,,259341.65313520253,0.0,29.07922936555147,1.0,1.0,NONE
2023-01-12,8883.98,3.586,0.9599827882960412,,258339.29209897193,0.0,29.07922936555147,1.0,1.0,NONE
2023-01-13,8960.22,3.5074000000000005,0.953978494623656,,260556.29254580158,0.0,29.07922936555147,1.0,1.0,NONE
2023-01-16,8994.7,3.491,0.9522785898538264,,261558.94437432583,0.0,29.07922936555147,1.0,1.0,NONE
2023-01-17,8981.13,3.5172,0.9544477868500216,,261164.33923183524,0.0,29.07922936555147,1.0,1.0,NONE
2023-01-18,8991.41,3.4990999999999994,0.952319587628866,,261463.27370971313,0.0,29.07922936555147,1.0,1.0,NONE
2023-01-19,9027.72,3.5032,0.952769428939459,,262519.14052797627,0.0,29.07922936555147,1.0,1.0,NONE
2023-01-20,9116.3,3.4426,0.949785407725322,,265094.97866517684,0.0,29.07922936555147,1.0,1.0,NONE
2023-01-30,9083.78,3.4952,0.9510939510939512,,264149.32212620915,0.0,29.07922936555147,1.0,1.0,NONE
2023-01-31,9103.87,3.5157000000000003,0.9541166380789022,,264733.5238441631,0.0,29.07922936555147,1.0,1.0,NONE
2023-02-01,9131.89,3.4954,0.9507072438919846,0.9541166380789022,265548.3238509858,0.0,29.07922936555147,1.0,1.0,NONE
2023-02-02,9146.77,3.5094,0.953299057412168,,265981.02278394526,0.0,29.07922936555147,1.0,1.0,NONE
2023-02-03,9065.72,3.5601,0.9571734475374732,,263624.15124386724,0.0,29.07922936555147,1.0,1.0,NONE
2023-02-06,9014.76,3.5805,0.959332191780822,,262142.27371539877,0.0,29.07922936555147,1.0,1.0,NONE
2023-02-07,9062.85,3.5594,0.9563543003851092,,263540.69385558815,0.0,29.07922936555147,1.0,1.0,NONE
2023-02-08,9022.43,3.5676,0.957656116338751,,262365.3114046326,0.0,29.07922936555147,1.0,1.0,NONE
2023-02-09,9089.07,3.5324000000000004,0.9546814878153056,,264303.1512495529,0.0,29.07922936555147,1.0,1.0,NONE
2023-02-10,9093.19,3.5261,0.9529914529914528,,264422.957674539,0.0,29.07922936555147,1.0,1.0,NONE
2023-02-13,9125.57,3.5391,0.9551473729175566,,265364.5431213955,0.0,29.07922936555147,1.0,1.0,NONE
2023-02-14,9172.55,3.5246000000000004,0.9521776259607172,,266730.68531698914,0.0,29.07922936555147,1.0,1.0,NONE
2023-02-15,9116.18,3.5584,0.9556124626547162,,265091.489157653,0.0,29.07922936555147,1.0,1.0,NONE
2023-02-16,9037.96,3.5853,0.9598976109215016,,262816.91183667956,0.0,29.07922936555147,1.0,1.0,NONE
2023-02-17,9049.46,3.5930000000000004,0.9611940298507464,,263151.32297438337,0.0,29.07922936555147,1.0,1.0,NONE
2023-02-20,9252.1,3.4426000000000005,0.9437340153452686,,269043.93801301875,0.0,29.07922936555147,1.0,1.0,NONE
2023-02-21,9356.43,3.3973,0.9424797613975288,,272077.77401272673,0.0,29.07922936555147,1.0,1.0,NONE
2023-02-22,9361.99,3.4244,0.9429301533219762,,272239.4545279992,0.0,29.07922936555147,1.0,1.0,NONE
2023-02-23,9374.65,3.4122,0.9421030225627928,,272607.59757176705,0.0,29.07922936555147,1.0,1.0,NONE
2023-02-24,9336.57,3.4547000000000003,0.944255319148936,,271500.2605175269,0.0,29.07922936555147,1.0,1.0,NONE
2023-02-27,9326.84,3.4687999999999994,0.9442790301999148,,271217.31961580005,0.0,29.07922936555147,1.0,1.0,NONE
2023-02-28,9368.21,3.452,0.9434523809523808,,272420.3273346529,0.0,29.07922936555147,1.0,1.0,NONE
2023-03-01,9431.66,3.413,0.9409264768380792,0.9434523809523808,274265.40443789714,0.0,29.07922936555147,1.0,1.0,NONE
2023-03-02,9473.65,3.3744,0.9392523364485982,,275486.44127895666,0.0,29.07922936555147,1.0,1.0,NONE
2023-03-03,9514.61,3.321,0.9371549893842888,,276677.5265137697,0.0,29.07922936555147,1.0,1.0,NONE
2023-03-06,9470.06,3.3778,0.9393039049235992,,275382.04684553435,0.0,29.07922936555147,1.0,1.0,NONE
2023-03-07,9413.47,3.3626,0.9384811200678828,,273736.4532557378,0.0,29.07922936555147,1.0,1.0,NONE
2023-03-08,9406.08,3.3624,0.938083121289228,,273521.55775072635,0.0,29.07922936555147,1.0,1.0,NONE
2023-03-09,9375.99,3.3902,0.9393810936837644,,272646.56373911694,0.0,29.07922936555147,1.0,1.0,NONE
2023-03-10,9208.7,3.4991,0.9470338983050848,,267781.8994585538,0.0,29.07922936555147,1.0,1.0,NONE
2023-03-13,9320.19,3.4025000000000003,0.9398559932232105,,271023.9427405192,0.0,29.07922936555147,1.0,1.0,NONE
2023-03-14,9243.08,3.4325999999999994,0.9415749364944962,,268781.64336414146,0.0,29.07922936555147,1.0,1.0,NONE
2023-03-15,9354.8,3.3726,0.9369445619974608,,272030.3748688609,0.0,29.07922936555147,1.0,1.0,NONE
2023-03-16,9268.04,3.3849,0.9378172588832488,,269507.46092910564,0.0,29.07922936555147,1.0,1.0,NONE
2023-03-17,9323.25,3.3408,0.93446088794926,,271112.92518237774,0.0,29.07922936555147,1.0,1.0,NONE
2023-03-20,9279.24,3.3479,0.9349112426035504,,269833.1482979998,0.0,29.07922936555147,1.0,1.0,NONE
2023-03-21,9277.86,3.3881,0.9378960709759188,,269793.01896147535,0.0,29.07922936555147,1.0,1.0,NONE
2023-03-22,9321.65,3.3423000000000003,0.9336993243243245,,271066.39841539285,0.0,29.07922936555147,1.0,1.0,NONE
2023-03-23,9329.38,3.3079999999999994,0.9316167159138876,,271291.18085838854,0.0,29.07922936555147,1.0,1.0,NONE
2023-03-24,9253.31,3.3783,0.9371308016877636,,269079.1238805511,0.0,29.07922936555147,1.0,1.0,NONE
2023-03-27,9178.21,3.4597,0.9439055250948968,,266895.2737551981,0.0,29.07922936555147,1.0,1.0,NONE
2023-03-28,9181.51,3.4329,0.9413996627318718,,266991.23521210445,0.0,29.07922936555147,1.0,1.0,NONE
2023-03-29,9154.94,3.4402,0.9414243573535608,,266218.60008786176,0.0,29.07922936555147,1.0,1.0,NONE
2023-03-30,9212.33,3.3641,0.9342881213142376,,267887.45706115075,0.0,29.07922936555147,1.0,1.0,NONE
2023-03-31,9243.09,3.3846000000000003,0.936,,268781.93415643513,0.0,29.07922936555147,1.0,1.0,NONE
2023-04-03,9285.03,3.3772,0.9347643097643098,0.936,270001.5170360264,0.0,29.07922936555147,1.0,1.0,NONE
2023-04-04,9318.28,3.305,0.9280605805637356,,270968.401412431,0.0,29.07922936555147,1.0,1.0,NONE
2023-04-06,9260.15,3.3171,0.9289318755256518,,269278.0258094114,0.0,29.07922936555147,1.0,1.0,NONE
2023-04-07,9295.78,3.3265,0.9298024379991592,,270314.11875170603,0.0,29.07922936555147,1.0,1.0,NONE
2023-04-10,9298.48,3.3073,0.9277310924369748,,270392.63267099304,0.0,29.07922936555147,1.0,1.0,NONE
2023-04-11,9358.16,3.298,0.9260814783704326,,272128.08107952913,0.0,29.07922936555147,1.0,1.0,NONE
2023-04-12,9450.92,3.2434,0.924433249370277,,274825.4703954777,0.0,29.07922936555147,1.0,1.0,NONE
2023-04-13,9452.68,3.2246999999999995,0.9240453210239196,,274876.6498391611,0.0,29.07922936555147,1.0,1.0,NONE
2023-04-14,9441.57,3.2185,0.9236577181208052,,274553.5796009098,0.0,29.07922936555147,1.0,1.0,NONE
2023-04-17,9571.45,3.0877000000000003,0.9232704402515725,,278330.38991090766,0.0,29.07922936555147,1.0,1.0,NONE
2023-04-18,9606.81,3.0587,0.9224643755238894,,279358.6314612735,0.0,29.07922936555147,1.0,1.0,NONE
2023-04-19,9598.56,3.0744,0.9229157938835358,,279118.7278190077,0.0,29.07922936555147,1.0,1.0,NONE
2023-04-20,9613.91,3.0623,0.9221105527638191,,279565.09398976894,0.0,29.07922936555147,1.0,1.0,NONE
2023-04-21,9498.34,3.1366,0.9233989116785266,,276204.40745199216,0.0,29.07922936555147,1.0,1.0,NONE
2023-04-24,9491.29,3.1435,0.9234309623430962,,275999.39888496505,0.0,29.07922936555147,1.0,1.0,NONE
2023-04-25,9522.14,3.0914999999999995,0.9226265161020494,,276896.49311089225,0.0,29.07922936555147,1.0,1.0,NONE
2023-04-26,9545.78,3.1258000000000004,0.9226588628762542,,277583.92609309393,0.0,29.07922936555147,1.0,1.0,NONE
2023-04-27,9571.34,3.0861,0.9214375261178436,,278327.1911956774,0.0,29.07922936555147,1.0,1.0,NONE
2023-04-28,9679.28,3.0567,0.9193817878028404,,281466.0032133951,0.0,29.07922936555147,1.0,1.0,NONE
2023-05-04,9873.93,2.9134,0.9181628392484342,0.9193817878028404,287126.27520939964,0.0,29.07922936555147,1.0,1.0,NONE
2023-05-05,9899.09,2.9084,0.917779632721202,,287857.9086202369,0.0,29.07922936555147,1.0,1.0,NONE
2023-05-08,10116.4,2.6476999999999995,0.8919482686691698,,294177.1159536649,0.0,29.07922936555147,1.0,1.0,NONE
2023-05-09,10036.94,2.6768,0.896580483736447,,291866.4803882782,0.0,29.07922936555147,1.0,1.0,NONE
2023-05-10,9850.06,2.8741000000000003,0.917465610671113,,286432.1540044439,0.0,29.07922936555147,1.0,1.0,NONE
2023-05-11,9845.14,2.921,0.9183333333333332,,286289.0841959654,0.0,29.07922936555147,1.0,1.0,NONE
2023-05-12,9786.53,2.9512,0.9187838400666388,,284584.75056285044,0.0,29.07922936555147,1.0,1.0,NONE
2023-05-15,9785.5,2.9075,0.916736053288926,,284554.7989566039,0.0,29.07922936555147,1.0,1.0,NONE
2023-05-16,9716.94,2.9074000000000004,0.916354556803995,,282561.1269913017,0.0,29.07922936555147,1.0,1.0,NONE
2023-05-17,9671.65,2.9226,0.918053244592346,,281244.12869333586,0.0,29.07922936555147,1.0,1.0,NONE
2023-05-18,9729.85,2.8605,0.9147609147609148,,282936.539842411,0.0,29.07922936555147,1.0,1.0,NONE
2023-05-19,9611.65,2.9278,0.9181213632585205,,279499.3749314028,0.0,29.07922936555147,1.0,1.0,NONE
2023-05-22,9612.22,2.9305,0.9181553801412546,,279515.9500921411,0.0,29.07922936555147,1.0,1.0,NONE
2023-05-23,9490.84,3.0539,0.919435215946844,,275986.3132317505,0.0,29.07922936555147,1.0,1.0,NONE
2023-05-24,9355.5,3.1865,0.9240348692403488,,272050.73032941675,0.0,29.07922936555147,1.0,1.0,NONE
2023-05-25,9312.87,3.1924,0.9240663900414938,,270811.08278156334,0.0,29.07922936555147,1.0,1.0,NONE
2023-05-26,9393.47,3.0829,0.9207797594359188,,273154.86866842676,0.0,29.07922936555147,1.0,1.0,NONE
2023-05-29,9469.85,3.0369000000000006,0.917910447761194,,275375.9402073676,0.0,29.07922936555147,1.0,1.0,NONE
2023-05-30,9466.81,3.0562,0.9183588893493576,,275287.5393500963,0.0,29.07922936555147,1.0,1.0,NONE
2023-05-31,9392.01,3.1245,0.9221209610604806,,273112.4129935531,0.0,29.07922936555147,1.0,1.0,NONE
2023-06-01,9359.93,3.1354999999999995,0.9225672877846792,0.9221209610604806,272179.55131550616,0.0,29.07922936555147,1.0,1.0,NONE
2023-06-02,9417.74,3.0636,0.9188741721854304,,273860.6215651287,0.0,29.07922936555147,1.0,1.0,NONE
2023-06-05,9467.03,3.0051,0.9160115846090194,,275293.93678055675,0.0,29.07922936555147,1.0,1.0,NONE
2023-06-06,9398.0,3.0171,0.9160463192721258,,273286.5975774527,0.0,29.07922936555147,1.0,1.0,NONE
2023-06-07,9470.63,2.9679999999999995,0.9152542372881356,,275398.62200627266,0.0,29.07922936555147,1.0,1.0,NONE
2023-06-08,9570.11,2.8351,0.9086776859504132,,278291.42374355777,0.0,29.07922936555147,1.0,1.0,NONE
2023-06-09,9552.85,2.8461,0.909128459314333,,277789.5162447084,0.0,29.07922936555147,1.0,1.0,NONE
2023-06-12,9499.69,2.5885,0.8761354252683733,,276243.66441163566,0.0,29.07922936555147,1.0,1.0,NONE
2023-06-13,9483.57,2.6053,0.8782501031778787,,275774.90723426297,0.0,29.07922936555147,1.0,1.0,NONE
2023-06-14,9442.21,2.6444,0.8820132013201321,,274572.19030770374,0.0,29.07922936555147,1.0,1.0,NONE
2023-06-15,9464.13,2.5939,0.8758762886597938,,275209.6070153966,0.0,29.07922936555147,1.0,1.0,NONE
2023-06-16,9437.87,2.3984,0.8606760098928277,,274445.98645225726,0.0,29.07922936555147,1.0,1.0,NONE
2023-06-19,9326.49,2.6411,0.880922950144211,,271207.1418855221,0.0,29.07922936555147,1.0,1.0,NONE
2023-06-20,9257.25,2.6624000000000003,0.8850906095551895,,269193.6960442513,0.0,29.07922936555147,1.0,1.0,NONE
2023-06-21,9188.53,2.967,0.9151914368052696,,267195.37140225066,0.0,29.07922936555147,1.0,1.0,NONE
2023-06-26,9073.51,3.05,0.9168724279835392,,263850.6784406249,0.0,29.07922936555147,1.0,1.0,NONE
2023-06-27,9231.37,2.9654,0.9144385026737968,,268441.1255882709,0.0,29.07922936555147,1.0,1.0,NONE
2023-06-28,9292.61,2.9491000000000005,0.9132401315789472,,270221.93759461725,0.0,29.07922936555147,1.0,1.0,NONE
2023-06-29,9277.87,2.9285,0.9120427455815864,,269793.309753769,0.0,29.07922936555147,1.0,1.0,NONE
2023-06-30,9311.95,2.9554,0.913722267871816,,270784.32989054703,0.0,29.07922936555147,1.0,1.0,NONE
2023-07-03,9410.0,2.8698,0.9080082135523614,0.913722267871816,273635.5483298393,0.0,29.07922936555147,1.0,1.0,NONE
2023-07-04,9363.76,2.9043,0.9084564860426928,,272290.92476397625,0.0,29.07922936555147,1.0,1.0,NONE
2023-07-05,9352.21,2.9432,0.9125974558883874,,271955.0596648041,0.0,29.07922936555147,1.0,1.0,NONE
2023-07-06,9314.49,3.0021,0.915504511894996,,270858.1911331355,0.0,29.07922936555147,1.0,1.0,NONE
2023-07-07,9350.67,2.9267000000000003,0.9102091020910208,,271910.27765158116,0.0,29.07922936555147,1.0,1.0,NONE
2023-07-10,9389.04,2.7308000000000003,0.8971311475409836,,273026.0476823374,0.0,29.07922936555147,1.0,1.0,NONE
2023-07-11,9407.37,2.7106000000000003,0.8926669397787792,,273559.06995660794,0.0,29.07922936555147,1.0,1.0,NONE
2023-07-12,9359.42,2.1577,0.8288288288288288,,272164.72090852977,0.0,29.07922936555147,1.0,1.0,NONE
2023-07-13,9459.92,2.1659,0.8288988948014736,,275087.18345976766,0.0,29.07922936555147,1.0,1.0,NONE
2023-07-14,9475.3,2.1137,0.820785597381342,,275534.4220074098,0.0,29.07922936555147,1.0,1.0,NONE
2023-07-17,9423.95,2.4597999999999995,0.8572597137014315,,274041.2035794888,0.0,29.07922936555147,1.0,1.0,NONE
2023-07-18,9424.21,3.2436,0.9264104660670482,,274048.7641791238,0.0,29.07922936555147,1.0,1.0,NONE
2023-07-19,9475.12,3.3521,0.9337964854924398,,275529.18774612405,0.0,29.07922936555147,1.0,1.0,NONE
2023-07-20,9442.73,3.4064,0.940359477124183,,274587.3115069738,0.0,29.07922936555147,1.0,1.0,NONE
2023-07-21,9449.1,3.4536,0.944875459371172,,274772.5461980324,0.0,29.07922936555147,1.0,1.0,NONE
2023-07-24,9452.13,3.4775,0.946530612244898,,274860.65626301,0.0,29.07922936555147,1.0,1.0,NONE
2023-07-25,9610.09,3.2855000000000003,0.9257445940432476,,279454.0113335925,0.0,29.07922936555147,1.0,1.0,NONE
2023-07-26,9632.64,3.3105,0.9286296900489396,,280109.7479557857,0.0,29.07922936555147,1.0,1.0,NONE
2023-07-27,9642.86,3.289,0.9253974724826742,,280406.93767990166,0.0,29.07922936555147,1.0,1.0,NONE
2023-07-28,9819.6,3.1532,0.9213528932355338,,285546.4006779692,0.0,29.07922936555147,1.0,1.0,NONE
2023-07-31,9895.16,3.1349,0.919755600814664,,287743.6272488303,0.0,29.07922936555147,1.0,1.0,NONE
2023-08-01,9904.17,3.1235000000000004,0.9185667752442996,0.919755600814664,288005.6311054139,0.0,29.07922936555147,1.0,1.0,NONE
2023-08-02,9813.87,3.2334000000000005,0.9230769230769232,,285379.77669370465,0.0,29.07922936555147,1.0,1.0,NONE
2023-08-03,9867.84,3.1976,0.9218877135882833,,286949.1827025634,0.0,29.07922936555147,1.0,1.0,NONE
2023-08-04,9840.57,3.2126,0.9219194794631964,,286156.19211776485,0.0,29.07922936555147,1.0,1.0,NONE
2023-08-07,9754.7,3.1354,0.91869918699187,,283659.15869214496,0.0,29.07922936555147,1.0,1.0,NONE
2023-08-08,9741.1,3.1525000000000003,0.9199512393336042,,283263.6811727734,0.0,29.07922936555147,1.0,1.0,NONE
2023-08-09,9701.37,3.2061999999999995,0.921608448415922,,282108.3633900801,0.0,29.07922936555147,1.0,1.0,NONE
2023-08-10,9740.98,3.2113,0.921640276086074,,283260.1916652495,0.0,29.07922936555147,1.0,1.0,NONE
2023-08-11,9590.81,3.3273,0.9306006493506492,,278893.36379142466,0.0,29.07922936555147,1.0,1.0,NONE
2023-08-14,9585.75,3.3828,0.9367139959432048,,278746.222890835,0.0,29.07922936555147,1.0,1.0,NONE
2023-08-15,9649.34,3.3576000000000006,0.9330900243309004,,280595.3710861904,0.0,29.07922936555147,1.0,1.0,NONE
2023-08-16,9644.58,3.3761,0.9351438994730442,,280456.9539544104,0.0,29.07922936555147,1.0,1.0,NONE
2023-08-17,9645.46,3.3899,0.9380064829821718,,280482.54367625207,0.0,29.07922936555147,1.0,1.0,NONE
2023-08-18,9603.55,3.401,0.9392466585662212,,279263.8331735418,0.0,29.07922936555147,1.0,1.0,NONE
2023-08-21,9503.45,3.5038000000000005,0.9502024291497976,,276353.00231405016,0.0,29.07922936555147,1.0,1.0,NONE
2023-08-22,9579.32,3.4152,0.9405099150141644,,278559.2434460145,0.0,29.07922936555147,1.0,1.0,NONE
2023-08-23,9552.75,3.4174,0.9405339805825242,,277786.6083217718,0.0,29.07922936555147,1.0,1.0,NONE
2023-08-24,9507.56,3.4607,0.945410432672867,,276472.51794674253,0.0,29.07922936555147,1.0,1.0,NONE
2023-08-25,9530.06,3.3775000000000004,0.9333063864187552,,277126.8006074674,0.0,29.07922936555147,1.0,1.0,NONE
2023-08-28,9661.7,3.2802,0.9204040404040404,,280954.79036114865,0.0,29.07922936555147,1.0,1.0,NONE
2023-08-29,9680.16,3.3542,0.9293214862681743,,281491.5929352367,0.0,29.07922936555147,1.0,1.0,NONE
2023-08-30,9609.79,3.3960000000000004,0.9370205894226888,,279445.2875647829,0.0,29.07922936555147,1.0,1.0,NONE
2023-08-31,9510.7,3.4215,0.940274414850686,,276563.82672695036,0.0,29.07922936555147,1.0,1.0,NONE
2023-09-01,9612.21,3.3601,0.9294070189592578,0.940274414850686,279515.6592998475,0.0,29.07922936555147,1.0,1.0,NONE
2023-09-04,9761.13,3.2526,0.9185483870967742,,283846.1381369654,0.0,29.07922936555147,1.0,1.0,NONE
2023-09-05,9685.22,3.2783,0.9185812172511084,,281638.7338358264,0.0,29.07922936555147,1.0,1.0,NONE
2023-09-06,9683.22,3.2486,0.9178082191780822,,281580.57537709526,0.0,29.07922936555147,1.0,1.0,NONE
2023-09-07,9632.3,3.2628000000000004,0.9182440596053162,,280099.8610178014,0.0,29.07922936555147,1.0,1.0,NONE
2023-09-08,9569.32,3.2941000000000003,0.9206924315619968,,278268.45115235896,0.0,29.07922936555147,1.0,1.0,NONE
2023-09-11,9641.88,3.2906000000000004,0.9199195171026155,,280378.4400351234,0.0,29.07922936555147,1.0,1.0,NONE
2023-09-12,9629.45,3.302,0.9211584875301688,,280016.98521410965,0.0,29.07922936555147,1.0,1.0,NONE
2023-09-13,9656.2,3.2915,0.9199839163650984,,280794.85459963814,0.0,29.07922936555147,1.0,1.0,NONE
2023-09-14,9752.91,3.2282,0.9139871382636656,,283607.1068715806,0.0,29.07922936555147,1.0,1.0,NONE
2023-09-15,9736.65,3.2317,0.914021695460024,,283134.2786020967,0.0,29.07922936555147,1.0,1.0,NONE
2023-09-18,9747.45,3.2223,0.91285140562249,,283448.3342792447,0.0,29.07922936555147,1.0,1.0,NONE
2023-09-19,9812.67,3.1552,0.9096748293857888,,285344.88161846594,0.0,29.07922936555147,1.0,1.0,NONE
2023-09-20,9825.73,3.1294000000000004,0.9065008025682184,,285724.65635398,0.0,29.07922936555147,1.0,1.0,NONE
2023-09-21,9761.72,3.169,0.9097472924187726,,283863.29488229105,0.0,29.07922936555147,1.0,1.0,NONE
2023-09-22,9803.5,3.1054000000000004,0.9045709703287892,,285078.22508518386,0.0,29.07922936555147,1.0,1.0,NONE
2023-09-25,9783.92,3.0911000000000004,0.9038076152304608,,284508.85377420636,0.0,29.07922936555147,1.0,1.0,NONE
2023-09-26,9739.7,3.1193,0.904647435897436,,283222.97025166167,0.0,29.07922936555147,1.0,1.0,NONE
2023-09-27,9706.14,3.1670000000000003,0.9094913896676012,,282247.0713141537,0.0,29.07922936555147,1.0,1.0,NONE
2023-09-28,9707.86,3.1685000000000003,0.909527622097678,,282297.0875886625,0.0,29.07922936555147,1.0,1.0,NONE
2023-10-09,9673.23,3.1605000000000003,0.9087635054021608,0.909527622097678,281290.0738757334,0.0,29.07922936555147,1.0,1.0,NONE
2023-10-10,9577.14,3.1901,0.9104,,278495.8507259976,0.0,29.07922936555147,1.0,1.0,NONE
2023-10-11,9547.35,3.1738000000000004,0.9096361455417832,,277629.5804831978,0.0,29.07922936555147,1.0,1.0,NONE
2023-10-12,9643.99,3.1024,0.902078337330136,,280439.79720908473,0.0,29.07922936555147,1.0,1.0,NONE
2023-10-13,9631.84,3.0593,0.8981222532960448,,280086.4845722933,0.0,29.07922936555147,1.0,1.0,NONE
2023-10-16,9652.52,3.0678999999999994,0.8993610223642172,,280687.8430355729,0.0,29.07922936555147,1.0,1.0,NONE
2023-10-17,9671.29,3.0409999999999995,0.8954091816367266,,281233.6601707643,0.0,29.07922936555147,1.0,1.0,NONE
2023-10-18,9582.14,3.0331,0.8946528332003192,,278641.2468728253,0.0,29.07922936555147,1.0,1.0,NONE
2023-10-19,9422.39,3.1379,0.9062624650977265,,273995.8399816785,0.0,29.07922936555147,1.0,1.0,NONE
2023-10-20,9373.8,3.1861,0.9098883572567784,,272582.88022680633,0.0,29.07922936555147,1.0,1.0,NONE
2023-10-23,9248.27,3.2159000000000004,0.912714228776405,,268932.5645645487,0.0,29.07922936555147,1.0,1.0,NONE
2023-10-24,9318.63,3.2266000000000004,0.9139442231075696,,270978.57914270886,0.0,29.07922936555147,1.0,1.0,NONE
2023-10-25,9401.72,3.2453,0.9159697331740344,,273394.7723106925,0.0,29.07922936555147,1.0,1.0,NONE
2023-10-26,9446.85,3.1786,0.90843949044586,,274707.1179319599,0.0,29.07922936555147,1.0,1.0,NONE
2023-10-27,9484.99,3.1788000000000003,0.9084759251890172,,275816.199739962,0.0,29.07922936555147,1.0,1.0,NONE
2023-10-30,9387.54,3.2672,0.9176610978520288,,272982.42883828905,0.0,29.07922936555147,1.0,1.0,NONE
2023-10-31,9404.89,3.2518,0.9165009940357852,,273486.95346778136,0.0,29.07922936555147,1.0,1.0,NONE
2023-11-01,9393.69,3.2482000000000006,0.9157392686804452,0.9165009940357852,273161.2660988872,0.0,29.07922936555147,1.0,1.0,NONE
2023-11-02,9409.22,3.2454,0.9149781485895908,,273612.8665309342,0.0,29.07922936555147,1.0,1.0,NONE
2023-11-03,9365.18,3.2751,0.9177918983320096,,272332.21726967534,0.0,29.07922936555147,1.0,1.0,NONE
2023-11-06,9350.32,3.3218,0.925367209210004,,271900.0999213032,0.0,29.07922936555147,1.0,1.0,NONE
2023-11-07,9345.81,3.3046000000000006,0.9222222222222224,,271768.95259686455,0.0,29.07922936555147,1.0,1.0,NONE
2023-11-08,9335.42,3.3394000000000004,0.9270130900436336,,271466.8194037565,0.0,29.07922936555147,1.0,1.0,NONE
2023-11-09,9396.68,3.2765000000000004,0.916732751784298,,273248.21299469017,0.0,29.07922936555147,1.0,1.0,NONE
2023-11-10,9362.65,3.295,0.920332936979786,,272258.64681938046,0.0,29.07922936555147,1.0,1.0,NONE
2023-11-13,9379.39,3.3027,0.9211568938193344,,272745.4331189598,0.0,29.07922936555147,1.0,1.0,NONE
2023-11-14,9366.5,3.2935,0.9192079207920792,,272370.60185243783,0.0,29.07922936555147,1.0,1.0,NONE
2023-11-15,9412.12,3.2630000000000003,0.9144893111638956,,273697.19629609433,0.0,29.07922936555147,1.0,1.0,NONE
2023-11-16,9400.39,3.2688,0.9149188761377128,,273356.09693563636,0.0,29.07922936555147,1.0,1.0,NONE
2023-11-17,9376.1,3.2984,0.920490506329114,,272649.76245434716,0.0,29.07922936555147,1.0,1.0,NONE
2023-11-20,9399.75,3.2706000000000004,0.9145907473309608,,273337.4862288424,0.0,29.07922936555147,1.0,1.0,NONE
2023-11-21,9434.58,3.2408,0.9090909090909092,,274350.3157876446,0.0,29.07922936555147,1.0,1.0,NONE
2023-11-22,9405.93,3.2412,0.909126827340972,,273517.19586632156,0.0,29.07922936555147,1.0,1.0,NONE
2023-11-23,9479.59,3.1993,0.9040284360189572,,275659.17190138804,0.0,29.07922936555147,1.0,1.0,NONE
2023-11-24,9485.47,3.1903,0.9028819581523884,,275830.1577700575,0.0,29.07922936555147,1.0,1.0,NONE
2023-11-27,9460.41,3.2027,0.904104183109708,,275101.4322821568,0.0,29.07922936555147,1.0,1.0,NONE
2023-11-28,9459.7,3.2277000000000005,0.9072978303747534,,275080.7860293073,0.0,29.07922936555147,1.0,1.0,NONE
2023-11-29,9393.37,3.2695,0.9144321766561514,,273151.9607454902,0.0,29.07922936555147,1.0,1.0,NONE
2023-11-30,9424.39,3.2463999999999995,0.910524241229799,,274053.9984404096,0.0,29.07922936555147,1.0,1.0,NONE
2023-12-01,9452.64,3.2475,0.9105594956658788,0.910524241229799,274875.48666998645,0.0,29.07922936555147,1.0,1.0,NONE
2023-12-04,9453.61,3.2467,0.9102008664828672,,274903.69352247106,0.0,29.07922936555147,1.0,1.0,NONE
2023-12-05,9331.63,3.3248,0.925984251968504,,271356.609124461,0.0,29.07922936555147,1.0,1.0,NONE
2023-12-06,9327.63,3.3618,0.931129476584022,,271240.29220699886,0.0,29.07922936555147,1.0,1.0,NONE
2023-12-07,9341.74,3.3563,0.9295830055074744,,271650.6001333468,0.0,29.07922936555147,1.0,1.0,NONE
2023-12-08,9339.98,3.3539,0.9288242233582384,,271599.4206896634,0.0,29.07922936555147,1.0,1.0,NONE
2023-12-11,9482.88,3.6398,0.9693396226415094,,275754.8425660007,0.0,29.07922936555147,1.0,1.0,NONE
2023-12-12,9555.07,3.5756,0.9607072691552064,,277854.0721338999,0.0,29.07922936555147,1.0,1.0,NONE
2023-12-13,9476.14,3.6401,0.969756480754124,,275558.8485600769,0.0,29.07922936555147,1.0,1.0,NONE
2023-12-14,9467.5,3.6384,0.9685904986258344,,275307.6040183585,0.0,29.07922936555147,1.0,1.0,NONE
2023-12-15,9411.61,3.6997,0.9835164835164836,,273682.3658891179,0.0,29.07922936555147,1.0,1.0,NONE
2023-12-18,9390.58,3.6729,0.9764613573950568,,273070.82969556033,0.0,29.07922936555147,1.0,1.0,NONE
2023-12-19,9374.21,3.6664,0.9745098039215686,,272594.80271084624,0.0,29.07922936555147,1.0,1.0,NONE
2023-12-20,9332.25,3.6729,0.9764798118384947,,271374.6382466677,0.0,29.07922936555147,1.0,1.0,NONE
2023-12-21,9322.96,3.7102,0.9839341692789968,,271104.4922058617,0.0,29.07922936555147,1.0,1.0,NONE
2023-12-22,9301.53,3.682,0.9784567175871524,,270481.324320558,0.0,29.07922936555147,1.0,1.0,NONE
2023-12-25,9316.1,3.6687,0.9737666405638216,,270905.00869241403,0.0,29.07922936555147,1.0,1.0,NONE
2023-12-26,9261.17,3.6592,0.971037181996086,,269307.6866233643,0.0,29.07922936555147,1.0,1.0,NONE
2023-12-27,9314.36,3.6399,0.9663536776212832,,270854.410833318,0.0,29.07922936555147,1.0,1.0,NONE
2023-12-28,9302.43,3.6604,0.9714509190457568,,270507.49562698696,0.0,29.07922936555147,1.0,1.0,NONE
2023-12-29,9351.11,3.6443,0.967161845191556,,271923.072512502,0.0,29.07922936555147,1.0,1.0,NONE
2024-01-02,9447.69,3.6088,0.958968347010551,0.967161845191556,274731.54448462697,0.0,29.07922936555147,1.0,1.0,NONE
2024-01-03,9547.77,3.5451,0.951953125,,277641.79375953134,0.0,29.07922936555147,1.0,1.0,NONE
2024-01-04,9589.12,3.5094,0.9465052713783678,,278844.21989379695,0.0,29.07922936555147,1.0,1.0,NONE
2024-01-05,9594.93,3.5231000000000003,0.9480874316939892,,279013.17021641077,0.0,29.07922936555147,1.0,1.0,NONE
2024-01-08,9494.78,3.5562,0.9520093640265314,,276100.8853954508,0.0,29.07922936555147,1.0,1.0,NONE
2024-01-09,9548.19,3.5683,0.9543681747269892,,277654.0070358649,0.0,29.07922936555147,1.0,1.0,NONE
2024-01-10,9495.72,3.5983,0.9586744639376218,,276128.2198710544,0.0,29.07922936555147,1.0,1.0,NONE
2024-01-11,9446.91,3.6731,0.9758378799688232,,274708.86268572183,0.0,29.07922936555147,1.0,1.0,NONE
2024-01-12,9469.18,3.6173,0.9598753408648228,,275356.4571236927,0.0,29.07922936555147,1.0,1.0,NONE
2024-01-15,9516.41,3.5722,0.9536604361370716,,276729.86912662763,0.0,29.07922936555147,1.0,1.0,NONE
2024-01-16,9549.59,3.5349000000000004,0.9482288828337876,,277694.7179569767,0.0,29.07922936555147,1.0,1.0,NONE
2024-01-17,9415.91,3.6242,0.9610894941634242,,273807.40657538973,0.0,29.07922936555147,1.0,1.0,NONE
2024-01-18,9354.19,3.6335,0.9634383508362504,,272012.63653894793,0.0,29.07922936555147,1.0,1.0,NONE
2024-01-19,9299.2,3.6585,0.9700622083981336,,270413.56971613626,0.0,29.07922936555147,1.0,1.0,NONE
2024-01-22,8991.75,3.7365,0.9867858530897784,,261473.16064769743,0.0,29.07922936555147,1.0,1.0,NONE
2024-01-23,9099.46,3.7061,0.9829059829059827,,264605.2844426609,0.0,29.07922936555147,1.0,1.0,NONE
2024-01-24,9301.79,3.5566000000000004,0.9483495145631068,,270488.88492019306,0.0,29.07922936555147,1.0,1.0,NONE
2024-01-25,9569.8,3.3866,0.9246894409937888,,278282.40918245446,0.0,29.07922936555147,1.0,1.0,NONE
2024-01-26,9694.95,3.2713,0.9018238261544432,,281921.6747375532,0.0,29.07922936555147,1.0,1.0,NONE
2024-01-29,9720.93,3.2408,0.8937160589604345,,282677.15311647026,0.0,29.07922936555147,1.0,1.0,NONE
2024-01-30,9593.1,3.3178,0.9115936409461032,,278959.9552266718,0.0,29.07922936555147,1.0,1.0,NONE
2024-01-31,9557.47,3.3154000000000003,0.9108527131782944,,277923.86228437716,0.0,29.07922936555147,1.0,1.0,NONE
2024-02-01,9462.35,3.3766000000000003,0.9217357613328168,0.9108527131782944,275157.84598712594,0.0,29.07922936555147,1.0,1.0,NONE
2024-02-02,9454.85,3.3552000000000004,0.91711851278079,,274939.75176688435,0.0,29.07922936555147,1.0,1.0,NONE
2024-02-05,9447.09,3.2851,0.902439024390244,,274714.09694700764,0.0,29.07922936555147,1.0,1.0,NONE
2024-02-06,9670.02,3.2045,0.8869969040247678,,281196.72954947,0.0,29.07922936555147,1.0,1.0,NONE
2024-02-07,9860.37,3.2354,0.8916827852998066,,286731.9608592028,0.0,29.07922936555147,1.0,1.0,NONE
2024-02-08,9874.46,3.2541,0.8975251353441609,,287141.6872009633,0.0,29.07922936555147,1.0,1.0,NONE
2024-02-19,10071.54,3.093,0.8739853111712408,,292872.6217243263,0.0,29.07922936555147,1.0,1.0,NONE
2024-02-20,10186.98,3.0657,0.8705564142194745,,296229.5279622855,0.0,29.07922936555147,1.0,1.0,NONE
2024-02-21,10189.36,3.0328,0.865971417535728,,296298.73652817553,0.0,29.07922936555147,1.0,1.0,NONE
2024-02-22,10338.0,2.9568,0.862934362934363,,300621.0731810711,0.0,29.07922936555147,1.0,1.0,NONE
2024-02-23,10301.44,2.9578999999999995,0.8629872636047858,,299557.93655546656,0.0,29.07922936555147,1.0,1.0,NONE
2024-02-26,10120.11,3.1128,0.875,,294284.99989461113,0.0,29.07922936555147,1.0,1.0,NONE
2024-02-27,10173.24,3.0557000000000003,0.8677207867335133,,295829.97935080284,0.0,29.07922936555147,1.0,1.0,NONE
2024-02-28,10078.09,3.107,0.8747108712413262,,293063.0906766706,0.0,29.07922936555147,1.0,1.0,NONE
2024-02-29,10194.19,3.0897,0.8724470134874759,,296439.1892060111,0.0,29.07922936555147,1.0,1.0,NONE
2024-03-01,10194.61,3.0596,0.8686440677966102,0.8724470134874759,296451.40248234465,59290.28049646894,23.263383492441175,0.8,0.8,SELL
2024-03-04,10242.65,3.0407,0.8652291105121294,,297568.9754253215,59290.28049646894,23.263383492441175,0.8,0.8007511353906297,NONE
2024-03-05,10298.0,3.0035000000000003,0.8629715165511932,,298856.60370162816,59290.28049646894,23.263383492441175,0.8,0.8016096021901425,NONE
2024-03-06,10295.12,3.0974,0.8737976144671027,,298789.60515717,59290.28049646894,23.263383492441175,0.8,0.8015651164796012,NONE
2024-03-07,10344.42,3.0514,0.8657692307692307,,299936.4899633473,59290.28049646894,23.263383492441175,0.8,0.802323883620448,NONE
2024-03-08,10401.64,3.0413,0.8650519031141869,,301267.62076678476,59290.28049646894,23.263383492441175,0.8,0.8031973023003148,NONE
2024-03-11,10323.12,3.0684,0.8704842428900845,,299440.9798949583,59290.28049646894,23.263383492441175,0.8,0.8019967723947886,NONE
2024-03-12,10128.59,3.1635,0.8812908182865924,,294915.5539041737,59290.28049646894,23.263383492441175,0.8,0.7989584485742858,NONE
2024-03-13,10085.95,3.2063,0.8874807987711214,,293923.603232056,59290.28049646894,23.263383492441175,0.8,0.798279961716247,NONE
2024-03-14,10112.87,3.1732,0.8821497120921306,,294549.85351567256,59290.28049646894,23.263383492441175,0.8,0.7987088440588405,NONE
2024-03-15,10112.44,3.193,0.885264773599386,,294539.85026077076,59290.28049646894,23.263383492441175,0.8,0.7987020077453822,NONE
2024-03-18,10088.32,3.2387999999999995,0.8922132719601074,,293978.7374509331,59290.28049646894,23.263383492441175,0.8,0.7983177932847444,NONE
2024-03-19,10051.66,3.2729,0.9010736196319018,,293125.9018121002,59290.28049646894,23.263383492441175,0.8,0.7977310086555393,NONE
2024-03-20,10090.99,3.1979,0.8850134151015715,,294040.8506848579,59290.28049646894,23.263383492441175,0.8,0.7983603966646998,NONE
2024-03-21,10103.45,3.1943,0.8842911877394636,,294330.71244317375,59290.28049646894,23.263383492441175,0.8,0.7985589746842471,NONE
2024-03-22,10069.38,3.1791000000000005,0.8816545384909996,,293538.1289675862,59290.28049646894,23.263383492441175,0.8,0.7980150629664332,NONE
2024-03-25,10078.1,3.1305,0.8744257274119449,,293740.9856716404,59290.28049646894,23.263383492441175,0.8,0.7981545531996449,NONE
2024-03-26,10071.31,3.125,0.8733256792958285,,293583.02729772666,59290.28049646894,23.263383492441175,0.8,0.7980459529891629,NONE
2024-03-27,10037.3,3.1366,0.8760520275439939,,292791.83962514874,59290.28049646894,23.263383492441175,0.8,0.7975002289258599,NONE
2024-03-28,10027.81,3.1691000000000003,0.8799235181644359,,292571.0701158055,59290.28049646894,23.263383492441175,0.8,0.7973474257964033,NONE
2024-03-29,10131.5,3.096,0.8692660550458715,,294983.2503501367,59290.28049646894,23.263383492441175,0.8,0.7990045861041497,NONE
2024-04-01,10161.82,3.0781000000000005,0.8662590752770347,0.8692660550458715,295688.5961376275,59137.71922752552,23.278396675999183,0.8,0.8,BUY
2024-04-02,10199.6,3.0384,0.8586707410236822,,296568.05396404676,59137.71922752552,23.278396675999183,0.8,0.8005930900612281,NONE
2024-04-03,10300.51,3.0214000000000003,0.8571974035891562,,298917.07697262184,59137.71922752552,23.278396675999183,0.8,0.8021601180285127,NONE
2024-04-08,10283.88,2.9865,0.8553435114503817,,298529.9572359,59137.71922752552,23.278396675999183,0.8,0.8019035684891263,NONE
2024-04-09,10246.41,3.0407,0.8592140404425792,,297657.7157124503,59137.71922752552,23.278396675999183,0.8,0.8013230764538453,NONE
2024-04-10,10270.24,2.9969,0.855072463768116,,298212.4399052394,59137.71922752552,23.278396675999183,0.8,0.801692648213075,NONE
2024-04-11,10360.67,2.9979,0.8551277163553184,,300317.50531665,59137.71922752552,23.278396675999183,0.8,0.8030826768983325,NONE
2024-04-12,10325.68,3.02,0.8567073170731707,,299502.9942169568,59137.71922752552,23.278396675999183,0.8,0.8025471518836076,NONE
2024-04-15,10516.63,2.8925,0.8453333333333334,,303948.0040622388,59137.71922752552,23.278396675999183,0.8,0.8054347505587962,NONE
2024-04-16,10481.76,2.8657,0.8438690022848438,,303136.2863701467,59137.71922752552,23.278396675999183,0.8,0.8049137569914181,NONE
2024-04-17,10674.41,2.8277,0.8412637990102779,,307620.86948977795,59137.71922752552,23.278396675999183,0.8,0.8077577788346684,NONE
2024-04-18,10720.27,2.8344,0.8420852359208524,,308688.4167613393,59137.71922752552,23.278396675999183,0.8,0.8084226164104903,NONE
2024-04-19,10752.01,2.8019000000000003,0.8402434385697984,,309427.2730718355,59137.71922752552,23.278396675999183,0.8,0.8088800685200223,NONE
2024-04-22,10533.83,2.9007,0.8456273764258555,,304348.39248506597,59137.71922752552,23.278396675999183,0.8,0.8056907127234874,NONE
2024-04-23,10358.59,2.9689,0.8540478905359179,,300269.08625156386,59137.71922752552,23.278396675999183,0.8,0.8030509235373626,NONE
2024-04-24,10373.45,2.9206,0.8472644376899696,,300615.00322616927,59137.71922752552,23.278396675999183,0.8,0.8032775523747464,NONE
2024-04-25,10425.35,2.8974999999999995,0.8446638815039879,,301823.1520136536,59137.71922752552,23.278396675999183,0.8,0.8040650002063119,NONE
2024-04-26,10360.12,2.8840000000000003,0.8439635535307517,,300304.70219847816,59137.71922752552,23.278396675999183,0.8,0.8030742815727206,NONE
2024-04-29,10350.81,2.8742,0.8436432637571157,,300087.9803254246,59137.71922752552,23.278396675999183,0.8,0.8029320629123674,NONE
2024-04-30,10369.98,2.9113,0.8467374810318664,,300534.2271897035,59137.71922752552,23.278396675999183,0.8,0.8032246783319075,NONE
2024-05-06,10473.04,2.9087,0.8464163822525598,0.8467374810318664,302933.298751132,60586.65975022642,23.14004711152689,0.8,0.8,SELL
2024-05-07,10477.15,2.9087,0.846095526914329,,303028.40434476035,60586.65975022642,23.14004711152689,0.8,0.8000627700850909,NONE
2024-05-08,10489.69,2.8668,0.8412277377794619,,303318.58053553896,60586.65975022642,23.14004711152689,0.8,0.8002540443013589,NONE
2024-05-09,10564.32,2.8504,0.8401515151515152,,305045.52225147217,60586.65975022642,23.14004711152689,0.8,0.8013848578957988,NONE
2024-05-10,10621.45,2.8319,0.8383188186293071,,306367.51314295374,60586.65975022642,23.14004711152689,0.8,0.8022418920051873,NONE
2024-05-13,10651.39,2.8486,0.839894019682059,,307060.32615347276,60586.65975022642,23.14004711152689,0.8,0.8026880889850146,NONE
2024-05-14,10620.82,2.8816,0.8429814604615967,,306352.93491327344,60586.65975022642,23.14004711152689,0.8,0.8022324814110949,NONE
2024-05-15,10613.67,2.8865000000000003,0.8434190620272315,,306187.48357642605,60586.65975022642,23.14004711152689,0.8,0.802125615839866,NONE
2024-05-16,10639.21,2.854,0.8396975425330813,,306778.48037965444,60586.65975022642,23.14004711152689,0.8,0.8025068131400636,NONE
2024-05-17,10749.0,2.8019000000000003,0.8352229780801209,,309319.02615202894,60586.65975022642,23.14004711152689,0.8,0.8041288940291429,NONE
2024-05-20,10849.78,2.7532,0.831129580657348,,311651.08009992866,60586.65975022642,23.14004711152689,0.8,0.8055945779786813,NONE
2024-05-21,10887.32,2.7263,0.8281722054380665,,312519.75746849534,60586.65975022642,23.14004711152689,0.8,0.8061349457039237,NONE
2024-05-22,10882.77,2.712,0.8244620611551529,,312414.4702541379,60586.65975022642,23.14004711152689,0.8,0.806069610985236,NONE
2024-05-23,10744.68,2.7636,0.8324528301886792,,309219.0611485072,60586.65975022642,23.14004711152689,0.8,0.8040655723964936,NONE
2024-05-24,10719.19,2.7804999999999995,0.8344021124104112,,308629.22134763433,60586.65975022642,23.14004711152689,0.8,0.8036911103696733,NONE
2024-05-27,10873.93,2.714700000000001,0.8254147812971342,,312209.912237672,60586.65975022642,23.14004711152689,0.8,0.8059425489857465,NONE
2024-05-28,10822.26,2.7085000000000004,0.8224651338107802,,311014.2660034194,60586.65975022642,23.14004711152689,0.8,0.8051965251344442,NONE
2024-05-29,10846.36,2.7249000000000003,0.827430293896006,,311571.9411388072,60586.65975022642,23.14004711152689,0.8,0.8055451991961153,NONE
2024-05-30,10758.38,2.7888,0.8346516007532957,,309536.07979393506,60586.65975022642,23.14004711152689,0.8,0.8042662432419501,NONE
2024-05-31,10767.35,2.7871,0.8343373493975904,,309743.64601652545,60586.65975022642,23.14004711152689,0.8,0.8043974088592153,NONE
2024-06-03,10701.46,2.7752000000000003,0.8328942416258939,0.8343373493975904,308218.94831234694,61643.78966246938,23.041263402365434,0.8,0.8000000000000002,SELL
2024-06-04,10756.03,2.7836,0.8340857787810384,,309476.3100562141,61643.78966246938,23.041263402365434,0.8,0.8008125738242379,NONE
2024-06-05,10619.03,2.8162000000000003,0.836404663407296,,306319.65697009,61643.78966246938,23.041263402365434,0.8,0.79875992852627,NONE
2024-06-06,10651.9,2.8153,0.8360902255639098,,307077.0232981257,61643.78966246938,23.041263402365434,0.8,0.799256261506018,NONE
2024-06-07,10735.63,2.829,0.8372792183389703,,309006.2682828058,61643.78966246938,23.041263402365434,0.8,0.8005095818766617,NONE
2024-06-11,10557.18,2.7914,0.8339594290007513,,304894.5548286537,61643.78966246938,23.041263402365434,0.8,0.7978193159365792,NONE
2024-06-12,10680.15,2.7723000000000004,0.8306421329327826,,307727.93898924254,61643.78966246938,23.041263402365434,0.8,0.7996808808945219,NONE
2024-06-13,10565.23,2.7942000000000005,0.8340840840840841,,305080.0369990427,61643.78966246938,23.041263402365434,0.8,0.7979422374900826,NONE
2024-06-14,10570.88,2.832,0.8382739212007505,,305210.2201372661,61643.78966246938,23.041263402365434,0.8,0.798028422394422,NONE
2024-06-17,10435.98,2.8114000000000003,0.8353338334583645,,302101.953704287,61643.78966246938,23.041263402365434,0.8,0.795950377325896,NONE
2024-06-18,10474.26,2.7983,0.8338957630296213,,302983.97326732957,61643.78966246938,23.041263402365434,0.8,0.796544388147951,NONE
2024-06-19,10443.66,2.619,0.8009745127436282,,302278.91060721717,61643.78966246938,23.041263402365434,0.8,0.7960698298844617,NONE
2024-06-20,10421.25,2.5581,0.793555638816036,,301762.5558943702,61643.78966246938,23.041263402365434,0.8,0.7957208790210295,NONE
2024-06-21,10425.87,2.353,0.7816479400749063,,301869.0065312891,61643.78966246938,23.041263402365434,0.8,0.7957929157060385,NONE
2024-06-24,10301.08,2.3966000000000003,0.7832272557094722,,298993.6872713079,61643.78966246938,23.041263402365434,0.8,0.7938291265442886,NONE
2024-06-25,10334.14,2.416,0.7840568862275449,,299755.43143939006,61643.78966246938,23.041263402365434,0.8,0.7943530518647713,NONE
2024-06-26,10375.83,2.4081,0.7837635615413393,,300716.0217106347,61643.78966246938,23.041263402365434,0.8,0.7950099588581736,NONE
2024-06-27,10323.24,2.4246,0.7842183994016455,,299504.28166830435,61643.78966246938,23.041263402365434,0.8,0.7941806063035225,NONE
2024-06-28,10382.42,2.3022,0.7790654205607477,,300867.8636364563,61643.78966246938,23.041263402365434,0.8,0.7951134131860802,NONE
2024-07-01,10608.55,2.1238,0.7507473841554559,0.7790654205607477,306078.18452963314,122431.27381185329,17.31121696346625,0.6,0.6,SELL
2024-07-02,10595.02,2.0832,0.7474785207321629,,305843.96376411745,122431.27381185329,17.31121696346625,0.6,0.5996936728616343,NONE
2024-07-03,10511.83,2.1143000000000005,0.7501867064973861,,304403.84362492675,122431.27381185329,17.31121696346625,0.6,0.5977998426238408,NONE
2024-07-04,10446.72,2.0935,0.7487868607689436,,303276.71028843545,122431.27381185329,17.31121696346625,0.6,0.596305058520935,NONE
2024-07-05,10417.53,1.8115,0.7164179104477612,,302771.39586527186,122431.27381185329,17.31121696346625,0.6,0.595631306378978,NONE
2024-07-08,10361.68,1.962,0.7306975009324879,,301804.5643978623,122431.27381185329,17.31121696346625,0.6,0.5943359105382685,NONE
2024-07-09,10478.07,2.1253,0.7513049962714392,,303819.4169402401,122431.27381185329,17.31121696346625,0.6,0.5970261708588067,NONE
2024-07-10,10288.98,2.2429,0.7730152814014163,,300546.0389246183,122431.27381185329,17.31121696346625,0.6,0.5926372070983741,NONE
2024-07-11,10321.36,2.2604,0.7749627421758569,,301106.5761298953,122431.27381185329,17.31121696346625,0.6,0.5933955498898262,NONE
2024-07-12,10312.1,2.4009,0.7836126629422718,,300946.2742608136,122431.27381185329,17.31121696346625,0.6,0.593178968197663,NONE
2024-07-15,10402.19,2.3165,0.779970215934475,,302505.8417970523,122431.27381185329,17.31121696346625,0.6,0.5952763322369456,NONE
2024-07-16,10352.78,2.5445,0.7938221064384071,,301650.49456688744,122431.27381185329,17.31121696346625,0.6,0.59412871512894,NONE
2024-07-17,10295.18,2.5938000000000003,0.7991071428571429,,300653.3684697918,122431.27381185329,17.31121696346625,0.6,0.592782630592231,NONE
2024-07-18,10320.76,2.5877000000000003,0.7980661956117516,,301096.18939971726,122431.27381185329,17.31121696346625,0.6,0.5933815235060286,NONE
2024-07-19,10254.52,2.56,0.7947955390334572,,299949.49438805727,122431.27381185329,17.31121696346625,0.6,0.5918270372096083,NONE
2024-07-22,10159.8,2.6257,0.8030471943515421,,298309.7759172777,122431.27381185329,17.31121696346625,0.6,0.589583434081611,NONE
2024-07-23,10033.72,2.6226,0.8027488855869243,,296127.17768252385,122431.27381185329,17.31121696346625,0.6,0.5865584686620318,NONE
2024-07-24,10017.89,2.657,0.8076494615670257,,295853.1411179922,122431.27381185329,17.31121696346625,0.6,0.5861755148206277,NONE
2024-07-25,9993.86,2.7308000000000003,0.8262806236080178,,295437.15257436014,122431.27381185329,17.31121696346625,0.6,0.5855928316901919,NONE
2024-07-26,10000.62,2.8303000000000003,0.8389610389610389,,295554.1764010332,122431.27381185329,17.31121696346625,0.6,0.5857569150174076,NONE
2024-07-29,10010.11,2.8208,0.8375370919881305,,295718.45985001646,122431.27381185329,17.31121696346625,0.6,0.585987043642969,NONE
2024-07-30,9950.11,2.9199999999999995,0.8505747126436781,,294679.7868322085,122431.27381185329,17.31121696346625,0.6,0.5845277508580321,NONE
2024-07-31,10107.48,2.9263000000000003,0.8517420311341735,,297404.05304574914,122431.27381185329,17.31121696346625,0.6,0.5883335396474241,NONE
2024-08-01,10089.66,2.9282,0.8525379770285291,0.8517420311341735,297095.56715946016,59419.11343189204,23.55643834654172,0.8,0.8,BUY
2024-08-02,10063.88,2.9486,0.8540740740740741,,296488.28217888635,59419.11343189204,23.55643834654172,0.8,0.7995903480730429,NONE
2024-08-05,9947.9,3.0076,0.8600518326545724,,293756.2064594544,59419.11343189204,23.55643834654172,0.8,0.7977264407514967,NONE
2024-08-06,9916.67,3.0349000000000004,0.8619541080680977,,293020.53888989193,59419.11343189204,23.55643834654172,0.8,0.7972186057093428,NONE
2024-08-07,9943.44,3.0192,0.8601553829078802,,293651.14474442886,59419.11343189204,23.55643834654172,0.8,0.7976540718627002,NONE
2024-08-08,9990.02,2.9719999999999995,0.8568786982248521,,294748.40364261076,59419.11343189204,23.55643834654172,0.8,0.7984073443738169,NONE
2024-08-09,9948.16,2.8839,0.8432532347504621,,293762.33113342454,59419.11343189204,23.55643834654172,0.8,0.7977306579688587,NONE
2024-08-12,10003.68,2.8122,0.8337028824833703,,295070.1845904245,59419.11343189204,23.55643834654172,0.8,0.7986271858867429,NONE
2024-08-13,10018.91,2.8173,0.8345031400073882,,295428.94914644235,59419.11343189204,23.55643834654172,0.8,0.7988717300604202,NONE
2024-08-14,9977.7,2.8502,0.8393648449039882,,294458.18832218135,59419.11343189204,23.55643834654172,0.8,0.7982086564803604,NONE
2024-08-15,10067.07,2.7935,0.8301956441491325,,296563.4272172118,59419.11343189204,23.55643834654172,0.8,0.7996411290851055,NONE
2024-08-16,10067.7,2.7577,0.8243542435424355,,296578.26777337014,59419.11343189204,23.55643834654172,0.8,0.7996511548941372,NONE
2024-08-19,10152.59,2.709,0.8148284765769089,,298577.973824608,59419.11343189204,23.55643834654172,0.8,0.8009929779120404,NONE
2024-08-20,10035.84,2.7358,0.8222713864306784,,295827.7596476493,59419.11343189204,23.55643834654172,0.8,0.799142874547459,NONE
2024-08-21,9956.95,2.7645,0.825654257279764,,293969.39222649066,59419.11343189204,23.55643834654172,0.8,0.7978731289612893,NONE
2024-08-22,9941.22,2.7364,0.8220338983050848,,293598.8494512995,59419.11343189204,23.55643834654172,0.8,0.797618030373964,NONE
2024-08-23,9951.57,2.7218,0.8184162062615101,,293842.65858818626,59419.11343189204,23.55643834654172,0.8,0.7977859521235595,NONE
2024-08-26,9940.36,2.6572000000000005,0.801178203240059,,293578.5909143215,59419.11343189204,23.55643834654172,0.8,0.797604064905288,NONE
2024-08-27,9938.47,2.5746,0.7887375782112624,,293534.06924584653,59419.11343189204,23.55643834654172,0.8,0.797573366578698,NONE
2024-08-28,9896.1,2.7419,0.8226637233259749,,292535.9829531036,59419.11343189204,23.55643834654172,0.8,0.7968827190690674,NONE
2024-08-29,9752.64,2.8902,0.8447958808385436,,289156.5763079087,59419.11343189204,23.55643834654172,0.8,0.794508863707739,NONE
2024-08-30,9786.65,2.9501,0.8540441176470588,,289957.7307760746,59419.11343189204,23.55643834654172,0.8,0.7950766366088732,NONE
2024-09-02,9822.66,2.9263,0.8500551267916208,0.8540441176470588,290805.99812093354,58161.1996241867,23.684500786624685,0.8,0.8,BUY
2024-09-03,9752.38,3.0515,0.8659074210139603,,289141.45140564954,58161.1996241867,23.684500786624685,0.8,0.7988486280972916,NONE
2024-09-04,9739.71,3.1075000000000004,0.8758721997796548,,288841.368780683,58161.1996241867,23.684500786624685,0.8,0.7986396482272992,NONE
2024-09-05,9746.08,3.1445,0.881424375917768,,288992.2390506938,58161.1996241867,23.684500786624685,0.8,0.798744769703022,NONE
2024-09-06,9652.05,3.1561000000000003,0.8825688073394495,,286765.1854417275,58161.1996241867,23.684500786624685,0.8,0.7971817968956156,NONE
2024-09-09,9489.07,3.2437,0.8983859134262656,,282905.08550352335,58161.1996241867,23.684500786624685,0.8,0.7944144428486694,NONE
2024-09-10,9497.0,3.2086,0.8914558122478915,,283092.90359476133,58161.1996241867,23.684500786624685,0.8,0.7945508386623402,NONE
2024-09-11,9315.21,3.3539000000000003,0.9208211143695014,,278787.2981967608,58161.1996241867,23.684500786624685,0.8,0.7913778712287745,NONE
2024-09-12,9342.7,3.3306,0.917552216929278,,279438.3851233852,58161.1996241867,23.684500786624685,0.8,0.791863957421219,NONE
2024-09-13,9305.49,3.3761,0.9256410256410256,,278557.0848491149,58161.1996241867,23.684500786624685,0.8,0.7912054555866324,NONE
2024-09-18,9412.29,3.3262000000000005,0.916147931160747,,281086.5895331264,58161.1996241867,23.684500786624685,0.8,0.7930844024939427,NONE
2024-09-19,9444.54,3.3519,0.9194729136163984,,281850.41468349507,58161.1996241867,23.684500786624685,0.8,0.7936451514910877,NONE
2024-09-20,9435.54,3.3298,0.9165751920965972,,281637.2541764154,58161.1996241867,23.684500786624685,0.8,0.7934889693685376,NONE
2024-09-23,9535.88,3.2661,0.9012435991221652,,284013.7569853453,58161.1996241867,23.684500786624685,0.8,0.7952169632853815,NONE
2024-09-24,9966.39,3.0204000000000004,0.8574040219378428,,294210.1714189951,58161.1996241867,23.684500786624685,0.8,0.8023141098634646,NONE
2024-09-25,10104.8,2.999,0.85453216374269,,297488.3431728718,58161.1996241867,23.684500786624685,0.8,0.8044925088362572,NONE
2024-09-26,10471.96,2.8409,0.8330288637194008,,306184.3444816889,58161.1996241867,23.684500786624685,0.8,0.8100451552392648,NONE
2024-09-27,10624.35,2.7922,0.8246895544192842,,309793.6255565627,58161.1996241867,23.684500786624685,0.8,0.8122582428231161,NONE
2024-09-30,11305.54,2.5853999999999995,0.7842278203723987,,325927.27064740355,58161.1996241867,23.684500786624685,0.8,0.821551601040752,NONE
2024-10-08,11413.34,2.5151000000000003,0.7751824817518248,0.7842278203723987,328480.4598322017,131392.18393288067,17.268238385899398,0.6,0.6000000000000001,SELL
2024-10-09,10540.9,2.8088999999999995,0.8274352426121854,,313414.95793480764,131392.18393288067,17.268238385899398,0.6,0.5807724532400553,NONE
2024-10-10,10868.04,2.6594,0.7950401167031363,,319064.0894403708,131392.18393288067,17.268238385899398,0.6,0.588195010716064,NONE
2024-10-11,10677.37,2.7038,0.8056872037914692,,315771.5544273313,131392.18393288067,17.268238385899398,0.6,0.5839011396350522,NONE
2024-10-14,10957.84,2.5926,0.7846209912536443,,320614.7772474245,131392.18393288067,17.268238385899398,0.6,0.5901867497782773,NONE
2024-10-15,10715.16,2.7226,0.8127504553734062,,316424.12115593447,131392.18393288067,17.268238385899398,0.6,0.5847592672363612,NONE
2024-10-16,10862.8,2.6594,0.7946103423160962,,318973.60387122864,131392.18393288067,17.268238385899398,0.6,0.5880781909906112,NONE
2024-10-17,10681.45,2.7493000000000003,0.8176192209683291,,315842.0088399458,131392.18393288067,17.268238385899398,0.6,0.5839939581961557,NONE
2024-10-18,10774.78,2.7044000000000006,0.8056768558951966,,317453.6535285018,131392.18393288067,17.268238385899398,0.6,0.5861059324016129,NONE
2024-10-21,10705.16,2.7672,0.8206620589305202,,316251.43877207546,131392.18393288067,17.268238385899398,0.6,0.5845325338501435,NONE
2024-10-22,10774.48,2.7309,0.8141818181818182,,317448.473056986,131392.18393288067,17.268238385899398,0.6,0.5860991780253606,NONE
2024-10-23,10793.85,2.7261,0.8124318429661941,,317782.9588345209,131392.18393288067,17.268238385899398,0.6,0.5865348336651982,NONE
2024-10-24,10741.66,2.7463,0.8164970930232558,,316881.7294731608,131392.18393288067,17.268238385899398,0.6,0.5853589156076311,NONE
2024-10-25,10752.51,2.7894,0.8245550308754086,,317069.0898596478,131392.18393288067,17.268238385899398,0.6,0.5856039325970183,NONE
2024-10-28,10859.35,2.7896,0.8246187363834423,,318914.0284487973,131392.18393288067,17.268238385899398,0.6,0.5880012410492751,NONE
2024-10-29,10693.53,2.8253,0.8304900181488203,,316050.6091596475,131392.18393288067,17.268238385899398,0.6,0.5842685312892082,NONE
2024-10-30,10601.29,2.8781,0.8388969521044993,,314457.7868509321,131392.18393288067,17.268238385899398,0.6,0.5821627276313346,NONE
2024-10-31,10561.22,2.9046,0.8422198041349293,,313765.8485388091,131392.18393288067,17.268238385899398,0.6,0.5812412837637777,NONE
2024-11-01,10647.12,2.8729,0.8375634517766497,0.8422198041349293,315249.1902161579,63049.838043231575,23.6870958693925,0.8,0.8,BUY
2024-11-04,10738.75,2.8855,0.8397970279086625,,317419.6388106703,63049.838043231575,23.6870958693925,0.8,0.8013675578503239,NONE
2024-11-05,10876.5,2.8636,0.8355072463768116,,320682.5362666791,63049.838043231575,23.6870958693925,0.8,0.8033886136200462,NONE
2024-11-06,10836.66,2.8876,0.8402752625860196,,319738.8423672425,63049.838043231575,23.6870958693925,0.8,0.8028083245174997,NONE
2024-11-07,11053.18,2.8193,0.8280231716147719,,324867.5723648834,63049.838043231575,23.6870958693925,0.8,0.8059214171969878,NONE
2024-11-08,10903.07,2.8774,0.8378574013753167,,321311.90240392886,63049.838043231575,23.6870958693925,0.8,0.8037737239998968,NONE
2024-11-11,10826.19,2.9725,0.8545586107091172,,319490.83847349,63049.838043231575,23.6870958693925,0.8,0.8026552550161365,NONE
2024-11-12,10769.55,3.0346,0.8600361663652802,,318149.2013634476,63049.838043231575,23.6870958693925,0.8,0.8018230510306871,NONE
2024-11-13,10815.78,3.0254000000000003,0.8590021691973969,,319244.2558054896,63049.838043231575,23.6870958693925,0.8,0.8025028269211935,NONE
2024-11-14,10676.15,3.0413,0.8623057462956271,,315936.8266092463,63049.838043231575,23.6870958693925,0.8,0.800435299930349,NONE
2024-11-15,10644.01,3.0367999999999995,0.8601878612716763,,315175.5233480041,63049.838043231575,23.6870958693925,0.8,0.7999532534332797,NONE
2024-11-18,10819.61,2.9189,0.8436258577103648,,319334.97738266934,63049.838043231575,23.6870958693925,0.8,0.8025589349466191,NONE
2024-11-19,10828.58,2.9588,0.8509025270758123,,319547.4506326178,63049.838043231575,23.6870958693925,0.8,0.8026902173107315,NONE
2024-11-20,10860.89,2.9508,0.8491519307109346,,320312.78070015786,63049.838043231575,23.6870958693925,0.8,0.8031616537266678,NONE
2024-11-21,10851.72,2.971,0.8528138528138528,,320095.5700310356,63049.838043231575,23.6870958693925,0.8,0.8030280830280829,NONE
2024-11-22,10557.44,3.0762,0.8690948431301839,,313124.9314585908,63049.838043231575,23.6870958693925,0.8,0.7986431877221197,NONE
2024-11-25,10573.89,3.0817,0.8695025234318673,,313514.5841856422,63049.838043231575,23.6870958693925,0.8,0.7988934447595022,NONE
2024-11-26,10577.91,3.0517,0.8634234234234234,,313609.80631103716,63049.838043231575,23.6870958693925,0.8,0.7989545072429944,NONE
2024-11-27,10692.78,3.0152,0.8555475504322767,,316330.74301355437,63049.838043231575,23.6870958693925,0.8,0.8006838113722953,NONE
2024-11-28,10654.27,3.0809999999999995,0.8692833993518185,,315418.55295162403,63049.838043231575,23.6870958693925,0.8,0.8001073892032547,NONE
2024-11-29,10721.5,3.0956,0.8722102231821455,,317011.03640692326,63049.838043231575,23.6870958693925,0.8,0.8011115361854493,NONE
2024-12-02,10777.92,3.1304,0.8769341489744512,0.8722102231821455,318347.46235587436,63669.49247117489,23.629602918253198,0.8,0.8,SELL
2024-12-03,10887.86,3.0546,0.8629496402877698,,320945.30090070714,63669.49247117489,23.629602918253198,0.8,0.8016188668521036,NONE
2024-12-04,10905.87,3.0294,0.8565264293419633,,321370.8700492649,63669.49247117489,23.629602918253198,0.8,0.8018815692243214,NONE
2024-12-05,10887.72,3.0687999999999995,0.8673616103522646,,320941.9927562986,63669.49247117489,23.629602918253198,0.8,0.8016168220170516,NONE
2024-12-06,11036.63,3.0223000000000004,0.8555515630614445,,324460.6769268557,63669.49247117489,23.629602918253198,0.8,0.8037682314102792,NONE
2024-12-09,11054.71,3.0351,0.8577586206896551,,324887.9001476177,63669.49247117489,23.629602918253198,0.8,0.8040262735477508,NONE
2024-12-10,11056.91,3.0852000000000004,0.8696588868940754,,324939.88527403784,63669.49247117489,23.629602918253198,0.8,0.8040576261745177,NONE
2024-12-11,11117.67,3.1904,0.8872936109117013,,326375.61994735093,63669.49247117489,23.629602918253198,0.8,0.8049195816726576,NONE
2024-12-12,11161.19,3.1559,0.8812343021169716,,327403.98026635335,63669.49247117489,23.629602918253198,0.8,0.8055323199816392,NONE
2024-12-13,10965.98,3.2590000000000003,0.9020803443328552,,322791.2454806811,63669.49247117489,23.629602918253198,0.8,0.8027533479838892,NONE
2024-12-16,11057.76,3.4858,0.9411975618501256,,324959.9704365184,63669.49247117489,23.629602918253198,0.8,0.8040697370028446,NONE
2024-12-17,11017.85,3.4898,0.9412186379928316,,324016.9129840509,63669.49247117489,23.629602918253198,0.8,0.80349947820684,NONE
2024-12-18,11086.19,3.4231,0.935148692225009,,325631.7600474843,63669.49247117489,23.629602918253198,0.8,0.8044739479285116,NONE
2024-12-19,10979.52,3.4903000000000004,0.9412607449856734,,323111.1903041942,63669.49247117489,23.629602918253198,0.8,0.8029486616937254,NONE
2024-12-20,10888.09,3.5589,0.9527389903329752,,320950.7357093784,63669.49247117489,23.629602918253198,0.8,0.8016222261324623,NONE
2024-12-23,10893.49,3.4651,0.9387974230493916,,321078.3355651369,63669.49247117489,23.629602918253198,0.8,0.8017010635142703,NONE
2024-12-24,11018.44,3.3898,0.9288014311270124,,324030.8544497727,63669.49247117489,23.629602918253198,0.8,0.8035079326649612,NONE
2024-12-25,11061.27,3.3005,0.9087982832618026,,325042.91034276143,63669.49247117489,23.629602918253198,0.8,0.8041197317485416,NONE
2024-12-26,11010.23,3.3513,0.918484090096532,,323836.8554098138,63669.49247117489,23.629602918253198,0.8,0.8033902213180723,NONE
2024-12-27,11033.61,3.3734,0.9238741958541816,,324389.3155260426,63669.49247117489,23.629602918253198,0.8,0.8037250629912828,NONE
2024-12-30,11166.39,3.2977000000000003,0.9071096820292962,,327526.85420152824,63669.49247117489,23.629602918253198,0.8,0.8056052758593074,NONE
2024-12-31,11105.12,3.3659,0.9232142857142858,,326079.0684307269,63669.49247117489,23.629602918253198,0.8,0.8047421664396068,NONE
2025-01-02,10883.67,3.5434,0.9510888968225634,0.9232142857142858,320846.29286447965,0.0,29.479605028862476,1.0,1.0,BUY
2025-01-03,10792.57,3.574,0.95610278372591,,318160.7008463503,0.0,29.479605028862476,1.0,1.0,NONE
2025-01-06,10832.07,3.56,0.9529075990010702,,319325.14524499036,0.0,29.479605028862476,1.0,1.0,NONE
2025-01-07,10803.48,3.8293,0.9953637660485022,,318482.3233372152,0.0,29.479605028862476,1.0,1.0,NONE
2025-01-08,10784.34,4.1653,0.9996434937611408,,317918.08369696274,0.0,29.479605028862476,1.0,1.0,NONE
2025-01-09,10624.92,4.2162,1.0,,313218.4450632615,0.0,29.479605028862476,1.0,1.0,NONE
2025-01-10,10471.16,4.3288,1.0,,308685.6609940236,0.0,29.479605028862476,1.0,1.0,NONE
2025-01-13,10390.0,4.3584,1.0,,306293.09624988114,0.0,29.479605028862476,1.0,1.0,NONE
2025-01-14,10581.02,4.3138000000000005,0.9992880028479886,,311924.29040249443,0.0,29.479605028862476,1.0,1.0,NONE
2025-01-15,10584.54,4.3134,0.998932384341637,,312028.05861219607,0.0,29.479605028862476,1.0,1.0,NONE
2025-01-16,10670.3,4.2611,0.9985770188545002,,314556.2295394713,0.0,29.479605028862476,1.0,1.0,NONE
2025-01-17,10640.57,4.294,0.9985775248933144,,313679.80088196317,0.0,29.479605028862476,1.0,1.0,NONE
2025-01-20,10624.83,4.3507,0.9996445076430855,,313215.7918988089,0.0,29.479605028862476,1.0,1.0,NONE
2025-01-21,10559.02,4.403700000000001,1.0,,311275.7390918595,0.0,29.479605028862476,1.0,1.0,NONE
2025-01-22,10461.01,4.5407,1.0,,308386.44300298067,0.0,29.479605028862476,1.0,1.0,NONE
2025-01-23,10574.17,4.6277,1.0,,311722.35510804673,0.0,29.479605028862476,1.0,1.0,NONE
2025-01-24,10650.47,4.683599999999999,1.0,,313971.64897174895,0.0,29.479605028862476,1.0,1.0,NONE
2025-01-27,10785.27,4.6077,0.9992902767920512,,317945.4997296396,0.0,29.479605028862476,1.0,1.0,NONE
2025-02-05,10572.72,4.7487,1.0,0.9992902767920512,311679.6096807549,0.0,29.479605028862476,1.0,1.0,NONE
2025-02-06,10581.38,4.7673000000000005,1.0,,311934.9030603048,0.0,29.479605028862476,1.0,1.0,NONE
2025-02-07,10652.57,4.7465,0.999291031549096,,314033.55614230956,0.0,29.479605028862476,1.0,1.0,NONE
2025-02-10,10640.42,4.7194,0.9989369241672572,,313675.3789412089,0.0,29.479605028862476,1.0,1.0,NONE
2025-02-11,10680.75,4.6698,0.9982288345731491,,314864.2914120229,0.0,29.479605028862476,1.0,1.0,NONE
2025-02-12,10683.16,4.641400000000001,0.9978753541076488,,314935.33726014243,0.0,29.479605028862476,1.0,1.0,NONE
2025-02-13,10687.09,4.6328000000000005,0.9975221238938052,,315051.19210790587,0.0,29.479605028862476,1.0,1.0,NONE
2025-02-14,10707.89,4.5973,0.9964614295824488,,315664.3678925062,0.0,29.479605028862476,1.0,1.0,NONE
2025-02-17,10662.85,4.5718,0.9961089494163424,,314336.60648200626,0.0,29.479605028862476,1.0,1.0,NONE
2025-02-18,10627.01,4.5296,0.9954031117397454,,313280.0574377718,0.0,29.479605028862476,1.0,1.0,NONE
2025-02-19,10597.16,4.6054,0.9964651820431248,,312400.09122766025,0.0,29.479605028862476,1.0,1.0,NONE
2025-02-20,10571.85,4.5847,0.9957597173144876,,311653.9624243798,0.0,29.479605028862476,1.0,1.0,NONE
2025-02-21,10503.86,4.619800000000001,0.9968209113387496,,309649.64407846745,0.0,29.479605028862476,1.0,1.0,NONE
2025-02-24,10512.75,4.6028,0.9957627118644068,,309911.717767174,0.0,29.479605028862476,1.0,1.0,NONE
2025-02-25,10443.16,4.6891,0.99858806918461,,307860.23205321544,0.0,29.479605028862476,1.0,1.0,NONE
2025-02-26,10574.12,4.6605,0.997529992942837,,311720.8811277953,0.0,29.479605028862476,1.0,1.0,NONE
2025-02-27,10691.01,4.5717,0.9936507936507936,,315166.752159619,0.0,29.479605028862476,1.0,1.0,NONE
2025-02-28,10613.05,4.6553,0.997179125528914,,312868.5221515689,0.0,29.479605028862476,1.0,1.0,NONE
2025-03-03,10601.57,4.6848,0.9982375749030666,0.997179125528914,312530.0962858375,0.0,29.479605028862476,1.0,1.0,NONE
2025-03-04,10602.6,4.7151,0.9985905567300916,,312560.4602790173,0.0,29.479605028862476,1.0,1.0,NONE
2025-03-05,10652.85,4.645,0.9961253962662908,,314041.81043171766,0.0,29.479605028862476,1.0,1.0,NONE
2025-03-06,10650.33,4.6302,0.9950704225352112,,313967.5218270449,0.0,29.479605028862476,1.0,1.0,NONE
2025-03-07,10664.75,4.5733,0.9922562478000704,,314392.61773156107,0.0,29.479605028862476,1.0,1.0,NONE
2025-03-10,10696.02,4.588299999999999,0.9926108374384236,,315314.44498081366,0.0,29.479605028862476,1.0,1.0,NONE
2025-03-11,10764.16,4.4801,0.9901512486809708,,317323.1852674803,0.0,29.479605028862476,1.0,1.0,NONE
2025-03-12,10720.86,4.5721,0.9915611814345991,,316046.7183697306,0.0,29.479605028862476,1.0,1.0,NONE
2025-03-13,10795.83,4.4964,0.9898066783831284,,318256.8043587444,0.0,29.479605028862476,1.0,1.0,NONE
2025-03-14,10877.96,4.4731000000000005,0.9891075193253688,,320677.9643197648,0.0,29.479605028862476,1.0,1.0,NONE
2025-03-17,10918.11,4.3731,0.98840885142255,,321861.5704616737,0.0,29.479605028862476,1.0,1.0,NONE
2025-03-18,10899.38,4.391500000000001,0.9884129213483146,,321309.4174594831,0.0,29.479605028862476,1.0,1.0,NONE
2025-03-19,10915.82,4.3718,0.9877149877149876,,321794.0621661576,0.0,29.479605028862476,1.0,1.0,NONE
2025-03-20,10885.75,4.4311,0.9887719298245614,,320907.6104429397,0.0,29.479605028862476,1.0,1.0,NONE
2025-03-21,10839.41,4.4627,0.9887758681164504,,319541.5255459022,0.0,29.479605028862476,1.0,1.0,NONE
2025-03-24,10900.09,4.421799999999999,0.988078541374474,,321330.34797905356,0.0,29.479605028862476,1.0,1.0,NONE
2025-03-25,10969.18,4.4039,0.9877322117069752,,323367.0938904977,0.0,29.479605028862476,1.0,1.0,NONE
2025-03-26,10953.89,4.4442,0.98843728100911,,322916.35072960635,0.0,29.479605028862476,1.0,1.0,NONE
2025-03-27,10943.61,4.4108,0.9873905429071804,,322613.3003899097,0.0,29.479605028862476,1.0,1.0,NONE
2025-03-28,10864.15,4.4443,0.9884453781512604,,320270.85097431624,0.0,29.479605028862476,1.0,1.0,NONE
2025-03-31,10807.24,4.4146,0.9870493524676234,,318593.1666521237,0.0,29.479605028862476,1.0,1.0,NONE
2025-04-01,10912.2,4.4328,0.9877536738978306,0.9870493524676234,321687.34599595313,0.0,29.479605028862476,1.0,1.0,NONE
2025-04-02,10951.82,4.423400000000001,0.987058412032179,,322855.3279471966,0.0,29.479605028862476,1.0,1.0,NONE
2025-04-03,10966.63,4.4706,0.9888111888111888,,323291.92089767405,0.0,29.479605028862476,1.0,1.0,NONE
2025-04-07,10234.98,4.885,1.0,,301723.1678783069,0.0,29.479605028862476,1.0,1.0,NONE
2025-04-08,10496.5,4.702299999999999,0.9979035639412998,,309432.67418545496,0.0,29.479605028862476,1.0,1.0,NONE
2025-04-09,10527.77,4.7449,0.9986028641285364,,310354.50143470755,0.0,29.479605028862476,1.0,1.0,NONE
2025-04-10,10627.32,4.7436,0.998254189944134,,313289.19611533073,0.0,29.479605028862476,1.0,1.0,NONE
2025-04-11,10579.47,4.7294,0.9979057591623036,,311878.59701469966,0.0,29.479605028862476,1.0,1.0,NONE
2025-04-14,10674.22,4.6689,0.9951151430565248,,314671.7895911844,0.0,29.479605028862476,1.0,1.0,NONE
2025-04-15,10725.42,4.593,0.990582490408092,,316181.1453686622,0.0,29.479605028862476,1.0,1.0,NONE
2025-04-16,10774.18,4.5280000000000005,0.98744769874477,,317618.5709098695,0.0,29.479605028862476,1.0,1.0,NONE
2025-04-17,10751.91,4.520700000000001,0.98710352039038,,316962.06010587676,0.0,29.479605028862476,1.0,1.0,NONE
2025-04-18,10759.3,4.4478,0.9850174216027876,,317179.91438704,0.0,29.479605028862476,1.0,1.0,NONE
2025-04-21,10744.69,4.4832,0.9864158829676072,,316749.2173575684,0.0,29.479605028862476,1.0,1.0,NONE
2025-04-22,10786.37,4.4421,0.9836350974930362,,317977.92729517136,0.0,29.479605028862476,1.0,1.0,NONE
2025-04-23,10738.32,4.457,0.9846849982596588,,316561.4322735345,0.0,29.479605028862476,1.0,1.0,NONE
2025-04-24,10796.01,4.386500000000001,0.9798190675017396,,318262.1106876496,0.0,29.479605028862476,1.0,1.0,NONE
2025-04-25,10781.84,4.254300000000001,0.9763478260869564,,317844.3846843906,0.0,29.479605028862476,1.0,1.0,NONE
2025-04-28,10780.04,4.2088,0.9756606397774688,,317791.3213953387,0.0,29.479605028862476,1.0,1.0,NONE
2025-04-29,10757.03,4.2511,0.9760166840458812,,317112.9956836245,0.0,29.479605028862476,1.0,1.0,NONE
2025-04-30,10690.89,4.2743,0.9767199444058374,,315163.21460701554,0.0,29.479605028862476,1.0,1.0,NONE
2025-05-06,10717.89,4.280799999999999,0.9767280305661687,0.9767199444058374,315959.16394279484,0.0,29.479605028862476,1.0,1.0,NONE
2025-05-07,10790.43,4.1874,0.9739583333333334,,318097.61449158855,0.0,29.479605028862476,1.0,1.0,NONE
2025-05-08,10807.39,4.2024,0.9743144741409232,,318597.588592878,0.0,29.479605028862476,1.0,1.0,NONE
2025-05-09,10868.16,4.1305,0.972588480222068,,320389.064190482,0.0,29.479605028862476,1.0,1.0,NONE
2025-05-12,10905.77,4.0642000000000005,0.9715574054804024,,321497.7921356175,0.0,29.479605028862476,1.0,1.0,NONE
2025-05-13,10982.01,4.0181,0.970873786407767,,323745.31722301804,0.0,29.479605028862476,1.0,1.0,NONE
2025-05-14,11043.99,3.9706,0.9694974003466204,,325572.4631427069,0.0,29.479605028862476,1.0,1.0,NONE
2025-05-15,11005.76,3.9977,0.9705474705474706,,324445.4578424535,0.0,29.479605028862476,1.0,1.0,NONE
2025-05-16,10944.62,4.0581,0.971250432975407,,322643.0747909889,0.0,29.479605028862476,1.0,1.0,NONE
2025-05-19,10980.04,4.0636,0.9712603878116344,,323687.2424011112,0.0,29.479605028862476,1.0,1.0,NONE
2025-05-20,11014.53,4.0399,0.9705780546902042,,324703.99397855665,0.0,29.479605028862476,1.0,1.0,NONE
2025-05-21,11102.38,3.9846,0.9685121107266436,,327293.7772803422,0.0,29.479605028862476,1.0,1.0,NONE
2025-05-22,11085.26,3.9483,0.9667934970598407,,326789.0864422481,0.0,29.479605028862476,1.0,1.0,NONE
2025-05-23,10980.66,3.9933,0.969225449515906,,323705.519756229,0.0,29.479605028862476,1.0,1.0,NONE
2025-05-26,10907.94,4.0051000000000005,0.9695817490494296,,321561.7628785302,0.0,29.479605028862476,1.0,1.0,NONE
2025-05-27,10879.59,3.9922,0.9685556323427782,,320726.01607596193,0.0,29.479605028862476,1.0,1.0,NONE
2025-05-28,10917.32,4.0202,0.9699481865284976,,321838.2815737009,0.0,29.479605028862476,1.0,1.0,NONE
2025-05-29,10939.36,4.025399999999999,0.9703038674033148,,322488.01206853706,0.0,29.479605028862476,1.0,1.0,NONE
2025-05-30,10956.06,4.0200000000000005,0.9692785640317568,,322980.321472519,0.0,29.479605028862476,1.0,1.0,NONE
2025-06-03,10996.08,3.9733,0.9658385093167702,0.9692785640317568,324160.0952657741,0.0,29.479605028862476,1.0,1.0,NONE
2025-06-04,11036.39,3.9829,0.9661952397378406,,325348.41814448754,0.0,29.479605028862476,1.0,1.0,NONE
2025-06-05,10973.21,3.9993,0.9682758620689657,,323485.896698764,0.0,29.479605028862476,1.0,1.0,NONE
2025-06-06,10981.29,3.9614,0.9638055842812824,,323724.09190739726,0.0,29.479605028862476,1.0,1.0,NONE
2025-06-09,11010.59,3.423,0.901102687801516,,324587.84433474287,0.0,29.479605028862476,1.0,1.0,NONE
2025-06-10,11010.91,3.4041,0.8987254564243886,,324597.27780835214,0.0,29.479605028862476,1.0,1.0,NONE
2025-06-11,11055.18,3.3901,0.8963498622589532,,325902.3399229799,0.0,29.479605028862476,1.0,1.0,NONE
2025-06-12,11061.64,3.3453,0.8839931153184165,,326092.7781714663,0.0,29.479605028862476,1.0,1.0,NONE
2025-06-13,10994.17,3.3839999999999995,0.8940123881624226,,324103.78922016895,0.0,29.479605028862476,1.0,1.0,NONE
2025-06-16,11019.13,3.2476,0.8630890952872377,,324839.60016168933,0.0,29.479605028862476,1.0,1.0,NONE
2025-06-17,11018.05,3.2378,0.8586657496561211,,324807.7621882582,0.0,29.479605028862476,1.0,1.0,NONE
2025-06-18,11017.7,3.1436,0.8429013406668958,,324797.44432649814,0.0,29.479605028862476,1.0,1.0,NONE
2025-06-19,10952.08,3.0233,0.8185567010309278,,322862.9926445041,0.0,29.479605028862476,1.0,1.0,NONE
2025-06-20,10987.24,3.0091,0.8158708347646857,,323899.49555731897,0.0,29.479605028862476,1.0,1.0,NONE
2025-06-23,11025.58,2.9001,0.7987637362637363,,325029.74361412553,0.0,29.479605028862476,1.0,1.0,NONE
2025-06-24,11060.89,2.8483,0.7902506007552351,,326070.66846769466,0.0,29.479605028862476,1.0,1.0,NONE
2025-06-25,11133.04,2.9212,0.8037062457103638,,328197.6219705271,0.0,29.479605028862476,1.0,1.0,NONE
2025-06-26,11141.27,2.8694,0.793138936535163,,328440.23911991465,0.0,29.479605028862476,1.0,1.0,NONE
2025-06-27,11096.46,2.8815,0.7952674897119342,,327119.2580185713,0.0,29.479605028862476,1.0,1.0,NONE
2025-06-30,11090.51,2.8861000000000003,0.7967089475488516,,326943.8543686496,0.0,29.479605028862476,1.0,1.0,NONE
2025-07-01,11180.84,2.8419,0.7882111034955449,0.7967089475488516,329606.7470909067,131842.6988363627,17.687763017317486,0.6,0.6000000000000001,SELL
2025-07-02,11261.08,2.8239,0.7841726618705036,,331026.0131954163,131842.6988363627,17.687763017317486,0.6,0.601714990421217,NONE
2025-07-03,11267.01,2.8374000000000006,0.7876712328767124,,331130.90163010894,131842.6988363627,17.687763017317486,0.6,0.6018411504715496,NONE
2025-07-04,11329.13,2.7769000000000004,0.7754193769257104,,332229.6654687447,131842.6988363627,17.687763017317486,0.6,0.6031579580639043,NONE
2025-07-07,11386.58,2.7623,0.7720739219712526,,333245.82745408965,131842.6988363627,17.687763017317486,0.6,0.6043680431241819,NONE
2025-07-08,11380.98,2.7569,0.7707834416695176,,333146.77598119265,131842.6988363627,17.687763017317486,0.6,0.6042504135060107,NONE
2025-07-09,11422.38,2.7379,0.7677838577291382,,333879.04937010957,131842.6988363627,17.687763017317486,0.6,0.6051183831836864,NONE
2025-07-10,11508.42,2.651,0.7446153846153846,,335400.9045001196,131842.6988363627,17.687763017317486,0.6,0.6069101273508472,NONE
2025-07-11,11444.11,2.6370999999999998,0.7416267942583732,,334263.4044604759,131842.6988363627,17.687763017317486,0.6,0.6055724405453063,NONE
2025-07-14,11512.01,2.3063,0.7157499145883157,,335464.40356935177,131842.6988363627,17.687763017317486,0.6,0.6069845341754527,NONE
2025-07-15,11385.29,2.3413,0.7168715846994536,,333223.0102397973,131842.6988363627,17.687763017317486,0.6,0.6043409525005949,NONE
2025-07-16,11344.88,2.3708,0.7179924889040629,,332508.2477362675,131842.6988363627,17.687763017317486,0.6,0.603490440511012,NONE
2025-07-17,11342.19,2.7286,0.7651877133105802,,332460.6676537509,131842.6988363627,17.687763017317486,0.6,0.6034336940763368,NONE
2025-07-18,11395.88,2.7298,0.7652678266803139,,333410.3236501507,131842.6988363627,17.687763017317486,0.6,0.6045632378956989,NONE
2025-07-21,11538.93,2.7141,0.7602319236016372,,335940.55814977793,131842.6988363627,17.687763017317486,0.6,0.6075415854444671,NONE
2025-07-22,11728.79,2.6969,0.7548585066484828,,339298.7568362459,131842.6988363627,17.687763017317486,0.6,0.6114259301574945,NONE
2025-07-23,11690.25,2.6717,0.7491479209270621,,338617.07044955844,131842.6988363627,17.687763017317486,0.6,0.6106436729213791,NONE
2025-07-24,11741.68,2.6477,0.7434412265758092,,339526.75210153905,131842.6988363627,17.687763017317486,0.6,0.611686861137429,NONE
2025-07-25,11672.83,2.7017,0.7557901907356949,,338308.94961779675,131842.6988363627,17.687763017317486,0.6,0.6102890597919107,NONE
2025-07-28,11553.33,2.7477,0.7701736465781409,,336195.26193722733,131842.6988363627,17.687763017317486,0.6,0.6078389145740558,NONE
2025-07-29,11549.03,2.7328,0.7671885636487407,,336119.20455625287,131842.6988363627,17.687763017317486,0.6,0.6077501759816955,NONE
2025-07-30,11579.49,2.7357000000000005,0.7676080299421572,,336657.97381776036,131842.6988363627,17.687763017317486,0.6,0.6083779114415636,NONE
2025-07-31,11378.74,2.7677000000000005,0.7748299319727892,,333107.15539203386,131842.6988363627,17.687763017317486,0.6,0.6042033420711213,NONE
2025-08-01,11378.49,2.7907,0.7793267596055763,0.7748299319727892,333102.7334512796,133241.09338051183,17.56486493996723,0.6,0.6,SELL
2025-08-04,11431.91,2.7655,0.7739632902787219,,334041.0485363726,133241.09338051183,17.56486493996723,0.6,0.6011235925515195,NONE
2025-08-05,11556.36,2.7181,0.7604485219164119,,336226.99597815156,133241.09338051183,17.56486493996723,0.6,0.6037168491099685,NONE
2025-08-06,11629.67,2.7091,0.7567934782608695,,337514.67622690054,133241.09338051183,17.56486493996723,0.6,0.6052287418431013,NONE
2025-08-07,11649.33,2.6904000000000003,0.7517826825127334,,337860.0014716203,133241.09338051183,17.56486493996723,0.6,0.6056322358368784,NONE
2025-08-08,11655.42,2.6892000000000005,0.7508486082824168,,337966.97149910463,133241.09338051183,17.56486493996723,0.6,0.6057570572961601,NONE
2025-08-11,11605.78,2.6937,0.7522904648795385,,337095.05160348467,133241.09338051183,17.56486493996723,0.6,0.6047373203886733,NONE
2025-08-12,11670.85,2.6506,0.7405020352781547,,338237.99736512837,133241.09338051183,17.56486493996723,0.6,0.6060729592226213,NONE
2025-08-13,11610.69,2.6811000000000003,0.7494065785011869,,337181.29509033996,133241.09338051183,17.56486493996723,0.6,0.6048384198037647,NONE
2025-08-14,11499.49,2.6693000000000007,0.7457627118644068,,335228.08210901555,133241.09338051183,17.56486493996723,0.6,0.6025360031228468,NONE
2025-08-15,11527.07,2.7009,0.753981701118265,,335712.52108405984,133241.09338051183,17.56486493996723,0.6,0.6031095505456311,NONE
2025-08-18,11504.94,2.6519,0.7401761517615176,,335323.81062293844,133241.09338051183,17.56486493996723,0.6,0.6026494714676333,NONE
2025-08-19,11493.94,2.6580000000000004,0.7412800541821876,,335130.5971085988,133241.09338051183,17.56486493996723,0.6,0.6024203861716177,NONE
2025-08-20,11580.73,2.6147,0.7329045362220717,,336655.05173673853,133241.09338051183,17.56486493996723,0.6,0.6042207217947667,NONE
2025-08-21,11642.85,2.5901,0.7292724196277496,,337746.18114680925,133241.09338051183,17.56486493996723,0.6,0.6054993340617656,NONE
2025-08-22,11625.12,2.5704,0.725981055480379,,337434.7560914237,133241.09338051183,17.56486493996723,0.6,0.6051352417757113,NONE
2025-08-25,11710.41,2.5705000000000005,0.7260737233682787,,338932.86342215346,133241.09338051183,17.56486493996723,0.6,0.6068805720543095,NONE
2025-08-26,11697.03,2.5867999999999998,0.7285327924273157,,338697.84552925674,133241.09338051183,17.56486493996723,0.6,0.6066077917551959,NONE
2025-08-27,11486.08,2.6383,0.7367353835755323,,334992.53727017064,133241.09338051183,17.56486493996723,0.6,0.6022565324401443,NONE
2025-08-28,11510.49,2.5093,0.7182432432432433,,335421.2956233552,133241.09338051183,17.56486493996723,0.6,0.6027649552396688,NONE
2025-08-29,11503.57,2.6057999999999995,0.7325227963525835,,335299.74675797066,133241.09338051183,17.56486493996723,0.6,0.6026209543286973,NONE
2025-09-01,11475.97,2.6343999999999994,0.7359891964888589,0.7325227963525835,334814.9564856275,133925.982594251,17.505184650306383,0.6,0.6000000000000001,SELL
2025-09-02,11512.16,2.5685,0.7246034424569693,,335448.4691181221,133925.982594251,17.505184650306383,0.6,0.600755421700579,NONE
2025-09-03,11415.15,2.6268,0.7348178137651822,,333750.2911551959,133925.982594251,17.505184650306383,0.6,0.598723997720875,NONE
2025-09-04,11410.18,2.5694,0.7244519392917369,,333663.2903874839,133925.982594251,17.505184650306383,0.6,0.5986193673306929,NONE
2025-09-05,11445.41,2.5926,0.7292650033715442,,334279.9980427142,133925.982594251,17.505184650306383,0.6,0.5993598678400793,NONE
2025-09-08,11533.79,2.5798,0.7263228850690934,,335827.10626210825,133925.982594251,17.505184650306383,0.6,0.6012055605489937,NONE
2025-09-09,11559.63,2.5529999999999995,0.7210242587601078,,336279.44023347215,133925.982594251,17.505184650306383,0.6,0.601741984281677,NONE
2025-09-10,11503.05,2.5242,0.7177500842034354,,335288.9968859578,133925.982594251,17.505184650306383,0.6,0.6005655305181299,NONE
2025-09-11,11552.73,2.5336,0.7195286195286196,,336158.6544593851,133925.982594251,17.505184650306383,0.6,0.6015988854737874,NONE
2025-09-12,11494.04,2.5404,0.719959609559071,,335131.2751722586,133925.982594251,17.505184650306383,0.6,0.6003775460066727,NONE
2025-09-15,11457.64,2.5547000000000004,0.721399730820996,,334494.0864509874,133925.982594251,17.505184650306383,0.6,0.5996162921287554,NONE
2025-09-16,11458.41,2.611,0.7329297006390851,,334507.56544316816,133925.982594251,17.505184650306383,0.6,0.5996324256020313,NONE
2025-09-17,11488.7,2.6387,0.7380632145258911,,335037.79748622596,133925.982594251,17.505184650306383,0.6,0.6002660487888476,NONE
2025-09-18,11284.48,2.7174,0.7626890756302521,,331462.88867694035,133925.982594251,17.505184650306383,0.6,0.5959548197723525,NONE
2025-09-19,11377.28,2.7054,0.7573924731182796,,333087.3698124888,133925.982594251,17.505184650306383,0.6,0.5979253651387488,NONE
2025-09-22,11305.11,2.7654,0.7762848505206584,,331824.0206362762,133925.982594251,17.505184650306383,0.6,0.5963945517342402,NONE
2025-09-23,11346.75,2.692,0.7528542646071189,,332552.9365251149,133925.982594251,17.505184650306383,0.6,0.5972792061508779,NONE
2025-09-24,11375.76,2.6746000000000008,0.7472306143001007,,333060.7619318203,133925.982594251,17.505184650306383,0.6,0.5978932438109702,NONE
2025-09-25,11320.56,2.6956,0.7540268456375839,,332094.4757391234,133925.982594251,17.505184650306383,0.6,0.5967232448050221,NONE
2025-09-26,11354.81,2.7084,0.7581348540758135,,332694.0283133964,133925.982594251,17.505184650306383,0.6,0.5974499955012921,NONE
2025-09-29,11403.68,2.7256,0.7655935613682092,,333549.50668725686,133925.982594251,17.505184650306383,0.6,0.5984824444072021,NONE
2025-09-30,11376.91,2.7783999999999995,0.7797519275896748,,333080.89289416815,133925.982594251,17.505184650306383,0.6,0.5979175466038993,NONE
2025-10-09,11462.94,2.7602,0.774798927613941,0.7797519275896748,334586.86392963404,133834.74557185362,17.51314395414967,0.6,0.6,BUY
2025-10-10,11581.0,2.6849,0.749748743718593,,336654.465704861,133834.74557185362,17.51314395414967,0.6,0.602456645594643,NONE
2025-10-13,11529.96,2.6884,0.7501674480910918,,335760.5948374411,133834.74557185362,17.51314395414967,0.6,0.6013982950064469,NONE
2025-10-14,11659.07,2.5965,0.7284901238701038,,338021.7168533614,133834.74557185362,17.51314395414967,0.6,0.6040646535443963,NONE
2025-10-15,11712.15,2.5659,0.7198795180722891,,338951.3145344476,133834.74557185362,17.51314395414967,0.6,0.605150533917602,NONE
2025-10-16,11757.64,2.5006000000000004,0.7109401137504182,,339747.9874529219,133834.74557185362,17.51314395414967,0.6,0.6060764139466792,NONE
2025-10-17,11667.41,2.5218,0.7130434782608696,,338167.776473939,133834.74557185362,17.51314395414967,0.6,0.6042356638253863,NONE
2025-10-20,11754.93,2.398,0.7044466733533935,,339700.5268328062,133834.74557185362,17.51314395414967,0.6,0.6060213776538405,NONE
2025-10-21,11759.99,2.3917,0.7038770053475936,,339789.14334121416,133834.74557185362,17.51314395414967,0.6,0.606124126698605,NONE
2025-10-22,11771.55,2.3486,0.7016371533578349,,339991.59528532415,133834.74557185362,17.51314395414967,0.6,0.6063586646618772,NONE
2025-10-23,11867.91,2.3088999999999995,0.700066800267201,,341679.16183674603,133834.74557185362,17.51314395414967,0.6,0.6083028743912695,NONE
2025-10-24,11806.38,2.4167999999999994,0.7065108514190317,,340601.57808924717,133834.74557185362,17.51314395414967,0.6,0.6070636362794973,NONE
2025-10-27,11861.54,2.3853,0.7032710280373832,,341567.6031097581,133834.74557185362,17.51314395414967,0.6,0.6081749429589561,NONE
2025-10-28,11799.23,2.4087000000000005,0.7060393727060393,,340476.35910997505,133834.74557185362,17.51314395414967,0.6,0.6069191237779168,NONE
2025-10-29,11804.47,2.4533,0.7074716477651768,,340568.1279842948,133834.74557185362,17.51314395414967,0.6,0.6070250426427883,NONE
2025-10-30,11756.03,2.4643,0.7089029676558853,,339719.79129115574,133834.74557185362,17.51314395414967,0.6,0.6060437189626349,NONE
2025-10-31,11750.01,2.5058,0.7116666666666667,,339614.36216455174,133834.74557185362,17.51314395414967,0.6,0.6059214200517018,NONE
2025-11-03,11855.99,2.4214,0.7060979673442186,0.7116666666666667,341470.40516081254,136588.16206432504,17.280905525096387,0.6,0.6,SELL
2025-11-04,11899.87,2.3655,0.7005329780146569,,342228.6912952538,136588.16206432504,17.280905525096387,0.6,0.600886291715135,NONE
2025-11-05,11949.86,2.366,0.7006327006327007,,343092.5637624534,136588.16206432504,17.280905525096387,0.6,0.60189121977329,NONE
2025-11-06,11996.86,2.3532,0.7000665778961385,,343904.7663221329,136588.16206432504,17.280905525096387,0.6,0.6028314363739176,NONE
2025-11-07,12011.57,2.3535,0.7001663893510816,,344158.96844240703,136588.16206432504,17.280905525096387,0.6,0.6031247923525135,NONE
2025-11-10,12103.68,2.4236999999999997,0.7065868263473054,,345750.71265032364,136588.16206432504,17.280905525096387,0.6,0.6049519001209869,NONE
2025-11-11,12078.72,2.4184,0.7060192883272365,,345319.38124841725,136588.16206432504,17.280905525096387,0.6,0.6044584535900529,NONE
2025-11-12,12086.72,2.3801999999999994,0.7014627659574468,,345457.628492618,136588.16206432504,17.280905525096387,0.6,0.604616743707995,NONE
2025-11-13,12119.24,2.3774000000000006,0.7012296444001329,,346019.60354029416,136588.16206432504,17.280905525096387,0.6,0.6052588909217126,NONE
2025-11-14,12047.32,2.3841,0.7019933554817276,,344776.76081492926,136588.16206432504,17.280905525096387,0.6,0.6038359379516202,NONE
2025-11-17,11988.34,2.4224,0.7067419461972767,,343757.533007059,136588.16206432504,17.280905525096387,0.6,0.6026613268093235,NONE
2025-11-18,11822.18,2.4462,0.7075033200531209,,340886.13774500904,136588.16206432504,17.280905525096387,0.6,0.5993144134054045,NONE
2025-11-19,11840.74,2.3838,0.7012943909724527,,341206.8713515548,136588.16206432504,17.280905525096387,0.6,0.5996910568556678,NONE
2025-11-20,11818.54,2.3975000000000004,0.7030524220305242,,340823.2352488977,136588.16206432504,17.280905525096387,0.6,0.599240462685659,NONE
2025-11-21,11610.37,2.4388999999999994,0.7074626865671642,,337225.86914573837,136588.16206432504,17.280905525096387,0.6,0.5949653494545641,NONE
2025-11-24,11553.19,2.4789000000000003,0.7112068965517241,,336237.74696781335,136588.16206432504,17.280905525096387,0.6,0.5937750496603226,NONE
2025-11-25,11611.44,2.4353,0.7069937023533311,,337244.3597146502,136588.16206432504,17.280905525096387,0.6,0.59498755685671,NONE
2025-11-26,11562.47,2.4637,0.709741550695825,,336398.1137710862,136588.16206432504,17.280905525096387,0.6,0.5939687041251629,NONE
2025-11-27,11581.72,2.4269,0.7065253395163962,,336730.77120244433,136588.16206432504,17.280905525096387,0.6,0.5943698237717411,NONE
2025-11-28,11593.93,2.4717,0.7105960264900663,,336941.77105890575,136588.16206432504,17.280905525096387,0.6,0.5946238377181022,NONE
2025-12-01,11690.06,2.4584,0.7083747103608077,0.7105960264900663,338602.98450703325,135441.19380281333,17.379020356116218,0.6,0.6,BUY
2025-12-02,11675.51,2.4439,0.7068166776968895,,338350.11976085184,135441.19380281333,17.379020356116218,0.6,0.5997010614373534,NONE
2025-12-03,11652.59,2.4649,0.7102216341382732,,337951.7926142896,135441.19380281333,17.379020356116218,0.6,0.5992292487781097,NONE
2025-12-04,11610.17,2.4570000000000003,0.7076719576719577,,337214.5745707832,135441.19380281333,17.379020356116218,0.6,0.5983530843077973,NONE
2025-12-05,11620.64,2.4963,0.7133884297520661,,337396.5329139117,135441.19380281333,17.379020356116218,0.6,0.5985696929571834,NONE
2025-12-08,11556.79,2.4976000000000003,0.7134831460674157,,336286.8824641737,135441.19380281333,17.379020356116218,0.6,0.5972450878536941,NONE
2025-12-09,11451.03,2.5047,0.7139081598942848,,334448.87727131083,135441.19380281333,17.379020356116218,0.6,0.595031698393351,NONE
2025-12-10,11460.93,2.5554,0.7212681638044914,,334620.9295728364,135441.19380281333,17.379020356116218,0.6,0.5952399212574296,NONE
2025-12-11,11369.87,2.5608000000000004,0.7230108946847145,,333038.3959792084,135441.19380281333,17.379020356116218,0.6,0.5933165801961499,NONE
2025-12-12,11354.27,2.5974000000000004,0.7326732673267327,,332767.28326165304,135441.19380281333,17.379020356116218,0.6,0.5929852464002097,NONE
2025-12-15,11421.49,2.6566,0.742989112504124,,333935.50100999116,135441.19380281333,17.379020356116218,0.6,0.5944091197456691,NONE
2025-12-16,11332.08,2.6819,0.7523087071240105,,332381.6427999508,135441.19380281333,17.379020356116218,0.6,0.5925130140706032,NONE
2025-12-17,11364.87,2.6789,0.7504121332014507,,332951.50087742787,135441.19380281333,17.379020356116218,0.6,0.593210442223913,NONE
2025-12-18,11457.02,2.6041000000000003,0.7320369149637442,,334552.97760324395,135441.19380281333,17.379020356116218,0.6,0.5951577093316535,NONE
2025-12-19,11477.2,2.63,0.7364085667215815,,334903.6862340304,135441.19380281333,17.379020356116218,0.6,0.5955816571449526,NONE
2025-12-22,11424.62,2.6197,0.7341897233201581,,333989.8973437058,135441.19380281333,17.379020356116218,0.6,0.5944751776026563,NONE
2025-12-23,11426.52,2.5995000000000004,0.7313137965097135,,334022.9174823824,135441.19380281333,17.379020356116218,0.6,0.5945152661270406,NONE
2025-12-24,11453.94,2.6143000000000005,0.7330480579328505,,334499.45022054715,135441.19380281333,17.379020356116218,0.6,0.5950929255234583,NONE
2025-12-25,11486.25,2.6256,0.7351102336294834,,335060.9663682532,135441.19380281333,17.379020356116218,0.6,0.5957714941526346,NONE
2025-12-26,11543.41,2.6356,0.7375,,336054.35117180884,135441.19380281333,17.379020356116218,0.6,0.5969664034090468,NONE
2025-12-29,11518.27,2.5749,0.7234462347911871,,335617.44260005606,135441.19380281333,17.379020356116218,0.6,0.596441732129477,NONE
2025-12-30,11512.98,2.5701,0.7218934911242604,,335525.5075823722,135441.19380281333,17.379020356116218,0.6,0.596331155926909,NONE
2025-12-31,11522.96,2.561,0.7200131449227736,,335698.95020552626,135441.19380281333,17.379020356116218,0.6,0.5965397159571346,NONE
2026-01-05,11567.21,2.5725,0.7230617608409987,0.7200131449227736,336467.9718562844,134587.18874251374,17.452850178545273,0.6,0.6,BUY
2026-01-06,11705.23,2.52,0.7119868637110016,,338876.8142379272,134587.18874251374,17.452850178545273,0.6,0.6028433251027338,NONE
2026-01-07,11710.77,2.5412000000000003,0.7160210111621799,,338973.50302791636,134587.18874251374,17.452850178545273,0.6,0.6029566100586047,NONE
2026-01-08,11672.42,2.5158,0.7115195274040039,,338304.18622356915,134587.18874251374,17.452850178545273,0.6,0.6021710808698907,NONE
2026-01-09,11712.44,2.5352,0.7148950131233596,,339002.6492877145,134587.18874251374,17.452850178545273,0.6,0.6029907464578886,NONE
2026-01-12,11753.44,2.5928999999999998,0.7284355526402099,,339718.2161450349,134587.18874251374,17.452850178545273,0.6,0.6038269885267065,NONE
2026-01-13,11713.23,2.5696,0.721639344262295,,339016.4370393556,134587.18874251374,17.452850178545273,0.6,0.6030068927693619,NONE
2026-01-14,11634.13,2.672,0.7495902982628646,,337635.91659023263,134587.18874251374,17.452850178545273,0.6,0.6013836735685507,NONE
2026-01-15,11611.91,2.6873,0.7552424639580603,,337248.11425926536,134587.18874251374,17.452850178545273,0.6,0.600925303798593,NONE
2026-01-16,11513.77,2.8868,0.8060923681624631,,335535.291542743,134587.18874251374,17.452850178545273,0.6,0.5988881285074329,NONE
2026-01-19,11609.14,2.8976000000000006,0.8074656188605108,,337199.7698642708,134587.18874251374,17.452850178545273,0.6,0.6008680883836676,NONE
2026-01-20,11762.03,2.8365,0.7960720130932897,,339868.1361280686,134587.18874251374,17.452850178545273,0.6,0.604001745277472,NONE
2026-01-21,11690.14,2.9085,0.8098821989528796,,338613.450728733,134587.18874251374,17.452850178545273,0.6,0.6025344284083591,NONE
2026-01-22,11775.25,2.8622999999999994,0.7994766110565914,,340098.86280742893,134587.18874251374,17.452850178545273,0.6,0.6042703946977918,NONE
2026-01-23,11770.14,2.9355999999999995,0.815565729234794,,340009.67874301656,134587.18874251374,17.452850178545273,0.6,0.6041665953743737,NONE
2026-01-26,11846.94,2.8704,0.8012422360248447,,341350.05763672886,134587.18874251374,17.452850178545273,0.6,0.6057209139664365,NONE
2026-01-27,11745.91,2.8705,0.8013071895424837,,339586.7961831904,134587.18874251374,17.452850178545273,0.6,0.6036736697209201,NONE
2026-01-28,11929.22,2.8706000000000005,0.8013721006207122,,342786.07814941957,134587.18874251374,17.452850178545273,0.6,0.6073726521534882,NONE
2026-01-29,12076.72,2.8208,0.7906596995427825,,345360.373550755,134587.18874251374,17.452850178545273,0.6,0.6102992727313157,NONE
2026-01-30,11955.83,2.8426000000000005,0.7956252040483186,,343250.49849267065,134587.18874251374,17.452850178545273,0.6,0.6079038797218599,NONE
2026-02-02,11582.19,2.8797999999999995,0.8031984334203656,0.7956252040483186,336729.415551959,134691.7662207836,17.443821015816127,0.6,0.6,SELL
2026-02-03,11670.15,2.9255000000000004,0.8133768352365416,,338263.7740485102,134691.7662207836,17.443821015816127,0.6,0.6018143929256002,NONE
2026-02-04,11983.09,2.8454,0.7954990215264188,,343722.6433971997,134691.7662207836,17.443821015816127,0.6,0.6081382218827631,NONE
2026-02-05,11932.84,2.8642,0.7985001630257581,,342846.0913911549,134691.7662207836,17.443821015816127,0.6,0.6071363518415817,NONE
2026-02-06,11904.0,2.951,0.818122555410691,,342343.0115930588,134691.7662207836,17.443821015816127,0.6,0.6065590309730319,NONE
2026-02-09,11984.85,2.9251000000000005,0.8129683936135549,,343753.3445221875,134691.7662207836,17.443821015816127,0.6,0.6081732196438603,NONE
2026-02-10,12028.81,2.9153,0.8107491856677524,,344520.1748940428,134691.7662207836,17.443821015816127,0.6,0.6090453446965535,NONE
2026-02-11,12116.3,2.9083999999999994,0.8085314229892543,,346046.33479471656,134691.7662207836,17.443821015816127,0.6,0.610769562692562,NONE
2026-02-12,12077.48,2.9582,0.8196614583333334,,345369.16566288256,134691.7662207836,17.443821015816127,0.6,0.610006394281714,NONE
2026-02-13,11902.31,3.0349000000000004,0.8301334201106411,,342313.53153554205,134691.7662207836,17.443821015816127,0.6,0.6065251478181817,NONE
2026-02-24,12083.29,2.9802,0.8223812621990891,,345470.5142629845,134691.7662207836,17.443821015816127,0.6,0.6101208043524912,NONE
2026-02-25,12148.72,2.9723,0.8217886178861789,,346611.8634720493,134691.7662207836,17.443821015816127,0.6,0.6114046274366916,NONE
2026-02-26,12113.75,2.9921,0.8228218465539662,,346001.85305112624,134691.7662207836,17.443821015816127,0.6,0.6107195235139935,NONE
2026-02-27,12235.11,3.0301,0.8287292817679558,,348118.8351696057,134691.7662207836,17.443821015816127,0.6,0.613086818025342,NONE
2026-03-02,12400.03,2.9289,0.8138401559454191,0.8287292817679558,350995.6701315341,70199.13402630677,22.644827158097787,0.8,0.8,BUY
2026-03-03,12498.39,2.7844,0.779149074374797,,353223.0153308045,70199.13402630677,22.644827158097787,0.8,0.8012611551923845,NONE
2026-03-04,12296.93,2.8349,0.7899350649350649,,348660.9884515342,70199.13402630677,22.644827158097787,0.8,0.798660772637416,NONE
2026-03-05,12283.01,2.8479,0.7929243752028562,,348345.77245749347,70199.13402630677,22.644827158097787,0.8,0.7984785819817212,NONE
2026-03-06,12306.07,2.8642000000000003,0.7959117456197274,,348867.9621717592,70199.13402630677,22.644827158097787,0.8,0.7987802216365587,NONE
2026-03-09,12314.48,2.8152,0.7839766461239053,,349058.4051681588,70199.13402630677,22.644827158097787,0.8,0.7988900052629061,NONE
2026-03-10,12222.04,2.8912999999999998,0.8038261997405967,,346965.1173456643,70199.13402630677,22.644827158097787,0.8,0.7976766812659993,NONE
2026-03-11,12399.88,2.8376,0.7902755267423015,,350992.2734074603,70199.13402630677,22.644827158097787,0.8,0.7999980645020812,NONE
2026-03-12,12549.71,2.8092999999999995,0.7825664290343487,,354385.1478605581,70199.13402630677,22.644827158097787,0.8,0.8019128779800659,NONE
2026-03-13,12503.36,2.8109,0.7826368642695173,,353335.5601217804,70199.13402630677,22.644827158097787,0.8,0.801324457685176,NONE
2026-03-16,12414.97,2.798,0.780440414507772,,351333.9838492761,70199.13402630677,22.644827158097787,0.8,0.8001925880975336,NONE
2026-03-17,12322.82,2.7696,0.7733894464227905,,349247.2630266573,70199.13402630677,22.644827158097787,0.8,0.7989987568751581,NONE
2026-03-18,12249.16,2.7887000000000004,0.7773462783171521,,347579.2450581918,70199.13402630677,22.644827158097787,0.8,0.7980341604845997,NONE
2026-03-19,12177.32,2.7337000000000007,0.7641539954707215,,345952.4406751541,70199.13402630677,22.644827158097787,0.8,0.7970844377067915,NONE
2026-03-20,12121.58,2.7601,0.7700517464424321,,344690.21800936176,70199.13402630677,22.644827158097787,0.8,0.7963413802929558,NONE
2026-03-23,11813.9,2.8684000000000003,0.7972841901066925,,337722.85758935823,70199.13402630677,22.644827158097787,0.8,0.7921398198292433,NONE
2026-03-24,11995.89,2.8454,0.7921784098254686,,341843.98968386045,70199.13402630677,22.644827158097787,0.8,0.7946456976142029,NONE
2026-03-25,12025.27,2.8499,0.7935379644588045,,342509.2947057653,70199.13402630677,22.644827158097787,0.8,0.7950445867852675,NONE
2026-03-26,12030.64,2.8360000000000003,0.7890826873385013,,342630.8974276043,70199.13402630677,22.644827158097787,0.8,0.7951173272657368,NONE
2026-03-27,12059.75,2.8417000000000003,0.7904423635776558,,343290.08834617655,70199.13402630677,22.644827158097787,0.8,0.7955107461316583,NONE
2026-03-30,12171.18,2.8024999999999998,0.7805035506778567,,345813.4014364034,70199.13402630677,22.644827158097787,0.8,0.7970028525941419,NONE
2026-03-31,12029.08,2.7809,0.7747660535656663,,342595.57149723766,70199.13402630677,22.644827158097787,0.8,0.7950962012745317,NONE
2026-04-01,12036.23,2.7789,0.7741935483870968,0.7747660535656663,342757.4820114181,137102.9928045672,17.086287750138613,0.6,0.6000000000000001,SELL
2026-04-02,12064.34,2.7305,0.7600773943889068,,343237.77756007446,137102.9928045672,17.086287750138613,0.6,0.6005597234104832,NONE
2026-04-03,11864.39,2.7838,0.7753062540296582,,339821.37432443426,137102.9928045672,17.086287750138613,0.6,0.5965439399533702,NONE
2026-04-07,11924.35,2.7982000000000005,0.779568159845311,,340845.8681379326,137102.9928045672,17.086287750138613,0.6,0.5977566236798717,NONE
2026-04-08,12020.25,2.8275,0.7857603092783505,,342484.44313317083,137102.9928045672,17.086287750138613,0.6,0.5996811079934035,NONE
2026-04-09,11929.3,2.8341,0.7880837359098228,,340930.4452622958,137102.9928045672,17.086287750138613,0.6,0.5978564111542263,NONE
2026-04-10,11954.91,2.8545,0.7952350289761752,,341368.02509157686,137102.9928045672,17.086287750138613,0.6,0.5983718956460922,NONE
2026-04-13,11945.58,2.8635,0.7959446411329256,,341208.61002686806,137102.9928045672,17.086287750138613,0.6,0.5981842521682813,NONE
2026-04-14,11971.09,2.8520000000000003,0.7944015444015444,,341644.48122737405,137102.9928045672,17.086287750138613,0.6,0.5986968900770234,NONE
2026-04-15,12013.84,2.8282,0.7854615632036025,,342374.92002869246,137102.9928045672,17.086287750138613,0.6,0.5995530490578066,NONE
2026-04-16,12043.07,2.8361,0.7887459807073955,,342874.35221962904,137102.9928045672,17.086287750138613,0.6,0.6001363417327128,NONE
2026-04-17,11963.46,2.8899,0.8048858887817422,,341514.1128518405,137102.9928045672,17.086287750138613,0.6,0.5985436980636675,NONE
2026-04-20,11978.57,2.8061000000000007,0.7789203084832905,,341772.2866597451,137102.9928045672,17.086287750138613,0.6,0.5988469570060211,NONE
2026-04-21,12084.28,2.7984000000000004,0.7777063925473819,,343578.4781378122,137102.9928045672,17.086287750138613,0.6,0.6009558178740928,NONE
2026-04-22,12083.3,2.8416,0.789980732177264,,343561.7335758171,137102.9928045672,17.086287750138613,0.6,0.6009363692004094,NONE
2026-04-23,12144.11,2.797,0.7759229534510433,,344600.750733903,137102.9928045672,17.086287750138613,0.6,0.6021395991953696,NONE
2026-04-24,12133.64,2.7886,0.772785622593068,,344421.85730115906,137102.9928045672,17.086287750138613,0.6,0.6019329496714093,NONE
2026-04-27,12107.45,2.656,0.727943535450754,,343974.36742498295,137102.9928045672,17.086287750138613,0.6,0.6014150884819409,NONE
2026-04-28,12244.0,2.6194,0.7187299550994227,,346307.5000172644,137102.9928045672,17.086287750138613,0.6,0.6041004228966099,NONE
2026-04-29,12364.05,2.6338,0.7220262904777173,,348358.7088616685,137102.9928045672,17.086287750138613,0.6,0.6064315623037572,NONE
2026-04-30,12328.65,2.6034,0.7153846153846154,,347753.8542753136,137102.9928045672,17.086287750138613,0.6,0.6057470215814661,NONE
2026-05-06,12363.89,2.6213,0.7193207305350849,0.7153846153846154,348355.97505562846,139342.3900222514,16.905163749707988,0.6,0.6,SELL
2026-05-07,12164.95,2.6806,0.7376681614349776,,344992.8617792616,139342.3900222514,16.905163749707988,0.6,0.5961006575509742,NONE
2026-05-08,12123.91,2.6751,0.7348703170028819,,344299.07385897357,139342.3900222514,16.905163749707988,0.6,0.5952867707122365,NONE
2026-05-11,12177.15,2.6740000000000004,0.734314980793854,,345199.10477700806,139342.3900222514,16.905163749707988,0.6,0.5963419716506394,NONE
2026-05-12,12158.76,2.6770000000000005,0.73536,,344888.2188156509,139342.3900222514,16.905163749707988,0.6,0.5959781099489151,NONE
2026-05-13,12110.01,2.7447,0.7613563659628919,,344064.0920828526,139342.3900222514,16.905163749707988,0.6,0.5950103680430071,NONE
2026-05-14,12001.03,2.7227,0.7543971858010873,,342221.76733740943,139342.3900222514,16.905163749707988,0.6,0.5928301372926158,NONE
2026-05-15,11971.67,2.7208,0.7528772378516624,,341725.431729718,139342.3900222514,16.905163749707988,0.6,0.5922387475906039,NONE
2026-05-18,11916.51,2.7446,0.7612655800575263,,340792.94289728417,139342.3900222514,16.905163749707988,0.6,0.5911230178723226,NONE
2026-05-19,11933.71,2.7552000000000003,0.7638977635782748,,341083.71171377914,139342.3900222514,16.905163749707988,0.6,0.5914715794485642,NONE
2026-05-20,11896.07,2.7918000000000003,0.7757904822740339,,340447.4013502401,139342.3900222514,16.905163749707988,0.6,0.5907080228264073,NONE
2026-05-21,11715.36,2.8013000000000003,0.7787356321839081,,337392.4692090304,139342.3900222514,16.905163749707988,0.6,0.5870020740269627,NONE
2026-05-22,11695.25,2.8036000000000003,0.7797638046600702,,337052.5063660238,139342.3900222514,16.905163749707988,0.6,0.5865855100008308,NONE
2026-05-25,11756.21,2.8187,0.7833439693682195,,338083.04514820594,139342.3900222514,16.905163749707988,0.6,0.5878456727660871,NONE
2026-05-26,11766.83,2.8131000000000004,0.7818181818181819,,338262.5779872278,139342.3900222514,16.905163749707988,0.6,0.5880644236457256,NONE
2026-05-27,11666.68,2.8624,0.7971938775510204,,336569.52583769464,139342.3900222514,16.905163749707988,0.6,0.5859922562048975,NONE
2026-05-28,11646.8,2.8989,0.8080969078737648,,336233.4511823504,139342.3900222514,16.905163749707988,0.6,0.5855784439880687,NONE
2026-05-29,11797.2,2.8577,0.7960484384958573,,338775.9878103065,139342.3900222514,16.905163749707988,0.6,0.5886887057052151,NONE
2026-06-01,12111.54,2.7995,0.7769990442816184,0.7960484384958573,344089.9569833897,137635.9827933559,17.04605477008157,0.6,0.5999999999999999,BUY
2026-06-02,12074.41,2.797400000000001,0.7751592356687899,,343457.0369697765,137635.9827933559,17.04605477008157,0.6,0.5992628830444736,NONE
2026-06-03,12070.01,2.7972,0.7749124482648838,,343382.03432878817,137635.9827933559,17.04605477008157,0.6,0.5991753527164165,NONE
2026-06-04,12017.23,2.8323,0.7873965626989179,,342482.3435580233,137635.9827933559,17.04605477008157,0.6,0.5981223984761782,NONE
2026-06-05,12026.09,2.7888,0.7715558383709832,,342633.37160328624,137635.9827933559,17.04605477008157,0.6,0.5982995405575495,NONE
2026-06-08,11922.75,2.7083000000000004,0.7433206106870229,,340871.83230334596,137635.9827933559,17.04605477008157,0.6,0.5962236543180488,NONE
2026-06-09,11915.02,2.722,0.7500794912559618,,340740.0662999733,137635.9827933559,17.04605477008157,0.6,0.5960675118487916,NONE
2026-06-10,11842.74,2.6895999999999995,0.7364907819453274,,339507.9774611917,137635.9827933559,17.04605477008157,0.6,0.5946016237303623,NONE
2026-06-11,11801.99,2.6829,0.7340324118207817,,338813.3507293109,137635.9827933559,17.04605477008157,0.6,0.5937704860298797,NONE
2026-06-12,11982.76,2.5626,0.6975857687420585,,341894.7660500986,137635.9827933559,17.04605477008157,0.6,0.5974317349649401,NONE
2026-06-15,11863.66,2.6400999999999994,0.718323277230867,,339864.5809269819,137635.9827933559,17.04605477008157,0.6,0.5950269886377884,NONE
2026-06-16,11660.07,2.7234,0.7514285714285714,,336394.17463634093,137635.9827933559,17.04605477008157,0.6,0.5908490896367413,NONE
2026-06-17,11551.09,2.7652,0.7645192002538876,,334536.4955874975,137635.9827933559,17.04605477008157,0.6,0.5885770772135159,NONE
2026-06-18,11316.87,2.8582,0.7969543147208121,,330543.968639249,137635.9827933559,17.04605477008157,0.6,0.5836076411862474,NONE
2026-06-22,11437.51,2.793200000000001,0.7738661592134475,,332600.4046867116,137635.9827933559,17.04605477008157,0.6,0.5861821547601535,NONE
2026-06-23,11372.29,2.7708,0.7660114140773621,,331488.6609946069,137635.9827933559,17.04605477008157,0.6,0.584794296189832,NONE
2026-06-24,11209.8,2.8679,0.8,,328718.8475550163,137635.9827933559,17.04605477008157,0.6,0.5812957370193982,NONE
2026-06-25,11074.27,2.5134,0.6863117870722434,,326408.5957520272,137635.9827933559,17.04605477008157,0.6,0.5783322357787475,NONE
2026-06-26,10863.39,2.9038000000000004,0.809946151409566,,322813.9237221123,137635.9827933559,17.04605477008157,0.6,0.5736367836728227,NONE
2026-06-29,10943.04,2.8627,0.7976567447751741,,324171.64198454935,137635.9827933559,17.04605477008157,0.6,0.5754225078086384,NONE
2026-06-30,10737.09,2.9484,0.8198797087685976,,320661.00700465107,137635.9827933559,17.04605477008157,0.6,0.5707741827450833,NONE
2026-07-01,10920.41,2.9108,0.8126582278481013,0.8198797087685976,323785.8897651024,64757.177953020466,23.719687430424493,0.8,0.7999999999999999,BUY
2026-07-02,11024.15,2.9058,0.8101866497943688,,326246.57013913465,64757.177953020466,23.719687430424493,0.8,0.8015084789231548,NONE
2026-07-03,11141.63,2.8823,0.803921568627451,,329033.1590184609,64757.177953020466,23.719687430424493,0.8,0.8031895078714932,NONE
2026-07-06,11372.2,2.8121,0.7793234271261461,,334502.20734929387,64757.177953020466,23.719687430424493,0.8,0.8064073224921959,NONE
2026-07-07,11213.46,2.5515,0.6912136536030341,,330736.94416658825,64757.177953020466,23.719687430424493,0.8,0.8042033734205302,NONE
2026-07-08,11276.44,2.5234,0.6865718799368088,,332230.81008095643,64757.177953020466,23.719687430424493,0.8,0.8050837671038374,NONE
2026-07-09,11138.61,2.5512,0.6910928616550853,,328961.52556242107,64757.177953020466,23.719687430424493,0.8,0.8031466511401112,NONE
2026-07-10,11129.62,2.6703,0.7252920745184718,,328748.2855724215,64757.177953020466,23.719687430424493,0.8,0.8030189637635242,NONE
2026-07-13,11173.97,2.7718,0.764520202020202,,329800.25370996085,64757.177953020466,23.719687430424493,0.8,0.8036472767241396,NONE
2026-07-14,11409.1,2.7284000000000006,0.7500788892395077,,335377.4638154765,64757.177953020466,23.719687430424493,0.8,0.8069125539435482,NONE
2026-07-15,11568.99,2.6963,0.7362776025236593,,339170.0046387272,64757.177953020466,23.719687430424493,0.8,0.8090716246503056,NONE
2026-07-16,11455.85,2.7456,0.7562283191422264,,336486.35920284886,64757.177953020466,23.719687430424493,0.8,0.8075488762562825,NONE
2026-07-17,11385.01,2.675,0.7260403530895334,,334806.0565452776,64757.177953020466,23.719687430424493,0.8,0.8065830151902793,NONE
2026-07-20,11748.64,2.5251,0.6857863220926568,,343431.2464856028,64757.177953020466,23.719687430424493,0.8,0.8114406344335499,NONE
2026-07-21,11621.15,2.6185,0.7076244486452425,,340407.223535098,64757.177953020466,23.719687430424493,0.8,0.8097655587900778,NONE
2026-07-22,11760.66,2.568,0.694488188976378,,343716.35712851654,64757.177953020466,23.719687430424493,0.8,0.8115970432887849,NONE
2026-07-23,11875.2,2.5399000000000003,0.6876574307304786,,346433.21012679744,64757.177953020466,23.719687430424493,0.8,0.8130745665829242,NONE
2026-07-24,11666.9,2.5504999999999995,0.6893295561850803,,341492.39923503995,64757.177953020466,23.719687430424493,0.8,0.8103700752986603,NONE
2026-07-27,11731.04,2.5354,0.6869100062932662,,343013.7799868274,64757.177953020466,23.719687430424493,0.8,0.8112111473903256,NONE
2026-07-28,11744.58,2.4831000000000003,0.6775715633847121,,343334.9445546353,64757.177953020466,23.719687430424493,0.8,0.8113877454652288,NONE
2026-07-29,11919.96,2.4951,0.6789308176100629,,347494.90333618317,64757.177953020466,23.719687430424493,0.8,0.8136456755730566,NONE
2026-07-30,12059.12,2.4626,0.6743162527507073,,350795.7350390011,64757.177953020466,23.719687430424493,0.8,0.8153991868064734,NONE
2026-07-31,12041.68,2.5295,0.6857322438717788,,350382.06369021453,64757.177953020466,23.719687430424493,0.8,0.8151812416680249,NONE
2026-08-03,12000.51,2.5410000000000004,0.6886584982720704,0.6857322438717788,349405.5241587039,139762.20966348157,17.469533752750703,0.6,0.6,SELL
